Evaluations,Fitness
125,15.519407
250,15.506802
750,9.324028
875,5.490162
1375,4.220643
1875,3.180910
3000,2.985186
3250,2.077976
5250,1.992616
5750,1.992047
6125,1.812550
6250,1.234548
6500,0.998283
7000,0.998173
7750,0.998042
8125,0.998004
9000,0.998004
9500,0.998004
9750,0.998004
9875,0.998004
10375,0.998004
10750,0.998004
11375,0.998004
11500,0.998004
11875,0.998004
12875,0.998004
13250,0.998004
14000,0.998004
14625,0.998004
14875,0.998004
