Evaluations,Fitness
1,-0.818882
3,-1.459119
6,-1.878631
15,-1.881352
25,-2.523379
42,-2.901547
52,-3.023114
116,-3.219545
182,-3.219870
240,-3.289368
278,-3.626186
310,-3.636661
398,-3.681790
449,-3.836824
629,-3.845569
697,-3.851693
945,-3.852158
1126,-3.852163
1441,-3.855393
1615,-3.859954
1801,-3.861465
2121,-3.861695
2185,-3.862713
2433,-3.862734
2911,-3.862747
2990,-3.862757
3360,-3.862762
3732,-3.862764
3857,-3.862764
4301,-3.862777
4975,-3.862778
5027,-3.862779
5045,-3.862780
5275,-3.862781
5276,-3.862781
5585,-3.862781
5771,-3.862781
5957,-3.862781
6254,-3.862781
6329,-3.862781
6589,-3.862782
6626,-3.862782
6887,-3.862782
7072,-3.862782
7275,-3.862782
7748,-3.862782
7984,-3.862782
7990,-3.862782
8869,-3.862782
8980,-3.862782
9223,-3.862782
9303,-3.862782
9473,-3.862782
9724,-3.862782
9937,-3.862782
10080,-3.862782
10271,-3.862782
10595,-3.862782
10717,-3.862782
10853,-3.862782
10891,-3.862782
11883,-3.862782
12558,-3.862782
13673,-3.862782
14611,-3.862782
