Evaluations,Fitness
1,17030058111.013065
7,930862.021385
10,909060.139100
12,366470.761995
55,91430.306658
80,31444.483835
88,846.631400
205,600.000000
270,287.428918
308,92.103005
2350,86.737288
2979,84.915363
5486,84.903658
5751,84.396093
9075,84.264355
9344,84.003061
11590,84.000640
