Evaluations,Fitness
1,21.26626509099842
4,21.234062905794534
5,21.011785344771997
1217,20.887869849124954
1851,20.88587883689666
2217,20.740130412580356
3310,20.710531047060307
5567,20.597146251358254
5873,20.46054217485751
8519,20.42521160949873
9306,20.1637145629733
