Evaluations,Fitness
1,5730822.598269
2,2435639.082009
4,1614935.355090
5,1479664.616896
6,676518.498033
42,478964.336684
227,324766.616294
866,284976.153750
1312,235798.270727
4848,229250.518208
5701,205378.836542
7349,162433.830886
