Evaluations,Fitness
125,20.783884
500,20.649739
1000,20.604206
1250,20.355825
4250,20.309833
6000,20.172843
6500,19.938130
7500,19.886749
9375,19.750231
9750,19.652105
9875,19.482806
11625,19.361897
12250,19.232371
13628,19.145098
