Evaluations,Fitness
1,2691.395529
2,2652.895170
11,2545.805938
18,2542.360859
21,2512.997891
29,2422.574489
34,2340.316478
43,1889.546508
94,1877.902571
377,1831.487608
736,1732.287344
754,1595.533856
1032,1211.412597
2456,1154.928008
2543,1094.101312
3165,933.364795
3177,761.105711
3746,738.180628
4059,717.703648
4825,703.877117
5066,670.432019
5534,666.029001
5601,638.709328
5814,637.088889
6189,606.183319
6711,526.053344
6795,518.875099
6852,451.162786
8477,432.875856
9302,422.836330
9341,411.441202
9586,397.358191
9854,338.950663
11596,338.309785
12227,331.115509
12388,257.979573
15078,256.637662
