Evaluations,Fitness
125,1.882624
250,0.603565
500,0.582055
625,0.547555
750,0.436730
1125,0.409455
1375,0.398319
1500,0.398266
2750,0.398034
3000,0.397902
3500,0.397890
3625,0.397889
4125,0.397888
4375,0.397888
4500,0.397888
4625,0.397888
4750,0.397887
4875,0.397887
5500,0.397887
5625,0.397887
5750,0.397887
6000,0.397887
6625,0.397887
7000,0.397887
7625,0.397887
8125,0.397887
8375,0.397887
8625,0.397887
9000,0.397887
