Evaluations,Fitness
1,2043.6217995342322
2,1728.3979286150065
7,1640.2378273255586
8,1568.9369867603816
18,1360.953565932585
33,1332.316374611976
53,1325.572249038462
529,1279.5831150408078
958,1262.418449118901
1259,1241.782474683854
1702,1211.628669233812
1766,1166.526061266895
2306,1139.4274123412474
2384,1055.8938977506136
3107,1018.800259528169
3537,1001.8361092970199
4804,811.6122526393324
6622,677.0612906648504
9624,582.9038004662568
13550,522.0766837538454
