Evaluations,Fitness
1,20.955141
62,20.884458
186,20.876751
358,20.866880
434,20.846983
544,20.836946
620,20.831126
667,20.808439
730,20.769364
978,20.766341
1102,20.756184
1155,20.714470
1218,20.668918
1301,20.614446
1425,20.567410
1428,20.509748
1550,20.502503
1614,20.496735
1738,20.430256
1797,20.412083
1862,20.398743
1922,20.353738
1924,20.347404
1986,20.329976
2110,20.316324
2172,20.294559
2234,20.257847
3036,20.248497
3040,20.248187
3102,20.160507
3164,20.150794
3350,20.118051
3779,20.118038
3908,20.101468
4032,20.081892
4156,20.058812
4590,19.998005
4714,19.971770
4838,19.959973
4962,19.927726
5022,19.892473
5210,19.831341
5396,19.739890
5458,19.735686
5520,19.734311
5706,19.724182
5954,19.692113
6012,19.685569
6262,19.682256
6634,19.674432
6757,19.648612
6884,19.630424
6946,19.570505
7070,19.567016
7256,19.510980
7938,19.499193
8062,19.496812
8124,19.487215
8372,19.459819
8496,19.400301
8617,19.364903
8744,19.351189
9178,19.344866
9488,19.337708
9609,19.303972
9673,19.259134
9733,19.258641
9798,19.234139
9922,19.213979
9984,19.181666
10107,19.149212
10170,19.050079
10350,19.032209
10476,19.018958
10601,19.017532
10724,19.012877
11100,18.989419
11162,18.984478
11348,18.697058
11596,18.695632
11782,18.686194
11962,18.678092
12089,18.677708
12278,18.676963
12464,18.673326
12526,18.621608
12774,18.572090
12836,18.456802
12955,18.432155
13084,18.384696
13205,18.322723
13327,18.319505
13452,18.276479
13518,18.242600
13577,18.179776
13580,18.155093
13828,18.125094
13952,18.120363
14014,18.105029
14262,17.990527
14696,17.981288
