"Evaluations","Fitness"
1,1685935.41120709
2,1653553.66313294
5,695574.139167121
10,553497.074394641
510,551670.106957491
1772,537787.10483816
2150,529707.147283801
2650,526537.253803758
3406,523209.437455967
3906,513884.947961592
4406,487394.211618894
7570,484066.07099856
8326,482249.458350974
10341,481430.222062553
10811,467560.479170493
12494,448757.930416663
