Evaluations,Fitness
1,6233848.994314
2,4872197.192090
5,4211548.249999
339,4046377.407928
786,4011780.280734
1682,3837234.789894
1935,3409892.171761
2760,3228487.896466
2868,3161791.418599
2973,2767199.819400
4885,2645912.566007
5424,2575367.915211
6102,2527323.082845
6116,2414335.272315
6131,2101489.635347
10055,2059976.682275
10380,1826209.035425
11130,1751420.518194
11201,1718607.261274
13020,1717377.683403
13981,1235543.130106
