Evaluations,Fitness
1,306346.903982
2,226626.710767
23,199524.636724
85,197297.102215
182,191175.415764
433,190962.038283
581,190744.033352
829,190558.602782
886,189771.547830
953,187533.135327
1007,187520.513070
1051,185683.447124
1133,185088.448230
1252,184912.327982
1257,183657.786686
1279,176265.420894
1405,176265.088756
1500,170561.837123
1566,169899.548143
1622,165200.670378
1690,164975.736673
1794,163616.205531
1814,161978.080560
2151,161885.960258
2156,161619.160669
2186,161180.269143
2408,159145.251884
2558,159046.354158
2616,157441.264746
2782,157122.044946
2786,152956.652207
2813,152762.237487
2863,152022.539773
2930,151416.380895
3155,150792.517199
3178,150618.655833
3240,150488.721210
3282,147279.184277
3302,146728.154192
3309,143390.916846
3433,141583.106835
3489,140077.384375
3525,137509.121051
3613,137122.099874
3655,136598.836320
3735,135844.270237
3929,132120.018761
4301,129117.050627
4396,128674.327424
4481,117322.074638
4797,117116.283838
4895,110899.980307
5007,110869.087204
5045,110803.273030
5169,110212.158511
5221,103846.890217
5345,103678.578437
5472,99741.316894
5594,99190.341985
5665,98695.874641
5718,98690.639873
5752,96040.918545
5845,96011.324693
5962,95990.339841
6161,95980.448274
6216,95960.820644
6337,89818.874739
6372,89657.194224
6458,88310.251148
6533,88290.184899
6905,88056.350331
7083,87880.486226
7200,87877.577248
7277,87867.136295
7332,86974.655306
7401,86930.698403
7525,86440.570539
7611,86367.166396
7649,85889.042464
7897,84503.650785
8021,84497.515813
8196,84192.198153
8350,84191.772513
8393,83984.514303
8817,83937.408907
9114,81568.185511
9137,81294.453978
9187,78563.085458
9227,78558.253490
9261,78355.869014
9601,78027.045544
9685,78006.412116
9881,77998.207620
10005,76743.879558
10088,76285.933750
10430,76285.864728
10749,74852.536670
10922,74849.771775
11209,74023.359022
11245,73008.254820
11298,72776.396792
11330,72210.538260
11493,72016.291504
11707,71874.524589
11793,70514.236216
12068,70512.886552
12113,59413.935833
12237,59233.550671
12319,57116.908998
12448,55983.885287
12538,55982.739241
12609,55927.440556
12694,55919.081891
12733,55616.640603
12857,55612.088587
12912,55612.027960
12981,55438.920444
13105,52920.765272
13159,52588.856491
13432,52579.312711
13477,52129.606771
13558,50635.796299
13601,50635.568691
13694,50629.389099
13950,48484.452297
13973,47290.369508
14058,47254.486066
14345,47242.208331
14397,47236.453642
14563,46960.494755
14670,46929.399616
