Evaluations,Fitness
1,6116810.914107
3,5028292.100068
21,4223835.681373
98,4173563.558109
580,4064188.178589
908,4051261.151230
1138,4018085.214080
1159,2880305.271736
3277,2805705.760224
3391,2788337.723076
3668,2718692.686345
3785,2486404.946488
4073,2396824.400955
4772,2396236.660982
5147,2275295.972519
5160,2075320.272820
6013,1827988.502385
7638,1810252.963807
7841,1697129.059843
7888,1568249.363469
9100,1511272.483730
9219,1400439.276688
11158,1365798.279493
11567,1204637.992367
