Evaluations,Fitness
1,878005.592908
47,851004.804844
81,740069.871839
211,633091.045573
302,351880.832482
4577,242170.655193
10631,230519.445742
