Evaluations,Fitness
125,575078.276366
750,551588.694904
875,517903.441862
1000,446451.816271
1875,399685.559728
4000,309891.649931
9000,180241.555223
