Evaluations,Fitness
1,499.997459
2,499.997294
4,499.923164
5,499.777553
9,498.192527
17,496.609180
18,490.513165
19,485.425166
20,459.328158
28,428.403748
35,28.303824
53,23.811277
107,19.328097
274,3.707181
282,2.510952
289,1.614124
517,1.000411
9984,0.999070
