Evaluations,Fitness
1,-2.281092
16,-3.327476
25,-3.773054
211,-3.779724
263,-3.794248
335,-3.834475
459,-3.841594
494,-3.857479
535,-3.857935
742,-3.860377
1035,-3.861020
1145,-3.861181
1283,-3.861593
1414,-3.861875
1610,-3.861999
1734,-3.862256
2289,-3.862640
2357,-3.862649
2511,-3.862672
2633,-3.862675
2700,-3.862740
2824,-3.862747
2853,-3.862757
3101,-3.862759
3659,-3.862763
4093,-3.862773
4113,-3.862775
4403,-3.862777
4521,-3.862778
4527,-3.862780
4644,-3.862780
4797,-3.862782
4981,-3.862782
5705,-3.862782
6077,-3.862782
6449,-3.862782
6573,-3.862782
6629,-3.862782
6866,-3.862782
6990,-3.862782
7219,-3.862782
7237,-3.862782
7536,-3.862782
7660,-3.862782
7734,-3.862782
8106,-3.862782
8238,-3.862782
8988,-3.862782
9475,-3.862782
9735,-3.862782
10022,-3.862782
10117,-3.862782
10301,-3.862782
10417,-3.862782
10719,-3.862782
10844,-3.862782
11338,-3.862782
11347,-3.862782
12107,-3.862782
12165,-3.862782
12355,-3.862782
12537,-3.862782
13099,-3.862782
13471,-3.862782
13595,-3.862782
13901,-3.862782
14821,-3.862782
