Evaluations,Fitness
125,1113.464637
875,1043.466488
1750,1043.387461
1875,984.488161
2375,970.974000
2500,943.686579
2750,921.341758
3250,887.869548
3625,820.955957
3875,773.057740
5875,766.822752
6125,764.066595
6750,711.558533
7250,664.222946
9500,648.632432
9625,543.928041
