Evaluations,Fitness
1,50.566665
2,6.037279
12,3.299959
18,2.989072
22,0.454485
305,0.438091
756,0.415230
1287,0.414712
1927,0.398071
4186,0.397893
11107,0.397888
14265,0.397888
