Evaluations,Fitness
1,1.25793e+09
2,9.4006e+08
3,8.53647e+08
7,8.21545e+08
14,6.77066e+08
29,6.36256e+08
43,5.90717e+08
168,5.90667e+08
270,5.90666e+08
668,5.85383e+08
851,5.55497e+08
904,5.53521e+08
1080,5.40484e+08
1154,5.40421e+08
1404,5.36482e+08
1767,5.02998e+08
1814,5.00156e+08
1904,4.70756e+08
2074,4.66216e+08
2154,4.63444e+08
2456,4.47751e+08
2706,4.47478e+08
2786,4.45782e+08
2956,4.40127e+08
3206,4.35065e+08
3456,4.29216e+08
4050,4.29216e+08
4064,4.16327e+08
4065,3.91454e+08
4308,3.91401e+08
4580,3.90653e+08
4824,3.84096e+08
5099,3.82865e+08
5206,3.79249e+08
5361,3.79216e+08
5456,3.73266e+08
5599,3.64397e+08
5808,3.64e+08
6501,3.59132e+08
6605,3.46277e+08
6706,3.46276e+08
6872,3.46087e+08
6956,3.45949e+08
7021,3.44372e+08
7338,3.33475e+08
7511,3.05604e+08
7970,3.05581e+08
8005,3.04234e+08
8066,3.04112e+08
8096,3.00268e+08
8470,2.93156e+08
8546,2.92534e+08
8865,2.92318e+08
9121,2.89633e+08
9220,2.7833e+08
9314,2.78316e+08
9470,2.78228e+08
9521,2.78179e+08
9522,2.78144e+08
10253,2.75303e+08
10268,2.72973e+08
10343,2.67033e+08
10501,2.66955e+08
10518,2.65449e+08
10797,2.65152e+08
10840,2.64995e+08
10951,2.64967e+08
11042,2.64667e+08
11072,2.55264e+08
11105,2.55205e+08
11451,2.42923e+08
11515,2.42921e+08
11551,2.42711e+08
11701,2.42608e+08
11775,2.41554e+08
12049,2.41337e+08
12201,2.41142e+08
12451,2.41097e+08
12536,2.40975e+08
12848,2.32973e+08
12951,1.84839e+08
13305,1.84835e+08
13346,1.84769e+08
13504,1.8472e+08
13581,1.84515e+08
13701,1.84481e+08
13772,1.84476e+08
13803,1.79662e+08
14018,1.79662e+08
14096,1.79277e+08
14201,1.79221e+08
14518,1.7922e+08
14577,1.79216e+08
14578,1.79209e+08
14580,1.79198e+08
14587,1.79171e+08
14812,1.78454e+08
