Evaluations,Fitness
1,2046.144019
2,1465.534938
18,1389.916149
96,1365.330376
118,1291.916413
694,1209.269431
1037,1196.041838
1109,1129.088355
2025,855.244613
4315,841.920969
4548,820.448519
5471,793.117339
5771,780.221263
6379,735.615091
7204,703.687374
8637,673.112670
8818,651.481484
9163,642.176930
9693,559.429023
10842,540.796169
11523,504.586993
