Evaluations,Fitness
125,317834.566759
750,298603.636961
1750,190543.609830
11750,183930.346203
