Evaluations,Fitness
1,1455.649996
3,1393.345157
10,1336.867521
21,1293.432846
49,1232.735923
168,1225.066642
289,1220.785380
534,1210.810342
597,1197.104402
653,1189.550840
776,1186.818998
845,1175.734706
1093,1169.429135
1217,1163.086145
1271,1148.484251
1341,1133.800518
1920,1133.326531
2020,1131.542835
2056,1124.506453
2156,1120.196702
2169,1107.644241
2180,1079.591600
2242,1075.898276
2366,1075.863621
2415,1075.370139
2428,1071.341038
2490,1066.672240
2552,1057.421463
2614,1053.352933
2787,1047.639407
2924,1040.201521
3172,1039.103630
3275,1029.164351
3353,1017.982144
3405,1006.496739
3533,1001.647290
3600,966.803447
3663,942.336877
3723,941.670601
3787,938.569974
3973,936.646949
4096,927.844813
4265,912.316568
4394,886.735220
4407,881.436865
4469,876.514075
4592,872.427866
4655,871.663747
4908,869.740012
4970,866.628754
5089,861.405125
5140,830.973233
5381,820.031883
5399,819.981952
5757,812.569218
5956,793.049992
6019,792.723648
6129,787.500334
6205,786.916412
6329,781.206002
6333,756.303742
6386,756.269514
6456,737.357472
6580,726.694116
6828,726.154233
6892,668.871808
7077,664.902010
7121,664.887857
7140,664.134853
7264,646.497623
7323,628.917376
7512,626.696457
7573,626.503657
7693,616.845461
7819,615.745069
8008,606.402440
8110,602.655572
8348,599.744390
8480,587.877400
8731,586.318921
8934,575.652340
9058,572.463895
9090,564.083570
9230,540.470510
9372,531.526251
9744,531.445241
9804,529.723630
10173,523.173301
10218,518.983824
10342,510.141377
10588,505.679675
10921,503.553148
10959,498.015734
11046,484.784436
11329,471.359348
11360,470.864476
11461,461.733894
11544,453.491738
11666,444.621879
11732,443.449605
12724,443.430847
12945,439.496683
12972,439.430509
13155,431.724514
13316,422.495699
13403,422.388058
13527,421.716814
13897,421.071936
13936,418.364764
14088,405.843908
14805,401.654412
