Evaluations,Fitness
1,1017716364.6101094
2,883976222.1108663
3,814636683.0431263
12,651779863.1584203
16,646698217.6907909
52,620547581.5584314
54,551973206.6952308
2259,534114217.4932427
3373,521281482.59139454
4276,492160306.3740534
5179,463586228.41859335
5907,426827494.7504744
8113,370075409.4168985
9398,367494084.5308394
9868,361772985.58377093
12305,273116826.5043166
