Evaluations,Fitness
1,-1.99709334e-01
2,-3.38064701e+00
5,-3.78456041e+00
286,-3.78830535e+00
417,-3.82536446e+00
783,-3.83285713e+00
896,-3.84521352e+00
1147,-3.84542608e+00
1160,-3.85769695e+00
1307,-3.85770346e+00
1540,-3.85771130e+00
1679,-3.85784644e+00
1738,-3.86145206e+00
1968,-3.86151486e+00
2234,-3.86201048e+00
2419,-3.86260167e+00
2481,-3.86264949e+00
2655,-3.86265065e+00
2729,-3.86272925e+00
3151,-3.86273946e+00
3350,-3.86274791e+00
3606,-3.86275149e+00
3671,-3.86275158e+00
3732,-3.86276024e+00
4013,-3.86277250e+00
4041,-3.86277864e+00
4342,-3.86278186e+00
4528,-3.86278186e+00
4900,-3.86278186e+00
5148,-3.86278187e+00
5520,-3.86278187e+00
5582,-3.86278187e+00
5590,-3.86278206e+00
5715,-3.86278207e+00
5961,-3.86278208e+00
6645,-3.86278208e+00
6758,-3.86278209e+00
6769,-3.86278209e+00
6828,-3.86278212e+00
7254,-3.86278213e+00
7376,-3.86278213e+00
7378,-3.86278214e+00
7574,-3.86278214e+00
7947,-3.86278214e+00
8178,-3.86278214e+00
8992,-3.86278214e+00
9116,-3.86278214e+00
9239,-3.86278215e+00
9352,-3.86278215e+00
9552,-3.86278215e+00
9731,-3.86278215e+00
9987,-3.86278215e+00
10175,-3.86278215e+00
10226,-3.86278215e+00
10352,-3.86278215e+00
10491,-3.86278215e+00
10800,-3.86278215e+00
10925,-3.86278215e+00
11218,-3.86278215e+00
11221,-3.86278215e+00
11286,-3.86278215e+00
11348,-3.86278215e+00
11426,-3.86278215e+00
11672,-3.86278215e+00
12281,-3.86278215e+00
12467,-3.86278215e+00
12591,-3.86278215e+00
13769,-3.86278215e+00
14415,-3.86278215e+00
14481,-3.86278215e+00
14560,-3.86278215e+00
