Evaluations,Fitness
125,1879.370380
750,1859.727782
875,1633.738844
1000,1547.283603
1500,1384.270888
2000,1374.662459
2125,962.307402
3125,945.567876
3375,920.760740
3625,793.614024
3875,775.029553
4375,680.333913
4875,645.724391
5125,499.444955
7125,479.810557
7250,446.537523
7625,393.530921
9375,369.375412
9750,356.466888
10125,327.054715
10375,311.036325
11125,296.338197
11875,295.679459
12250,225.773071
