Evaluations,Fitness
1,21.297658
15,21.218813
44,20.841197
1294,20.724159
3319,20.393665
4894,20.318464
7766,20.270784
11997,20.164303
