Evaluations,Fitness
125,350909.918973
1125,331905.934744
2000,328744.135959
2375,290228.853223
2875,241818.283335
4875,224759.866521
7000,219684.955157
8000,204336.242497
8750,171369.256385
