Evaluations,Fitness
1,1.43942223e+03
5,1.34161659e+03
23,1.33395069e+03
24,1.27863092e+03
46,1.16427726e+03
108,1.14507898e+03
281,1.11336961e+03
528,1.09222907e+03
604,1.08883180e+03
976,1.08323948e+03
1151,1.08241019e+03
1276,1.05722162e+03
1472,1.05610343e+03
1646,1.03702822e+03
1771,1.02287444e+03
1896,1.00210263e+03
2022,9.84041527e+02
2140,9.78549428e+02
2269,9.65000623e+02
2464,9.44745424e+02
2641,9.39074631e+02
2712,9.31606077e+02
3456,9.31334783e+02
3635,9.12374975e+02
3758,8.97701598e+02
3828,8.93083416e+02
3952,8.88261657e+02
4127,8.80126944e+02
4378,8.78559590e+02
4497,8.75216571e+02
4572,8.74131977e+02
4696,8.73151917e+02
4752,8.71799377e+02
4874,8.61683764e+02
4996,8.48847289e+02
5440,8.25876321e+02
5764,8.19975850e+02
5838,8.19974891e+02
5882,8.19811637e+02
5895,8.07416388e+02
6267,8.07336166e+02
6273,7.99124025e+02
6329,7.96436061e+02
6334,7.96379068e+02
6383,7.95138376e+02
6397,7.81703677e+02
6577,7.76098489e+02
6639,7.75190244e+02
6875,7.63512334e+02
6887,7.62087079e+02
6949,7.54204358e+02
7116,7.04973789e+02
7241,6.86953414e+02
7259,6.86789946e+02
7487,6.85984243e+02
7755,6.69624072e+02
7816,6.53893641e+02
7865,6.40559465e+02
8064,6.31599004e+02
8127,6.29086004e+02
8375,6.27902954e+02
8871,6.18761471e+02
8995,6.10204306e+02
9350,6.07720687e+02
9367,6.04575339e+02
9491,6.04403396e+02
9551,5.95352877e+02
9597,5.93136521e+02
9677,5.89989880e+02
9863,5.88369453e+02
9977,5.87736161e+02
10172,5.82210540e+02
10215,5.77913788e+02
10483,5.73703728e+02
10709,5.72158974e+02
10838,5.70205473e+02
11103,5.55563196e+02
11207,5.49772578e+02
11354,5.45991253e+02
11954,5.43672526e+02
12036,5.35725156e+02
12204,5.15689772e+02
12222,5.15438634e+02
12283,5.06751247e+02
12346,5.04893652e+02
12470,5.01932220e+02
12700,4.95332574e+02
12952,4.94479442e+02
12966,4.90307810e+02
13071,4.74268224e+02
13190,4.70279906e+02
13275,4.59740458e+02
13338,4.52825752e+02
13774,4.51307594e+02
13836,4.47594134e+02
13896,4.39479763e+02
14144,4.28607257e+02
14515,4.17366145e+02
14554,4.15247275e+02
14578,4.15236229e+02
14702,4.15185686e+02
14929,4.05635985e+02
