Evaluations,Fitness
1,116.315
2,1.38044
16,1.06193
20,0.471031
928,0.426877
1082,0.423144
1330,0.400581
2412,0.400145
3769,0.399561
3891,0.398834
5571,0.398394
6199,0.398315
6377,0.398087
6768,0.397914
6891,0.39789
10141,0.39789
10568,0.397888
11311,0.397888
13353,0.397888
14252,0.397887
14627,0.397887
