Evaluations,Fitness
1,21.480820
2,21.267242
10,21.186917
17,21.170659
30,21.108054
39,21.076376
485,20.950235
2917,20.943015
3742,20.812856
5225,20.492609
7314,20.381663
9500,20.202676
10321,19.879340
