Evaluations,Fitness
1,1251.912421
67,1218.340905
202,1148.357985
867,1124.269981
992,1067.282581
1640,945.297262
2253,903.886973
3272,891.323912
3801,876.569362
3926,840.823543
3981,803.389921
4697,797.665656
4784,770.231298
5527,756.888489
5627,754.872899
5861,698.142456
6661,687.005978
7466,685.965381
8870,652.456692
9121,649.304452
11410,639.820768
14079,633.427558
