Evaluations,Fitness
1,5395655.118850
7,5089437.189169
9,4626151.852132
79,4570358.557011
102,4454650.253307
125,4356422.246193
250,4255645.705458
252,4158039.384653
1053,3550002.809805
1546,3223047.679856
2800,3168195.589507
3153,2927721.272745
4095,2757885.712242
5315,2712314.534428
5337,2528165.183325
6149,1937582.413363
7154,1766428.348596
