Evaluations,Fitness
125,496528.425983
250,340463.836838
625,264481.838146
1375,258543.110225
2125,240176.093767
2375,222844.910778
2500,211055.277739
5250,182253.074987
7500,169890.382846
9625,168284.717070
