Evaluations,Fitness
1,21.389500
6,21.381806
14,21.302760
22,21.291909
29,21.213916
37,21.185453
57,21.090034
121,20.882281
3403,20.714341
5083,20.525023
5983,20.516127
10229,20.311460
11940,20.283546
