Evaluations,Fitness
125,1367.138869
500,1365.868960
750,1346.561154
875,1208.383387
1000,1192.706661
1625,1128.989955
2250,1088.869514
2500,1036.873571
2750,980.325329
2875,967.072286
3375,933.272479
3625,915.054323
3875,898.964003
5125,765.562621
6000,739.966562
7250,733.741549
7875,733.689994
8000,727.718583
8125,720.856354
8375,720.492823
8500,702.816299
8875,579.105856
9375,432.121297
14021,405.473356
