Evaluations,Fitness
125,1326.513368
250,1232.515426
1750,1203.849096
2125,1186.865700
2375,1093.111703
2875,1078.633235
3125,702.742547
3500,702.338226
4500,640.055210
8000,578.613983
8750,506.953068
13500,491.542164
13878,465.625126
