Evaluations,Fitness
1,944.569248
12,909.248494
74,895.812137
198,886.850810
506,880.727263
570,869.098692
630,862.868046
754,860.041548
942,854.899338
1002,844.450571
1066,829.406297
1190,816.214805
1251,793.123853
1438,782.798901
1562,772.869390
1796,765.702205
1869,765.283075
2042,765.252813
2182,764.309422
2358,763.528441
2414,756.406578
2420,753.631526
2430,750.084192
2482,744.501099
2606,737.365979
2668,717.693861
2772,715.669550
2854,706.556508
2900,695.052875
2916,693.918569
2978,692.666232
3027,688.653894
3040,680.506706
3164,675.818389
3412,670.155079
3474,658.437959
3649,645.720439
3784,645.600247
4136,626.935955
4404,624.936205
4466,617.169890
4516,612.923589
4640,591.544889
4652,581.475641
4714,568.070864
4887,563.827350
4900,548.764192
4961,535.704606
5256,533.168134
5272,532.262796
5830,531.856685
5892,531.088746
6201,529.242987
6450,524.448291
6512,522.108943
6636,521.383748
6698,512.870591
6743,510.440404
6945,509.947587
7132,506.006084
7245,501.967128
7256,498.128736
7504,492.879774
7566,480.574040
7690,476.551751
7752,475.723580
7938,474.006660
8186,473.204773
8363,470.612493
8372,460.582081
8434,460.230391
8597,458.175098
8682,454.883779
8806,445.322395
8930,421.884597
9101,419.409082
9228,402.004548
9302,398.949503
9736,392.561600
9797,392.524528
9984,386.984970
10170,381.032225
10480,371.033238
10702,362.102409
11286,359.969414
11332,359.170053
11410,332.566026
11572,332.062743
11782,324.249462
11968,312.641131
12186,301.374777
12316,288.757033
12836,282.783747
12898,277.263650
13021,275.976910
13393,274.961234
13518,273.393383
14324,271.195942
14386,270.668106
14792,269.522774
14820,266.255090
