Evaluations,Fitness
1,84.02893780217562
2,79.82138105716915
3,13.24903372591613
10,7.642813528719075
15,4.920058902862765
17,4.740828804498522
18,3.5695858893340517
23,1.7201302333210382
35,0.9895855259996402
200,0.6623597832697872
313,0.5947772007608627
364,0.5582730300798229
479,0.5439457038008086
512,0.4332027893983579
574,0.4314736336727698
575,0.4238260584545763
929,0.4023519847268844
991,0.40022813243674804
1079,0.3981858177525659
2345,0.39818444486503424
2372,0.3981825511715762
2801,0.3980880486095959
3714,0.39797861538012924
3992,0.39793018490106213
4240,0.39789338652331274
5499,0.39789229075032573
5935,0.39789019664735115
6276,0.39788969822357245
6492,0.397889093045368
6739,0.39788780321279305
6878,0.3978875776515043
7492,0.3978874585429235
7650,0.3978874577533791
7692,0.3978874354914179
7816,0.3978874178796108
7888,0.3978873939933756
8168,0.39788739170303344
8436,0.397887389478468
9453,0.39788737987586487
9577,0.39788736047165685
9958,0.3978873578726425
11818,0.39788735783659135
12723,0.39788735776206074
13776,0.39788735774944506
14126,0.3978873577421158
14565,0.39788735773570316
