Evaluations,Fitness
1,499.99041303046107
4,20.69700890677771
65,14.807180524115187
209,11.211657681909214
450,3.6682105761342134
530,3.044479279079628
2709,2.005121105348027
2824,1.4774985989597675
4200,1.015053372040822
5700,1.005833409860997
6348,0.9998023779271177
10240,0.9980055714024029
13273,0.998003863348036
