Evaluations,Fitness
125,-0.807020
375,-0.887942
750,-0.946545
875,-1.007760
1250,-1.014723
1500,-1.030199
2250,-1.030668
2375,-1.031356
2500,-1.031443
2625,-1.031504
2875,-1.031607
3125,-1.031617
3250,-1.031624
3500,-1.031624
3625,-1.031626
3875,-1.031627
4000,-1.031628
4125,-1.031628
4250,-1.031628
4625,-1.031628
5250,-1.031628
5375,-1.031628
5875,-1.031628
6125,-1.031628
6750,-1.031628
7750,-1.031628
7875,-1.031628
8875,-1.031628
9000,-1.031628
9125,-1.031628
9250,-1.031628
9625,-1.031628
9750,-1.031628
11375,-1.031628
