Evaluations,Fitness
1,2090.885551
40,2044.465422
102,2040.966819
226,2033.609195
249,1991.965028
299,1987.650336
373,1979.788843
544,1899.086707
796,1895.942851
807,1894.731779
869,1891.802069
915,1779.645677
931,1668.933763
1036,1662.599762
1117,1653.242716
1179,1653.007359
1241,1645.908674
1281,1605.051086
1303,1588.557323
1365,1582.408570
1403,1581.730028
1489,1508.194393
1675,1507.556784
1778,1500.709281
1861,1498.648833
1901,1487.400668
1985,1487.181597
2155,1442.106826
2171,1441.149526
2396,1439.969996
2481,1420.345389
2543,1418.110112
2791,1400.022576
2885,1387.972573
3019,1386.936204
3145,1386.194380
3269,1383.060284
3287,1351.380077
3473,1350.908857
3597,1341.417597
3637,1296.742006
3783,1260.863554
3845,1257.058879
3969,1256.705132
4279,1237.848770
4341,1228.101198
4403,1219.755994
4527,1133.961058
4633,1133.913611
4713,1133.911613
4837,1132.437895
5147,1125.358839
5271,1073.108819
5333,981.127032
5744,981.076775
5767,981.076653
5867,975.414764
5994,968.462663
6015,956.410643
6107,946.589439
6238,942.535923
6325,942.435308
6357,942.083121
6697,929.236787
6945,929.197912
6979,888.544376
7069,887.481600
7131,883.302537
7230,882.863976
7349,882.862066
7719,836.422943
7751,835.047904
7813,831.253922
7937,831.027006
8061,829.390680
8185,813.671693
8347,806.024809
8557,803.002101
8681,794.393499
8840,790.196002
8929,785.741782
9177,773.839367
9239,753.172842
9465,753.166585
9487,753.105056
9586,726.907195
9673,725.116494
9859,725.115149
9972,656.352497
10200,656.352436
10303,656.344264
10372,653.142591
10450,652.500656
10543,652.400340
10574,649.566518
10605,649.319126
10667,645.596859
10744,642.484119
10992,630.700019
11075,628.220136
11080,618.671381
11101,599.021754
11163,598.087621
11225,597.936694
11442,591.445286
11535,587.287468
11690,578.134873
11783,577.637763
11818,577.537929
11845,576.827617
11938,570.161453
12091,493.197688
12153,493.164457
12206,492.946514
12277,492.867610
12334,492.852920
12571,492.257288
12587,491.800400
12679,489.209014
12711,485.670706
12804,481.430589
12835,481.116832
13083,481.083864
13145,481.071652
13174,472.730804
13327,470.258790
13331,470.258518
13455,470.258376
13517,470.207523
13561,458.597080
13596,447.907313
14027,447.845964
14050,447.610086
14075,433.766250
14167,411.742039
14199,411.518580
14293,384.643232
14385,384.165319
14563,377.443677
14660,377.332316
14685,375.025412
14757,375.010581
14916,375.004269
