Evaluations,Fitness
1,499.997
2,498.893
3,491.503
4,489.772
16,489.368
18,11.3379
273,8.84462
574,7.87399
872,5.93135
956,5.64307
1198,2.98216
1831,2.0658
1873,2.06576
2524,1.0015
2803,0.998087
3496,0.998019
4070,0.998004
6064,0.998004
6393,0.998004
7611,0.998004
11281,0.998004
11752,0.998004
11767,0.998004
11978,0.998004
12109,0.998004
13824,0.998004
