Evaluations,Fitness
1,21.087403
12,20.953206
17,20.899692
21,20.844513
58,20.819485
145,20.813180
146,20.777475
428,20.748785
672,20.681989
1392,20.533839
6464,20.521712
9158,20.513750
9965,20.489656
10632,20.485055
