Evaluations,Fitness
125,138546.970694
1125,127493.571125
2250,120528.044219
2750,114835.310315
2875,110387.904669
3375,109619.569745
3625,102613.161776
4250,99316.389685
4375,90471.691496
4500,89253.369107
4875,86882.772147
5000,86527.192218
5250,83176.817472
6125,74868.085728
6750,67839.565383
7375,62575.684570
8625,61506.388149
9625,58397.949986
9875,52770.412071
11125,50370.089094
11625,48750.273314
12125,48476.992904
12250,47507.961559
13000,45714.977268
13627,44539.324517
