Evaluations,Fitness
1,-1.678198
3,-3.012132
11,-3.412011
142,-3.501390
198,-3.675793
392,-3.694136
448,-3.782325
621,-3.802788
948,-3.835041
991,-3.845439
1085,-3.855717
1370,-3.858669
1500,-3.859149
1757,-3.861825
2093,-3.862521
2610,-3.862622
2830,-3.862630
2979,-3.862715
3108,-3.862731
3175,-3.862740
3352,-3.862767
3463,-3.862777
3628,-3.862781
4033,-3.862781
4431,-3.862782
4827,-3.862782
4881,-3.862782
5005,-3.862782
5034,-3.862782
5132,-3.862782
5168,-3.862782
5173,-3.862782
5777,-3.862782
5823,-3.862782
6296,-3.862782
6462,-3.862782
6578,-3.862782
7009,-3.862782
7398,-3.862782
7827,-3.862782
8287,-3.862782
8531,-3.862782
8542,-3.862782
8648,-3.862782
8819,-3.862782
9161,-3.862782
9207,-3.862782
9247,-3.862782
9833,-3.862782
10018,-3.862782
10082,-3.862782
10388,-3.862782
10434,-3.862782
10747,-3.862782
11128,-3.862782
11628,-3.862782
11801,-3.862782
12158,-3.862782
12977,-3.862782
