Evaluations,Fitness
1,1476.0323928633034
2,1403.2647101451266
5,1336.2012441091215
26,1264.0616201020935
37,1263.8456812094305
38,1108.117119040818
401,1064.5447919051244
1125,1016.6272710826805
2546,965.3424353777457
2624,941.2646922402059
4466,937.9511226683389
4531,860.6343633972931
5265,826.1594653162534
8889,815.0167574542494
9845,813.2663215870724
11381,810.1456582239787
11881,807.2918962801944
12014,744.8344523357271
13912,737.0895337591604
