Evaluations,Fitness
1,2186544.252098637
5,1640198.879076355
14,631168.8216280404
36,501555.46650999377
1298,370965.6962235693
4306,338071.23389507853
4736,332741.3089048831
4961,312512.7376842945
6003,280903.60930415854
14970,226816.90956362608
