Evaluations,Fitness
1,2.13415736e+01
2,2.10975717e+01
3,2.09676665e+01
16,2.08038529e+01
140,2.08026415e+01
326,2.07885499e+01
450,2.07430377e+01
512,2.06950974e+01
698,2.06719061e+01
822,2.06536770e+01
946,2.06184240e+01
1007,2.06098178e+01
1256,2.05671199e+01
1380,2.05649261e+01
1442,2.05623471e+01
1566,2.05412318e+01
1752,2.05370516e+01
2558,2.04924186e+01
2620,2.04866863e+01
2930,2.04672024e+01
3487,2.03796515e+01
3550,2.03643838e+01
3736,2.03585837e+01
3798,2.03440032e+01
3922,2.03363950e+01
3984,2.03325116e+01
4356,2.03094772e+01
4790,2.02914304e+01
5038,2.02636197e+01
5052,2.02529409e+01
5286,2.02246135e+01
5410,2.02009212e+01
5548,2.02002910e+01
5658,2.01922582e+01
5672,2.01757178e+01
5733,2.01486405e+01
5844,2.01108359e+01
5904,2.00357984e+01
6154,2.00319482e+01
6400,2.00290756e+01
6402,1.99953368e+01
6464,1.99122413e+01
6650,1.98661266e+01
6711,1.97933296e+01
6836,1.97640248e+01
6898,1.97557471e+01
7022,1.97413108e+01
7394,1.97398956e+01
7828,1.97079245e+01
7890,1.96303807e+01
8194,1.96092087e+01
8200,1.96027849e+01
8262,1.95979716e+01
8323,1.95565591e+01
8448,1.95372769e+01
8572,1.94977912e+01
8696,1.94699807e+01
8758,1.94548028e+01
9006,1.94323392e+01
9067,1.93862595e+01
9228,1.93309310e+01
9475,1.93104451e+01
9539,1.90691240e+01
9787,1.90568696e+01
9911,1.89353768e+01
9967,1.89207929e+01
10096,1.89165994e+01
10221,1.85875100e+01
11331,1.85658859e+01
11459,1.85566852e+01
12019,1.85183763e+01
12203,1.85125894e+01
12451,1.84908196e+01
12515,1.84383963e+01
12822,1.84330685e+01
12946,1.84249396e+01
13441,1.83543767e+01
13691,1.83508183e+01
13817,1.83283591e+01
13951,1.82861054e+01
14332,1.82423463e+01
14499,1.81684457e+01
14561,1.81634855e+01
14580,1.81302052e+01
14623,1.81290614e+01
14641,1.81160913e+01
14704,1.80661356e+01
