"Evaluations","Fitness"
1,13.0577454746694
16,11.5025855315101
18,9.19193224176636
44,3.81171127725301
69,0.89006135032991
169,0.452347021662019
