Evaluations,Fitness
125,-3.731535
375,-3.780444
500,-3.838190
875,-3.857702
1500,-3.858844
1625,-3.859511
1875,-3.861387
2000,-3.862203
2125,-3.862278
2250,-3.862509
2625,-3.862624
2875,-3.862754
3500,-3.862764
3625,-3.862778
4000,-3.862780
4125,-3.862780
4250,-3.862782
4750,-3.862782
5000,-3.862782
5125,-3.862782
5250,-3.862782
5500,-3.862782
5625,-3.862782
5750,-3.862782
5875,-3.862782
6000,-3.862782
6375,-3.862782
6500,-3.862782
6625,-3.862782
6875,-3.862782
7125,-3.862782
7375,-3.862782
7875,-3.862782
8125,-3.862782
8250,-3.862782
8375,-3.862782
8750,-3.862782
8875,-3.862782
9000,-3.862782
9125,-3.862782
9250,-3.862782
9375,-3.862782
9750,-3.862782
10000,-3.862782
10500,-3.862782
10625,-3.862782
11000,-3.862782
11125,-3.862782
11250,-3.862782
11625,-3.862782
12000,-3.862782
12750,-3.862782
14250,-3.862782
