Evaluations,Fitness
1,2.31831395e+05
2,1.84115564e+05
4,1.81923465e+05
5,1.73239868e+05
24,1.60996400e+05
26,1.48940377e+05
55,1.41523940e+05
162,1.41518428e+05
365,1.38995510e+05
489,1.37133983e+05
532,1.32532616e+05
737,1.27363741e+05
783,1.25208312e+05
861,1.24574535e+05
1028,1.24188349e+05
1109,1.20145505e+05
1357,1.16690458e+05
1527,1.16624148e+05
1729,1.15123537e+05
1767,1.12905968e+05
1896,1.12843595e+05
2721,1.12837788e+05
3529,1.10998151e+05
3538,1.10891600e+05
3560,1.10829378e+05
3617,1.08721905e+05
3808,1.07503460e+05
3932,1.07156825e+05
4017,1.07108893e+05
4158,1.06857565e+05
4180,1.05723268e+05
4220,1.01972070e+05
4265,9.57640901e+04
4467,9.16426585e+04
4632,8.93706050e+04
4881,8.89292143e+04
5087,8.89194082e+04
5333,8.76454897e+04
5371,8.66880008e+04
5460,8.63629583e+04
5522,8.56986389e+04
5584,8.49446481e+04
5620,8.35431464e+04
5894,8.35305354e+04
6441,8.29335013e+04
6689,8.14384915e+04
6813,8.12501185e+04
6862,7.92853473e+04
6937,7.87849896e+04
6948,7.68712820e+04
7010,7.36869632e+04
7194,7.34790106e+04
7352,7.23714482e+04
7383,7.10118144e+04
7443,7.09471312e+04
7482,6.89414540e+04
7507,6.88859689e+04
7567,6.88802264e+04
7755,6.88649546e+04
7879,6.87948241e+04
7976,6.84547191e+04
8003,6.79261531e+04
8108,6.68486757e+04
8478,6.68020856e+04
8499,6.54575343e+04
8623,6.47883109e+04
8726,6.47447314e+04
8747,6.43578860e+04
8853,6.43101899e+04
8870,6.31267689e+04
8966,6.31218634e+04
9118,6.12065428e+04
9187,6.09543955e+04
9229,6.07164798e+04
9308,5.74188488e+04
9378,5.71222221e+04
9502,5.70595972e+04
9595,5.70573977e+04
9720,5.31826821e+04
9750,5.31716235e+04
9874,5.29354651e+04
9975,4.88978186e+04
10180,4.85087442e+04
10246,4.79603908e+04
10370,4.76386060e+04
10431,4.63508311e+04
10494,4.62501557e+04
10589,4.62383455e+04
10704,4.55350714e+04
11202,4.54781814e+04
11293,4.51202740e+04
11664,4.07700216e+04
11858,4.07570873e+04
11947,4.07552015e+04
11970,4.06423818e+04
12039,3.98279951e+04
12188,3.76344709e+04
12278,3.74163108e+04
12445,3.67820920e+04
12659,3.52736895e+04
12726,3.50746415e+04
12906,3.44219132e+04
13154,3.44098446e+04
13179,3.40079560e+04
13276,3.40010735e+04
13346,3.19079803e+04
13428,3.18391066e+04
13524,3.17400122e+04
13594,3.17365620e+04
13718,3.14773602e+04
13842,3.14756032e+04
13930,3.12153331e+04
14019,3.11524092e+04
14090,3.10242031e+04
14214,2.81546934e+04
14268,2.81524660e+04
14301,2.63571527e+04
14392,2.62988708e+04
14446,2.62654423e+04
14765,2.59629016e+04
14834,2.59475977e+04
14917,2.32018595e+04
