"Evaluations","Fitness"
1,2639.85384145213
14,2326.75129365677
33,2009.24446546752
49,1979.49627403985
102,1802.39746740552
227,1800.68356521639
486,1793.52898218571
867,1682.09159603374
2123,1681.43044357291
2882,1641.60001812469
3778,1618.51777064103
4156,1610.88972876883
4912,1610.7189008518
6171,1602.49546011264
7686,1592.12341149978
9826,1588.10760514697
10704,1587.83658644818
11204,1581.18000233268
12469,1578.3104247142
