Evaluations,Fitness
1,21.391267504805576
14,21.302351131436335
31,21.184425552288896
94,21.131938297353834
264,21.068456098357203
1315,21.01388498643856
1942,20.99187850932587
1959,20.92056010936529
2980,20.91129339025149
3033,20.831737892016555
4075,20.749932816211032
4560,20.72576582361725
7372,20.678612569956858
7784,20.54647523530636
8838,20.498349301994494
9042,20.3004063218579
10559,20.243699484741985
10921,20.113197830999322
14850,20.06698177943217
