Evaluations,Fitness
1,4.50155e+09
4,6.76643e+08
12,6.1496e+08
16,5.66003e+08
19,4.0768e+08
65,3.01069e+08
118,2.42933e+08
243,2.33744e+08
282,2.19587e+08
284,2.18778e+08
574,2.18651e+08
846,2.18522e+08
993,2.12703e+08
1060,1.95367e+08
1139,1.94315e+08
1257,1.86964e+08
1364,1.82884e+08
1368,1.82738e+08
1569,1.82488e+08
2030,1.8247e+08
2043,1.81799e+08
2557,1.79366e+08
2580,1.79359e+08
2889,1.79199e+08
2937,1.7872e+08
3070,1.76241e+08
3082,1.62195e+08
3104,1.53746e+08
3139,1.5179e+08
3502,1.50678e+08
3543,1.50531e+08
3889,1.50422e+08
4019,1.50322e+08
4075,1.44912e+08
4081,1.41636e+08
4190,1.41441e+08
4276,1.40802e+08
4291,1.40568e+08
4367,1.40163e+08
4506,1.39456e+08
4544,1.36505e+08
4600,1.33554e+08
4612,1.32805e+08
4784,1.31433e+08
4831,1.31316e+08
5042,1.30004e+08
5050,1.29891e+08
5440,1.21035e+08
5820,1.21005e+08
6069,1.18276e+08
6098,1.18245e+08
6690,1.18036e+08
7062,1.17168e+08
7370,1.0755e+08
7440,1.05682e+08
7550,1.05514e+08
8940,1.05452e+08
9524,9.87076e+07
10320,9.73181e+07
10552,9.7127e+07
10561,9.63549e+07
10855,9.63288e+07
11440,9.63172e+07
11530,9.58022e+07
11537,9.53396e+07
12254,9.53101e+07
12314,9.5193e+07
12555,9.51705e+07
12786,9.47232e+07
13940,9.45732e+07
14532,9.40531e+07
