Evaluations,Fitness
125,4236346.008816
250,4219897.119019
500,4189526.186582
875,3607895.346046
1375,3345737.413057
1625,3089912.783216
1875,3015018.124527
2375,2904771.968353
2625,2904739.516043
2875,2883751.231822
3000,2449117.350227
3250,2116794.560181
4625,2100552.426332
5500,2015281.317349
6125,1914317.387175
7000,1822775.647599
8250,1691237.813845
8500,1628461.258807
9125,1449086.115742
11000,1326689.759217
12375,1201324.495862
13500,1078599.164119
