Evaluations,Fitness
1,21.520295
2,21.374837
6,21.372944
7,21.337705
11,21.256288
15,21.174282
318,21.113656
609,21.106225
758,21.055555
940,20.876596
4879,20.835845
5417,20.824648
6234,20.821558
6568,20.755286
7217,20.695672
7892,20.586661
10626,20.512018
12842,20.441717
