Evaluations,Fitness
1,302837.404097
7,294721.270598
8,272228.298562
15,251829.222798
31,244489.487783
160,208967.662517
1093,204186.949284
1152,187167.525420
1511,181600.227740
1863,175709.414605
1918,169431.252005
1961,160768.529950
2411,155065.939829
2861,154158.208688
2959,133483.686771
3050,131061.217392
3884,120686.707049
4391,116772.494985
4846,108276.487858
5225,100424.530500
6570,97734.562667
7088,74099.967286
9876,50941.987507
