Evaluations,Fitness
1,189569.517676
12,163260.850562
28,162150.178335
31,132077.065334
1681,130727.586289
2372,121515.307115
4185,117333.463067
4314,103654.773682
6146,101673.661415
6207,93904.871815
6237,93549.349572
6289,90655.094729
8425,86231.756971
9582,84992.480130
10387,77940.430957
10631,75191.005176
11620,71023.997392
11693,54148.571523
