Evaluations,Fitness
1,1203.545797
2,1078.048140
3,1074.895135
4,1073.511900
5,1059.654575
16,987.779209
27,953.184277
117,928.696520
199,919.048752
421,913.427260
438,874.064318
794,844.759546
924,825.278023
1438,795.291162
2893,789.482055
3658,786.604509
6173,772.122101
6384,745.128447
7069,734.204604
10888,697.106508
