Evaluations,Fitness
1,1220.317270
2,1062.162440
8,1023.033175
11,999.232357
14,960.465431
33,883.239867
48,882.371398
72,855.577626
2517,835.304234
3862,802.763473
4116,801.593877
4847,798.937171
6023,782.911729
7577,768.014781
12112,751.587055
