"Evaluations","Fitness"
1,10959845.8273162
3,7787427.0508688
5,7405906.94923373
32,7270786.96005225
46,6479080.24228354
171,6454841.52314004
424,6420191.15875995
802,6401992.26040151
1302,6345839.05014835
1680,6312732.7168939
3954,6307910.74867167
4454,6187409.89159353
7972,6117831.10116419
10243,6031877.68908737
10318,6018766.01220541
10743,5992058.00891586
10818,5882826.69630699
12199,5880732.6854927
14214,5876638.9659962
14592,5869950.35713174
15354,5839634.35497989
15460,5778683.93043951
17273,5617112.08893157
17651,5581509.54403552
18485,5579667.59883255
18875,5563793.47060687
19187,5427627.19070532
19571,5409225.122544
20571,5408518.80426995
21949,5407717.0676689
22449,5383651.29286429
23208,5383487.58777307
24586,5217852.9829337
24605,4743727.03797384
25754,4727671.14703945
26132,4569872.3136798
28266,4522127.38953437
28766,4516864.43154403
29266,4414722.77653025
30266,4412070.92781727
31339,4409109.39605731
34165,4053633.59571846
36451,3931598.78682287
38719,3931563.09125005
40597,3824301.79919223
41853,3819574.48661875
42171,3445223.72382006
42671,3433678.44452723
43052,3405074.62660696
44430,3387392.07078034
45192,3353041.32759692
47603,3349280.44759024
47981,3182005.41309729
48359,3175603.3999322
49243,2940482.32795304
49624,2920649.14866856
50002,2902553.62959337
50380,2895644.42421361
