Evaluations,Fitness
1,4582137.403136635
4,1708609.559657503
9,1618600.4037764957
17,1168069.0602547082
22,762982.6717806539
29,636199.9731692283
65,625602.0962367327
97,491127.4954401076
121,472429.5460707671
146,421277.27367150964
324,399409.3852009871
764,369467.1431606628
1054,356642.3760561219
1206,355427.5631892805
1578,278791.04309486237
2199,234459.14417018584
3651,216083.5577098472
8337,183850.14739902696
