Evaluations,Fitness
1,169269.135731
2,166774.966987
9,164402.088010
44,152025.895304
47,137607.954888
1655,136596.906451
1979,131909.408054
2129,129491.860507
2547,123644.774044
2672,104115.603157
3387,94236.068084
4254,93579.933777
4779,93136.274315
5049,89845.751087
5216,84618.663002
5784,78049.927965
6216,64925.400464
7502,58422.763060
9073,58313.831593
9508,47486.244626
10153,47000.817729
11633,45176.018788
