Evaluations,Fitness
1,7593107.711405
8,7412936.095158
12,6934463.521440
81,6117359.345435
587,5711239.544093
618,5461729.713423
1113,5154021.299644
1254,4451464.813485
1660,4384734.092326
2210,4318129.512355
2238,3930720.391183
2282,3900575.919715
2298,3804832.747684
2837,3749633.137244
3008,3496566.979269
3164,3151876.999426
3341,2444739.936568
5401,2171966.827899
6944,2109305.136116
8519,1925173.557417
8969,1790946.830374
9768,1775749.968478
9959,1714263.120931
12509,1705424.617019
13501,1536767.425552
14245,1482651.308719
