Evaluations,Fitness
125,1310.009534
750,1296.829012
1000,1208.231319
1750,1144.296729
2000,1134.926226
2500,1052.708669
2625,988.373715
3000,937.541901
3750,801.773294
5875,795.628574
6125,767.915321
7250,571.392381
9875,559.555793
11250,552.846646
11375,499.606377
11875,486.163461
12750,485.852580
13125,478.005918
14416,460.021222
