Evaluations,Fitness
1,129.792741
2,-0.037975
89,-0.102039
116,-0.681420
256,-0.752212
269,-1.020129
1065,-1.028507
1575,-1.029868
1855,-1.030947
2309,-1.031214
2800,-1.031375
3666,-1.031443
4527,-1.031594
4694,-1.031624
6306,-1.031626
8482,-1.031628
9134,-1.031628
10669,-1.031628
10899,-1.031628
