Evaluations,Fitness
1,1.8807
21,1.50681
23,0.0676787
34,0.00893326
223,-0.114206
251,-0.524203
260,-0.897383
308,-1.0159
813,-1.02743
870,-1.02764
1343,-1.02806
1473,-1.03008
1778,-1.03157
3536,-1.03162
3753,-1.03163
4742,-1.03163
8235,-1.03163
9515,-1.03163
9616,-1.03163
9879,-1.03163
9996,-1.03163
10129,-1.03163
11379,-1.03163
11841,-1.03163
12027,-1.03163
12797,-1.03163
