Evaluations,Fitness
1,501.198058
4,165.734384
11,135.382498
19,37.765384
96,35.520744
138,13.383483
220,12.316050
252,11.674284
262,6.588661
278,5.064720
388,3.241896
675,3.061032
1268,3.009808
1414,3.004649
1866,3.002438
2253,3.001059
3128,3.000912
3848,3.000275
4018,3.000250
4736,3.000060
4917,3.000032
9608,3.000017
9982,3.000008
12696,3.000003
13706,3.000001
14387,3.000001
14684,3.000000
14949,3.000000
