Evaluations,Fitness
1,4.99980866e+02
2,4.40295597e+02
11,3.74449861e+02
45,1.12101800e+02
107,6.64125713e+00
156,4.97419834e+00
479,4.97418810e+00
556,3.99554739e+00
877,3.99204095e+00
1079,3.19938045e+00
1132,3.02608646e+00
1575,2.98221348e+00
1808,2.50388473e+00
2034,2.26009528e+00
2169,1.99203581e+00
2294,1.99203093e+00
2359,1.99203090e+00
2652,1.02234459e+00
2855,1.01869317e+00
3013,9.98086836e-01
3227,9.98006320e-01
3350,9.98004587e-01
3665,9.98003853e-01
3789,9.98003851e-01
4142,9.98003838e-01
4343,9.98003838e-01
5485,9.98003838e-01
5855,9.98003838e-01
6117,9.98003838e-01
6363,9.98003838e-01
6773,9.98003838e-01
6864,9.98003838e-01
7261,9.98003838e-01
7385,9.98003838e-01
7856,9.98003838e-01
7990,9.98003838e-01
8150,9.98003838e-01
9540,9.98003838e-01
9829,9.98003838e-01
10522,9.98003838e-01
10698,9.98003838e-01
10863,9.98003838e-01
11050,9.98003838e-01
11733,9.98003838e-01
13206,9.98003838e-01
13586,9.98003838e-01
