Evaluations,Fitness
1,750204372.783662
6,697493024.929717
20,629366908.909794
62,616498034.306484
74,548351661.826963
2491,537435929.318154
3345,511129045.453238
3399,492982307.980993
3659,479496856.884077
4508,453220428.867836
5069,413812782.874879
6898,344703730.533417
7352,249673866.065876
8047,248020245.671761
11966,240538632.879764
12750,219899398.941521
14014,214105467.265725
