Evaluations,Fitness
1,21.325251
20,21.297902
43,21.168743
83,21.068428
603,21.065186
978,21.012907
1194,21.009688
1942,20.890130
2433,20.823318
2757,20.712071
3656,20.603034
4049,20.536882
4348,20.484124
4950,20.397268
5081,20.068773
6804,19.447432
9764,19.262317
10036,19.000790
10366,18.988652
10800,18.838874
11565,18.737067
11763,18.597135
13692,18.327349
