Evaluations,Fitness
1,17646423.774431
3,710806.357839
9,28152.668401
19,965.906326
144,600.000000
256,94.821942
1394,91.599111
2746,85.051616
5529,84.941747
8993,84.117203
9090,84.088621
10678,84.013052
