Evaluations,Fitness
1,499.999
2,499.996
3,499.945
4,497.581
6,434.74
8,422.393
26,94.1816
76,25.1777
95,23.6773
102,19.7639
151,15.3658
268,2.99667
706,2.16454
785,2.11167
791,1.99384
1026,1.99348
1061,1.99219
1115,1.99218
1323,1.99212
1519,1.00074
2311,0.998032
2586,0.998008
2857,0.998007
3011,0.998007
3082,0.998004
3294,0.998004
3454,0.998004
4088,0.998004
4712,0.998004
5362,0.998004
6345,0.998004
9267,0.998004
10030,0.998004
10227,0.998004
10356,0.998004
10546,0.998004
10654,0.998004
12404,0.998004
12816,0.998004
14114,0.998004
14310,0.998004
14477,0.998004
