Evaluations,Fitness
1,907233.648694
2,12386.200535
4,154.019463
39,51.065224
92,0.070808
651,0.055169
786,0.044939
1846,0.002632
1946,0.000971
3519,0.000348
4013,0.000088
14538,0.000023
