Evaluations,Fitness
1,7233752.223237
2,1785279.028015
8,1362849.801603
16,846641.286895
18,798435.374133
21,793878.049757
57,683873.066537
169,677911.729295
283,632610.652615
387,627577.919441
609,574915.521922
816,484362.300654
1266,384189.192098
4151,321839.657375
