Evaluations,Fitness
1,500.0
751,499.9999999999969
2789,499.9999999976366
5037,499.99999987637386
5968,499.99999984828605
9119,497.55832615983235
