Evaluations,Fitness
1,7.27471e+08
4,6.59795e+08
25,5.86971e+08
69,5.37569e+08
252,5.37507e+08
444,5.29389e+08
605,5.26716e+08
694,4.99568e+08
1113,4.98431e+08
1194,4.8393e+08
1254,4.76586e+08
1274,4.72097e+08
1576,4.58235e+08
1788,4.58139e+08
2194,4.57305e+08
2256,4.06405e+08
2258,4.04886e+08
2444,3.87207e+08
2556,3.81758e+08
2571,3.81253e+08
2694,3.80743e+08
2793,3.77289e+08
2944,3.76489e+08
3097,3.75563e+08
3287,3.66429e+08
3297,3.66298e+08
3313,3.6617e+08
3444,3.65828e+08
3833,3.59674e+08
3863,3.59674e+08
4065,3.59652e+08
4254,3.59405e+08
4502,3.5937e+08
4566,3.5935e+08
4861,3.59232e+08
5068,3.59212e+08
5106,3.55302e+08
5194,3.55298e+08
5444,3.47137e+08
5573,3.46464e+08
5944,3.19557e+08
6194,3.18209e+08
6530,3.18136e+08
6548,2.69342e+08
6694,2.6922e+08
7266,2.27836e+08
7562,2.27797e+08
7694,2.21025e+08
7944,2.2075e+08
8009,2.20474e+08
8344,2.18949e+08
8444,2.07912e+08
8765,2.05655e+08
8868,2.05483e+08
9047,2.05483e+08
9058,1.88656e+08
9105,1.88423e+08
9333,1.88421e+08
9578,1.87999e+08
9588,1.87998e+08
9595,1.87727e+08
9810,1.8771e+08
9944,1.87706e+08
10089,1.87621e+08
10944,1.87616e+08
11194,1.8252e+08
11760,1.82261e+08
11866,1.77684e+08
11944,1.77661e+08
12023,1.77557e+08
12552,1.77453e+08
12573,1.77131e+08
12803,1.77131e+08
13009,1.77103e+08
13102,1.77102e+08
13332,1.77102e+08
13528,1.77048e+08
13588,1.77046e+08
13694,1.77042e+08
14064,1.77005e+08
14370,1.76607e+08
14616,1.76057e+08
14694,1.72074e+08
14752,1.69606e+08
14839,1.65929e+08
14868,1.65928e+08
