Evaluations,Fitness
1,5912079.022347
2,2657367.901736
4,2608685.910394
7,2050731.333085
11,1835898.933806
17,1581957.723548
28,1337754.687276
44,721207.087531
119,625363.306412
494,536167.589699
1066,521924.108904
1754,476437.093852
1826,453106.912137
2558,428825.634785
2755,409929.849395
2987,409660.427257
3113,296933.624873
4465,214521.200516
6870,155888.808748
