Evaluations,Fitness
1,21.525904680143466
2,21.2726252542564
4,20.971408824851153
24,20.787673174305063
113,20.699056510997423
149,20.626354982533684
4252,20.61632671377172
4282,20.60713296507074
5537,20.4013146272316
