Evaluations,Fitness
1,213715.936357
2,187196.613336
3,182669.586643
11,165778.417116
30,155481.201402
36,153085.992537
41,138546.970694
1072,127493.571125
2184,120528.044219
2709,114835.310315
2789,110387.904669
3342,109619.569745
3570,102613.161776
4156,99316.389685
4251,96942.638327
4265,90471.691496
4451,89253.369107
4842,86882.772147
4984,86527.192218
5201,83176.817472
6059,74868.085728
6640,67839.565383
7360,62575.684570
8561,61506.388149
9521,58397.949986
9790,52770.412071
11064,50370.089094
11539,48750.273314
12112,48476.992904
12189,47507.961559
12983,45714.977268
13556,44539.324517
