Evaluations,Fitness
1,346160.582307
2,198117.635796
430,195699.276880
516,181280.856298
827,178195.815771
1267,164132.702516
1718,156233.060216
2069,124252.764791
3475,112907.856715
3609,106425.469155
5030,90054.211944
5762,86621.057641
6011,81533.388243
6887,81074.611238
7435,80915.830678
7963,77103.682509
9441,62544.778135
13114,60855.200745
13221,56367.550551
