Evaluations,Fitness
1,1574.159052
3,1320.700673
14,1279.259881
35,1211.481551
62,1137.224727
360,1038.377612
1303,1003.482472
1539,994.382127
2034,979.192384
2157,971.303628
2304,960.536054
2545,853.854743
3637,811.430782
4921,791.567456
5519,786.437844
5560,782.868184
5664,765.430448
5782,753.485845
5899,746.961836
6508,731.574244
7229,705.652354
7776,696.692276
8728,681.374277
9811,606.469992
