Evaluations,Fitness
1,21.526069
2,21.399644
7,21.191795
42,21.153826
117,21.091073
1158,20.976713
1748,20.885199
3092,20.765198
5979,20.513063
7104,20.500958
7969,20.364862
8859,20.217683
11122,20.135771
