Evaluations,Fitness
1,1558.739828
2,1480.957634
4,1440.737891
5,1373.768400
10,1327.036332
13,1089.367740
1955,1011.408025
2164,993.263873
2634,987.096607
3578,983.943875
4420,965.074009
4474,957.764368
5247,875.725061
6832,863.504713
7141,844.913618
9355,808.970984
10088,800.839668
10775,771.166967
11583,743.424104
12585,738.082477
