Evaluations,Fitness
1,132798630.644051
2,68786.372853
41,423.042904
268,291.027001
296,273.392656
325,108.633931
478,95.579244
720,93.786663
937,92.053786
2298,88.785650
2756,85.811757
3876,85.153463
5497,84.872457
5525,84.187644
6574,84.034570
14994,84.023108
