Evaluations,Fitness
1,942993834.1069664
2,765437891.1961749
4,699084268.9435211
14,634807055.7031524
18,613081362.458228
108,574962991.3016493
790,512711389.6388344
3394,441194349.1443991
4909,373218468.9906565
5062,212890096.34340224
8988,139889970.60220313
