Evaluations,Fitness
1,597316.840731
272,476805.638841
351,435626.009641
1080,377403.995378
3912,351421.605881
6241,328364.576849
7202,326898.917657
11084,289194.974238
