Evaluations,Fitness
1,10765913.745720
4,10121111.823829
5,8362991.273378
7,7636161.433627
14,6488369.896716
124,6328417.633998
444,6251761.656284
493,5752096.296683
511,5473678.547427
1099,5343815.145080
1136,4923019.040928
1548,4835284.120498
1989,4805625.894163
2035,3953937.897915
2941,3583150.797680
3046,3524616.115717
3369,3492813.148384
3480,3445096.809466
3908,2993399.007776
4756,2891492.342692
5102,2439999.991027
5453,2242197.081789
6785,2021269.935482
9268,1996887.455142
10173,1955447.634703
10193,1951590.946844
10364,1811780.412811
11381,1584426.938846
11949,1527901.329292
12309,1337156.635281
13630,1238153.200152
14985,1218336.943849
