Evaluations,Fitness
1,1351958.615421
9,907018.357623
31,817016.859787
76,789641.043281
148,764682.355888
171,754195.903344
180,537665.982908
934,515775.995384
1115,476642.795873
1342,416913.188807
1637,356402.279991
2467,324977.590791
4680,323342.043993
5788,291776.711198
6823,249487.889933
