"Evaluations","Fitness"
1,21.0342974612314
3,19.5776770282829
6,4.4103306649678
17,2.73891139171635
41,1.58330084694081
126,0.709410658180362
3513,0.593124894998532
4703,0.547940311231077
5459,0.47564539397994
6284,0.398780260348902
