Evaluations,Fitness
1,21.180809
2,21.146682
6,21.033097
15,21.012680
17,20.958483
53,20.767862
549,20.751550
611,20.747236
673,20.741601
859,20.741300
920,20.705732
1231,20.686916
1416,20.627114
1541,20.590944
1727,20.586597
1851,20.520752
2099,20.503303
2408,20.479211
2657,20.452202
2719,20.438024
3117,20.434010
3339,20.427890
3400,20.417788
3463,20.374447
3524,20.363419
3711,20.323230
3835,20.270962
3895,20.259947
4020,20.204096
4268,20.196160
4392,20.148573
4579,20.036755
4915,20.033509
5039,20.014075
5075,19.981322
5137,19.976003
5260,19.932091
5323,19.884320
5382,19.881278
5447,19.823712
5881,19.790918
6403,19.761485
6651,19.732197
6775,19.696064
7023,19.692348
7395,19.652298
7741,19.587211
7862,19.547122
7927,19.544470
7985,19.503752
8635,19.487658
8671,19.473591
8733,19.435359
9167,19.429562
9227,19.428507
9291,19.350201
9539,19.345104
9911,19.284477
9972,19.235234
10219,19.209644
10283,19.111924
10469,19.092796
10531,19.084158
10591,19.068624
11027,19.038523
11472,19.023308
11523,18.936089
11658,18.879199
11920,18.795040
12355,18.775336
12603,18.673375
12639,18.665067
12663,18.651015
12696,18.624853
12727,18.617561
12789,18.505626
13471,18.461851
13533,18.456087
14189,18.444335
14311,18.390852
14375,18.130647
14556,18.028259
14681,17.969909
14804,17.959756
