Evaluations,Fitness
1,21.315693
3,21.197075
127,21.183335
189,21.164569
437,21.157302
600,21.134181
685,21.131868
724,21.102344
809,21.101451
848,21.074795
972,21.052410
1032,21.041919
1096,21.031977
1119,21.025120
1243,21.013047
1367,20.992644
1553,20.983882
1863,20.973976
1901,20.920910
1964,20.914058
2212,20.893626
2398,20.889200
2460,20.869431
2520,20.859554
2545,20.858237
2607,20.840241
3031,20.814625
3280,20.759407
3342,20.757446
3528,20.746578
3590,20.739623
3714,20.706554
3776,20.678490
4086,20.674499
4148,20.656178
4272,20.635178
4458,20.631814
4961,20.612653
5022,20.581577
5023,20.574581
5271,20.533551
5393,20.529703
5519,20.518440
5581,20.513004
5642,20.474603
5643,20.471092
5705,20.463109
5829,20.442599
5883,20.371627
6070,20.335959
6194,20.300026
6318,20.291651
6628,20.285866
6999,20.266684
7186,20.213148
7682,20.185306
7744,20.167705
7991,20.154802
8550,20.153942
8736,20.045831
8798,20.029409
9590,20.022050
9714,19.980194
9790,19.978159
9900,19.974654
10024,19.965172
10038,19.964956
10162,19.921970
10719,19.909035
10975,19.870362
11099,19.802573
11593,19.797653
11719,19.786914
11840,19.744814
11898,19.728056
12081,19.717294
12959,19.697951
13248,19.694414
13269,19.688715
13434,19.670201
13447,19.663715
13496,19.656293
13571,19.629881
13942,19.617108
14130,19.612565
14254,19.540034
14378,19.523508
14502,19.438151
14564,19.437109
14934,19.436809
14941,19.408796
