Evaluations,Fitness
1,3.51657657e+01
2,2.13052232e+01
3,7.40216001e+00
4,1.07438653e+00
9,9.18482845e-01
251,7.82190137e-01
297,6.87262368e-01
353,6.45061949e-01
479,5.75721072e-01
543,4.10146499e-01
876,4.08112700e-01
1302,4.04580126e-01
1688,4.01994335e-01
2118,4.00628402e-01
2396,3.97926934e-01
3107,3.97888325e-01
7149,3.97887394e-01
9071,3.97887393e-01
11675,3.97887378e-01
12344,3.97887364e-01
12704,3.97887358e-01
12890,3.97887358e-01
13572,3.97887358e-01
