Evaluations,Fitness
1,186939.398378
4,176158.362767
15,144283.527193
570,142344.510410
637,140869.794066
695,136236.133175
1387,135667.159020
1512,134020.323954
1735,130438.290932
2120,127344.542615
2367,126661.675290
2416,102567.517415
3541,90507.900490
4780,83276.725308
5738,82593.094647
6525,79196.513828
7126,77872.243743
7376,75370.309223
7960,72305.314267
7999,67370.928007
9319,63541.669825
9467,58482.415229
9640,56971.028422
10111,49890.774903
11717,49698.957215
12407,47267.418591
13065,40860.441111
14946,35654.450503
