Evaluations,Fitness
1,2.14140111e+01
5,2.13368595e+01
15,2.13189229e+01
22,2.13039169e+01
26,2.12165426e+01
45,2.12055692e+01
52,2.10909669e+01
114,2.10825668e+01
299,2.10571518e+01
362,2.10315691e+01
548,2.09985673e+01
610,2.09849535e+01
858,2.09566612e+01
1042,2.09463201e+01
1662,2.09418475e+01
1719,2.09411977e+01
1905,2.09025926e+01
2091,2.08806155e+01
2215,2.08627349e+01
2397,2.08014919e+01
2575,2.07915738e+01
2587,2.07838316e+01
2637,2.07464942e+01
2649,2.07373720e+01
2885,2.07350689e+01
3144,2.07058550e+01
3269,2.07031943e+01
3331,2.06931919e+01
3454,2.06638769e+01
3579,2.06626868e+01
3721,2.06248409e+01
3782,2.06034915e+01
3783,2.05970207e+01
3903,2.05677255e+01
4152,2.05535959e+01
4341,2.05530866e+01
4383,2.05428357e+01
4526,2.05384178e+01
4754,2.05037385e+01
4880,2.04990476e+01
4942,2.04821531e+01
5271,2.04554330e+01
5395,2.04065058e+01
5519,2.04023594e+01
5581,2.03937262e+01
5640,2.03521615e+01
5643,2.03277643e+01
5891,2.03277607e+01
6077,2.03203726e+01
6511,2.02959846e+01
6632,2.02843578e+01
6697,2.02243073e+01
6758,2.02064093e+01
6945,2.01859647e+01
7007,2.01851000e+01
7127,2.01838102e+01
7193,2.00169773e+01
7377,2.00038127e+01
7441,1.99748750e+01
7565,1.99740616e+01
7751,1.99700103e+01
7873,1.99514383e+01
7997,1.99392023e+01
8309,1.98810081e+01
8371,1.98804659e+01
8617,1.98265475e+01
8805,1.98038665e+01
8863,1.97663272e+01
9177,1.96962523e+01
9549,1.96847822e+01
9673,1.96770801e+01
10103,1.96542577e+01
10169,1.96032852e+01
10293,1.95748912e+01
10727,1.95741256e+01
10789,1.95489796e+01
10845,1.95224045e+01
10851,1.95041783e+01
11096,1.94719500e+01
11218,1.94601889e+01
11347,1.94548865e+01
11715,1.94454688e+01
11781,1.94352334e+01
12091,1.94228281e+01
12153,1.94154100e+01
12277,1.93771330e+01
12339,1.92743238e+01
12463,1.92558609e+01
12708,1.92169037e+01
13021,1.91840062e+01
13579,1.91746351e+01
13804,1.91694715e+01
13821,1.91161544e+01
13949,1.91148938e+01
14013,1.90740468e+01
14137,1.90234592e+01
14385,1.90128352e+01
14571,1.90066057e+01
14695,1.89642388e+01
