Evaluations,Fitness
1,170774.447341
5,155096.954156
512,147802.500818
627,145998.935784
947,138081.244143
1196,134156.882809
2176,119272.406829
3577,117951.676031
3626,101600.098826
4245,98915.300794
5370,95074.645525
6764,92842.619894
7287,89088.704303
7845,84307.620754
8158,82580.393742
8520,75856.998197
10171,69853.069328
10767,65622.281689
12808,64886.857016
