Evaluations,Fitness
1,21.636
2,12.8257
15,6.77408
45,0.699616
218,0.658662
339,0.39809
755,0.398079
3102,0.398036
4295,0.397987
5096,0.397947
6498,0.397914
7850,0.397898
7998,0.397897
8810,0.397891
9030,0.397888
9512,0.397887
