Evaluations,Fitness
1,1.50572281e+03
3,1.28403437e+03
33,1.19965154e+03
95,1.19255400e+03
150,1.19235499e+03
277,1.18586976e+03
343,1.18409284e+03
467,1.18078849e+03
522,1.18050103e+03
591,1.18004939e+03
649,1.17988325e+03
771,1.17592985e+03
839,1.15176606e+03
963,1.13326837e+03
1211,1.07600413e+03
2135,1.07097292e+03
2234,1.06062129e+03
2290,1.04149174e+03
2359,1.03637471e+03
2412,1.01872490e+03
2482,9.94413671e+02
2533,9.81730458e+02
2545,9.81691240e+02
2606,9.80817401e+02
2669,9.72959442e+02
2731,9.71380839e+02
2776,9.41012924e+02
2902,9.30741434e+02
2917,9.08980279e+02
3103,8.91187151e+02
3150,8.78587351e+02
3165,8.75230325e+02
3226,8.73334999e+02
3413,8.72836434e+02
3598,8.56172100e+02
3647,8.40318981e+02
3661,8.27167218e+02
3785,8.24801570e+02
3970,8.24745958e+02
4033,8.19648205e+02
4281,8.14429198e+02
4342,8.05852495e+02
4529,7.95714987e+02
5258,7.92453545e+02
5273,7.83990348e+02
5458,7.82148961e+02
5521,7.66530620e+02
5631,7.46568266e+02
5751,7.43731387e+02
5769,7.27805139e+02
6017,7.22356308e+02
6078,6.86273488e+02
6246,6.82658492e+02
6451,6.76242116e+02
6513,6.56110651e+02
6575,6.52728263e+02
7117,6.42062237e+02
7257,6.40328852e+02
7318,6.39036483e+02
7381,6.31902074e+02
7629,6.16536337e+02
7731,6.06126867e+02
7753,6.05859691e+02
7938,6.00024824e+02
8001,5.99262635e+02
8062,5.94970407e+02
8310,5.87666387e+02
8349,5.45003804e+02
8594,5.27761284e+02
9241,5.21427034e+02
9550,5.21350909e+02
9674,5.15793090e+02
10109,5.10726331e+02
10333,5.07690476e+02
10543,5.05026557e+02
10605,5.05013002e+02
10853,4.86006983e+02
11079,4.85721368e+02
11197,4.73990561e+02
11446,4.70335996e+02
11906,4.59611826e+02
12030,4.56189146e+02
12154,4.49755528e+02
12313,4.47999450e+02
12403,4.45670748e+02
12713,4.45089510e+02
12775,4.24468469e+02
13333,4.18881640e+02
13394,4.16640492e+02
13519,4.14070850e+02
13558,4.13433253e+02
13683,4.11150621e+02
13705,4.09594851e+02
13829,4.09571414e+02
13889,4.02693267e+02
13953,4.02567403e+02
14387,3.98041685e+02
14635,3.96447184e+02
14945,3.89650306e+02
