Evaluations,Fitness
125,0.409790
625,0.401166
2250,0.399963
2500,0.399397
2750,0.399308
2875,0.398118
3000,0.397996
3500,0.397914
3750,0.397899
3875,0.397895
4000,0.397891
4250,0.397889
4625,0.397889
4750,0.397888
4875,0.397887
5000,0.397887
5125,0.397887
5500,0.397887
6375,0.397887
6500,0.397887
6625,0.397887
8000,0.397887
8125,0.397887
8250,0.397887
8500,0.397887
8875,0.397887
9375,0.397887
