Evaluations,Fitness
1,7.539789
8,-0.659608
247,-0.675601
251,-0.861015
278,-0.878320
298,-0.960930
305,-0.974798
727,-1.026926
1675,-1.030172
1881,-1.030282
2358,-1.031576
3871,-1.031628
5711,-1.031628
6491,-1.031628
7752,-1.031628
8000,-1.031628
8370,-1.031628
8438,-1.031628
10179,-1.031628
10549,-1.031628
10570,-1.031628
10625,-1.031628
11604,-1.031628
12132,-1.031628
12138,-1.031628
13039,-1.031628
13053,-1.031628
13370,-1.031628
13889,-1.031628
