Evaluations,Fitness
1,1078.494219714565
7,985.2722609438216
53,979.7361735436499
79,973.1560579161849
96,935.8380550827533
99,888.1185916631205
274,870.2678881860941
1768,847.9329050721567
1863,837.648620124422
2284,825.4220161040506
3670,811.7599324390112
5269,789.2245354294828
5914,786.8110671243144
6059,770.0128666859667
8611,720.9786328174916
