Evaluations,Fitness
1,499.787026
2,491.066932
7,488.905389
10,485.996139
18,399.073965
46,75.987727
65,8.409875
102,6.682754
335,2.106688
521,1.994822
3031,1.992420
7745,1.733208
9322,0.998015
