Evaluations,Fitness
1,5134498.453732371
9,5057366.462317816
14,4639743.494693132
33,3775032.78310581
281,3632893.4255737825
544,3259246.8317792783
2163,2888949.70536198
2866,2588633.965057647
4554,2533259.4925475195
5018,2510371.53772706
5149,2462528.8418398094
5709,2371580.8521154616
6640,2370616.146540712
6696,2081026.5653850713
9322,2057834.564877428
9517,1741609.0448970788
10574,1484074.1616788984
10807,1312518.510930735
