Evaluations,Fitness
1,2.11136417e+01
3,2.10710771e+01
6,2.09839525e+01
13,2.09838904e+01
14,2.08967966e+01
54,2.08953173e+01
116,2.08795057e+01
137,2.08691506e+01
175,2.08639111e+01
240,2.08512678e+01
426,2.08287561e+01
448,2.08079976e+01
673,2.07921483e+01
736,2.07647764e+01
758,2.07411144e+01
882,2.07194498e+01
921,2.06744306e+01
1005,2.06555264e+01
1044,2.06526287e+01
1232,2.06400893e+01
1254,2.06383780e+01
1294,2.05996485e+01
1418,2.05907044e+01
1480,2.05594738e+01
1604,2.04789732e+01
1728,2.04786758e+01
1789,2.04772568e+01
1976,2.04510120e+01
2100,2.04118653e+01
2348,2.04021271e+01
2472,2.03782651e+01
2532,2.03780387e+01
2865,2.03600890e+01
2905,2.03557090e+01
2989,2.03446710e+01
3052,2.03296068e+01
3176,2.03212739e+01
3361,2.02858696e+01
3486,2.02705948e+01
3610,2.02415262e+01
3672,2.01213256e+01
3982,2.00123433e+01
4105,1.99937005e+01
4354,1.99589819e+01
4416,1.99513486e+01
4478,1.99301559e+01
4726,1.98953424e+01
4912,1.98885141e+01
5036,1.97713708e+01
5594,1.97684292e+01
5780,1.97283119e+01
5842,1.96011223e+01
5904,1.95799693e+01
6089,1.95769411e+01
6337,1.95483365e+01
6524,1.95351305e+01
6585,1.95285149e+01
6772,1.95269224e+01
6896,1.95092466e+01
7020,1.95052150e+01
7144,1.95032142e+01
7392,1.94174931e+01
7640,1.93966179e+01
7702,1.93652536e+01
7764,1.93561292e+01
7825,1.93510165e+01
8074,1.93136407e+01
8198,1.92972733e+01
8322,1.92957472e+01
8384,1.91477098e+01
8942,1.90734218e+01
9004,1.90646997e+01
9252,1.90442261e+01
9312,1.90203546e+01
9376,1.89494601e+01
9438,1.89165541e+01
9560,1.88472242e+01
9748,1.88221726e+01
9810,1.88170278e+01
9996,1.87914894e+01
10058,1.87835571e+01
10120,1.87386213e+01
10492,1.87331748e+01
10554,1.87249352e+01
10616,1.86997592e+01
11112,1.86329443e+01
11856,1.86285752e+01
11980,1.86115341e+01
12166,1.85688430e+01
12288,1.84418576e+01
12352,1.84348822e+01
12538,1.83996868e+01
12848,1.83940892e+01
13220,1.83820829e+01
13840,1.83819322e+01
13901,1.83031494e+01
14026,1.82117208e+01
14089,1.81884594e+01
14275,1.81818135e+01
14337,1.81317313e+01
14523,1.81218857e+01
14956,1.81164812e+01
14957,1.79655290e+01
