Evaluations,Fitness
1,6288084.344601
2,2429320.779281
3,2038183.747687
5,1463653.459773
9,1016822.582292
29,638339.897652
84,420890.286660
1055,400473.307745
3491,287740.080097
