Evaluations,Fitness
125,145101.071863
1125,138555.514747
1500,118707.204220
2625,107604.119078
3500,105591.254927
3750,100473.869600
4250,99679.713072
4375,91516.505676
5375,85751.064097
5625,78525.373824
6000,77823.683602
7750,74368.680214
8125,73793.570744
8500,64550.029053
11125,60020.354929
12375,54086.355224
13881,52722.534179
14152,49454.216630
