Evaluations,Fitness
125,-3.426686
250,-3.709364
375,-3.761494
750,-3.808233
875,-3.851705
1500,-3.851772
1625,-3.856658
1750,-3.861762
2250,-3.862605
2875,-3.862638
3000,-3.862673
3125,-3.862721
3250,-3.862765
4000,-3.862769
4250,-3.862780
4500,-3.862781
4625,-3.862781
4750,-3.862782
5125,-3.862782
5250,-3.862782
5625,-3.862782
6125,-3.862782
6375,-3.862782
7000,-3.862782
7125,-3.862782
7500,-3.862782
7875,-3.862782
8125,-3.862782
8375,-3.862782
8500,-3.862782
8875,-3.862782
9125,-3.862782
9375,-3.862782
9875,-3.862782
10500,-3.862782
10625,-3.862782
11000,-3.862782
11625,-3.862782
11875,-3.862782
12125,-3.862782
