Evaluations,Fitness
1,21.22132195430371
2,21.021457566579727
4,20.999936964712056
11,20.989903005626633
22,20.98966697342411
28,20.849203137492573
98,20.785482930935228
165,20.69448857775282
2421,20.689274182741432
2731,20.645098705841573
6114,20.579021918205367
9866,20.568877192312467
10886,20.476731848331024
