Evaluations,Fitness
1,1795527.609729
2,1664223.030408
7,1546604.041355
14,769982.354395
190,672101.661175
436,565100.530722
1006,453980.541255
2138,422825.000953
3237,331663.250661
7116,329038.578531
