Evaluations,Fitness
1,1597.050275
3,1341.015350
5,1246.648552
25,1225.488051
94,1185.274804
274,1081.219368
1254,1069.583949
1422,1065.584721
1448,1052.329041
1652,965.804577
2467,950.246567
2632,943.948125
2866,905.132632
3257,903.684953
3707,900.797858
3713,807.814537
5769,777.245971
6226,768.658112
6553,758.107371
6976,741.797902
7009,731.649781
7242,730.485022
7326,725.670288
7585,666.263555
11919,649.013744
13033,624.067662
