Evaluations,Fitness
1,21.429344
5,21.256020
16,21.184612
39,21.169152
41,20.999878
103,20.985679
227,20.949793
289,20.878774
536,20.872320
599,20.867935
971,20.865957
1219,20.847741
1467,20.847081
1591,20.829447
1652,20.795298
1777,20.783183
1900,20.773300
2211,20.742307
2459,20.718220
2645,20.717542
2707,20.707356
2901,20.641133
3149,20.640094
3337,20.639300
3461,20.638213
3468,20.597769
3654,20.591846
3840,20.572752
3964,20.563101
4088,20.542481
4212,20.519584
4336,20.507819
4638,20.502725
4768,20.487136
4825,20.466134
4887,20.455233
5073,20.416790
5197,20.413564
5258,20.340610
5321,20.337034
5629,20.318088
5878,20.308547
6250,20.290815
6561,20.278416
6621,20.262195
6809,20.257967
6871,20.257364
7057,20.255787
7242,20.242403
7312,20.198210
7374,20.190377
7560,20.142310
7869,20.128905
7932,20.120987
7992,20.095797
8116,20.086475
8348,20.075020
8428,20.043009
8552,20.020780
8721,20.014599
8738,20.013685
8924,20.009863
9217,19.908398
9340,19.895613
9527,19.881790
9588,19.847915
9709,19.845839
10023,19.827857
10529,19.808724
10713,19.807767
10777,19.797421
10837,19.795398
10908,19.781965
11085,19.753280
11457,19.735775
11521,19.687095
11706,19.679447
11820,19.657949
12067,19.636937
12190,19.635427
12255,19.621310
12503,19.598092
12627,19.535627
12813,19.515487
13247,19.506385
13495,19.451882
13803,19.422230
13867,19.380519
13928,19.379594
13991,19.378765
14175,19.319880
14239,19.313823
14363,19.306680
14425,19.303830
14546,19.299673
14672,19.290227
14735,19.243922
14859,19.242107
