Evaluations,Fitness
1,7.75752e+06
4,6.18944e+06
50,6.15472e+06
57,5.80547e+06
106,5.37042e+06
981,5.31089e+06
1005,5.28749e+06
1432,5.24784e+06
1518,5.24749e+06
1532,5.24625e+06
1773,5.24606e+06
1828,5.2427e+06
2087,5.24224e+06
2182,5.24057e+06
2432,5.11049e+06
2682,5.10992e+06
2932,4.91997e+06
3120,4.76538e+06
3432,4.74324e+06
3604,4.70546e+06
3755,4.70333e+06
3840,4.69641e+06
4182,4.39205e+06
4303,4.31406e+06
4586,4.29335e+06
4813,4.26392e+06
5288,4.26231e+06
5432,4.25407e+06
5556,4.22204e+06
5790,4.21505e+06
5909,3.9758e+06
5932,3.8981e+06
6036,3.89346e+06
6047,3.89316e+06
6103,3.88255e+06
6409,3.67841e+06
6521,3.61534e+06
6932,3.57573e+06
7019,3.55188e+06
7083,3.54864e+06
7260,3.44585e+06
7588,3.33131e+06
7829,3.28511e+06
7932,3.28383e+06
8124,3.28103e+06
9432,3.27861e+06
9788,3.27598e+06
9909,3.17092e+06
10297,3.13036e+06
10312,3.10173e+06
10409,3.07726e+06
10506,3.03067e+06
10659,3.02912e+06
10758,3.02404e+06
10775,2.96338e+06
10792,2.95808e+06
10831,2.95326e+06
10909,2.94492e+06
11021,2.92473e+06
11027,2.91243e+06
11159,2.89784e+06
11282,2.89784e+06
11339,2.89104e+06
11371,2.77988e+06
11614,2.77006e+06
11783,2.76932e+06
11909,2.76131e+06
12038,2.7612e+06
12052,2.75013e+06
12301,2.69319e+06
12587,2.69317e+06
12624,2.68201e+06
12731,2.60175e+06
13054,2.48901e+06
13159,2.48898e+06
13323,2.48772e+06
13409,2.47813e+06
13481,2.31923e+06
13508,1.85242e+06
13840,1.77485e+06
14033,1.77407e+06
14041,1.74726e+06
14060,1.69135e+06
14062,1.66978e+06
14327,1.66485e+06
14344,1.66477e+06
14481,1.66426e+06
14801,1.65233e+06
