Evaluations,Fitness
1,4.99994886e+02
2,4.95317503e+02
4,4.03563249e+02
7,2.98393235e+02
27,2.53239686e+01
71,1.99134508e+01
152,1.76317769e+01
164,1.71966447e+01
171,3.42903533e+00
412,2.61938539e+00
547,2.29503227e+00
653,2.17462391e+00
672,2.17132441e+00
769,2.17101416e+00
801,2.17099562e+00
1041,2.16084229e+00
1278,1.99205590e+00
1472,1.99205470e+00
1803,1.00375247e+00
1818,1.00226406e+00
2274,9.98206584e-01
2428,9.98003845e-01
2898,9.98003839e-01
3149,9.98003838e-01
3629,9.98003838e-01
3662,9.98003838e-01
3777,9.98003838e-01
4468,9.98003838e-01
5335,9.98003838e-01
5759,9.98003838e-01
5779,9.98003838e-01
6112,9.98003838e-01
6235,9.98003838e-01
7750,9.98003838e-01
8126,9.98003838e-01
8130,9.98003838e-01
8563,9.98003838e-01
8575,9.98003838e-01
9848,9.98003838e-01
10190,9.98003838e-01
12033,9.98003838e-01
13830,9.98003838e-01
14808,9.98003838e-01
