Evaluations,Fitness
1,223255
2,1548.98
4,143.484
6,106.776
9,28.7214
307,22.9272
502,4.18054
526,4.08139
787,3.28378
1020,3.12314
1755,3.12005
2794,3.02321
3072,3.01607
3293,3.00894
4957,3.00743
5032,3.00701
5281,3.00475
6092,3.00164
6615,3.00011
8104,3.00001
10304,3.00001
10565,3
14620,3
