Evaluations,Fitness
1,1653.882258
2,40.442812
4,21.758006
9,1.200482
15,-0.688742
310,-0.989747
349,-1.021048
1352,-1.031511
2147,-1.031605
2659,-1.031614
2892,-1.031618
3010,-1.031622
3137,-1.031628
3603,-1.031628
3652,-1.031628
3992,-1.031628
4257,-1.031628
4306,-1.031628
6150,-1.031628
6739,-1.031628
6893,-1.031628
7908,-1.031628
8134,-1.031628
8634,-1.031628
9480,-1.031628
