Evaluations,Fitness
1,180096.135364
2,150017.642508
34,148189.434361
127,130670.117929
1256,126773.679420
1723,123601.140974
2017,114192.468620
2713,112070.580600
3140,94330.709071
4879,84837.428518
5782,83093.502906
6365,66049.630319
8073,64406.333486
9477,53848.201195
11096,47177.102282
11100,46719.945668
11471,45752.702780
13221,44513.447878
