Evaluations,Fitness
1,1603.525646
2,1434.123909
4,1263.322234
10,1245.182585
97,1156.478118
1085,1145.313732
1183,1127.488372
1246,1126.488689
1320,1084.231207
1697,1055.988341
1995,981.503924
3276,962.341050
3599,950.581436
5033,933.435220
5126,930.090593
6074,907.119691
6407,903.212179
6618,880.845447
7424,874.381612
7529,856.867570
8213,856.638552
8726,852.341163
9846,837.474115
11266,795.474984
12913,756.293083
