Evaluations,Fitness
1,-0.840600
2,-1.637983
3,-2.026746
6,-2.741999
14,-3.211152
17,-3.510706
54,-3.672545
203,-3.828574
255,-3.847501
386,-3.852930
451,-3.856618
575,-3.857116
823,-3.857953
925,-3.861225
1130,-3.861371
1257,-3.861494
1567,-3.862181
1907,-3.862358
1925,-3.862579
2556,-3.862626
2740,-3.862637
2785,-3.862640
3146,-3.862692
3213,-3.862739
3337,-3.862740
3375,-3.862754
3463,-3.862780
3660,-3.862780
3711,-3.862781
4094,-3.862782
4892,-3.862782
5017,-3.862782
5140,-3.862782
5262,-3.862782
6016,-3.862782
6324,-3.862782
7247,-3.862782
7505,-3.862782
8091,-3.862782
8381,-3.862782
9497,-3.862782
9579,-3.862782
9604,-3.862782
10101,-3.862782
10265,-3.862782
10268,-3.862782
10720,-3.862782
11102,-3.862782
11288,-3.862782
11469,-3.862782
11474,-3.862782
11590,-3.862782
11846,-3.862782
11970,-3.862782
12032,-3.862782
12094,-3.862782
12218,-3.862782
12280,-3.862782
12839,-3.862782
12958,-3.862782
12963,-3.862782
13330,-3.862782
13583,-3.862782
13707,-3.862782
14017,-3.862782
14446,-3.862782
14762,-3.862782
14811,-3.862782
14942,-3.862782
