Evaluations,Fitness
125,365267.228022
375,285679.787644
875,217315.153779
1000,186872.817319
9125,167013.074097
