Evaluations,Fitness
1,21.01556786464736
15,21.014120448983828
17,20.987693968159864
18,20.90057488671527
38,20.897886104212763
64,20.679268446123867
189,20.6399729233753
768,20.584411495904252
1891,20.50228504853911
5160,20.471617384574287
11239,20.444269832445226
