Evaluations,Fitness
1,528735.185246
23,11452.014752
27,803.303567
258,600.000000
553,93.310573
725,93.014005
735,85.745781
2328,84.256850
2990,84.115206
7335,84.046351
11847,84.042916
