Evaluations,Fitness
125,-3.724287
375,-3.742251
500,-3.821300
625,-3.822500
750,-3.843283
1000,-3.853938
1125,-3.861713
1625,-3.861870
1750,-3.862118
2000,-3.862361
2250,-3.862547
2500,-3.862676
2625,-3.862719
2875,-3.862773
3750,-3.862774
3875,-3.862780
4125,-3.862781
4250,-3.862781
4625,-3.862781
4750,-3.862782
5000,-3.862782
5125,-3.862782
5375,-3.862782
5750,-3.862782
6000,-3.862782
6250,-3.862782
6375,-3.862782
6500,-3.862782
6750,-3.862782
6875,-3.862782
7250,-3.862782
7375,-3.862782
7500,-3.862782
7750,-3.862782
8000,-3.862782
8875,-3.862782
9000,-3.862782
9250,-3.862782
9375,-3.862782
9750,-3.862782
10000,-3.862782
10250,-3.862782
10500,-3.862782
10625,-3.862782
11125,-3.862782
11250,-3.862782
11500,-3.862782
11875,-3.862782
12000,-3.862782
12750,-3.862782
14875,-3.862782
