Evaluations,Fitness
1,499.999080
2,499.996461
4,447.577565
20,18.532300
54,4.162788
259,3.390750
269,2.982128
551,2.044666
1228,2.022120
1655,1.992134
2065,1.049893
3911,1.039418
3946,1.026898
4379,1.001987
4408,0.998007
14355,0.998005
