Evaluations,Fitness
1,3315.922381
3,2619.332659
4,2209.286703
13,1560.124771
138,1542.567524
563,1540.946969
567,1518.986758
638,1514.331654
1603,1364.146181
1888,1364.055428
2138,1363.984950
2341,1359.134424
2522,1349.996766
2529,1338.271501
2548,1336.856132
2558,1335.751321
2638,1305.768678
2774,1235.115898
3040,1228.946770
3059,1228.551254
3795,1222.966351
3868,1217.372095
4025,1217.084379
4259,1215.523909
4388,1214.734622
4888,1211.809324
5388,1210.421650
5506,1209.272102
5569,1199.511352
5638,1198.411560
5888,1162.218279
6070,1162.025469
6874,1154.699744
7357,1140.172042
7615,1131.902755
7638,1125.415049
7847,1125.163817
7888,1080.068052
8537,1027.916738
8779,983.364411
9138,982.579155
9306,982.424097
9554,981.669754
9766,971.820688
9888,971.024945
10020,958.343770
10138,958.343583
10575,950.147489
10838,932.629084
10875,912.148419
10888,911.487404
11107,910.331950
11138,910.102596
11388,903.591976
11589,903.197284
11762,901.287426
11807,895.345828
11888,889.856184
12138,889.032039
12304,882.382674
12574,882.018142
12773,881.863325
12781,881.769883
13096,866.647983
13336,864.371534
13859,823.750723
14021,819.401716
14033,818.467805
14041,787.244021
14774,787.143351
14803,776.029618
