"Evaluations","Fitness"
1,51.7535655395504
2,17.3555795627573
7,5.80573271434355
69,5.59545666963657
82,4.35888104620915
99,2.40675324693404
106,1.50152114642535
144,0.98461879787228
163,0.473676897291879
4369,0.427611702457083
11345,0.399103166108173
12982,0.39817612529988
