Evaluations,Fitness
1,2076883890.042631
2,1533875072.233305
11,1146306251.382120
16,1007355366.359824
18,548928792.289127
25,432837417.976261
150,365696605.331013
268,360053231.883499
336,346337839.921427
408,319473203.833093
482,251089292.272097
521,250494735.890152
563,223213516.426455
616,222030274.583876
764,217480169.224454
772,217192638.467245
1482,217134472.791968
2000,208842133.937963
2500,206152022.288004
3000,206125605.381768
3027,199535753.056615
3271,195334639.985453
3570,192534945.418365
3851,191505991.056905
4256,191052495.333041
4350,188589859.859608
4354,188359938.018380
4527,187205504.666822
4581,184995195.672918
4584,182830290.465311
4782,175397168.584730
5202,174510717.203320
5784,173898520.643204
5790,150305769.535079
5796,136565024.381461
5834,134774309.042333
6093,133912975.446848
6271,131579317.422801
6291,131565775.980822
6561,131361239.155048
7262,131157928.951168
8259,131134798.346779
8312,130058242.494182
9116,128070742.515092
9779,127852965.248476
10044,127655343.316198
10108,126825974.471043
10771,126769914.698374
11055,120750374.345284
11344,119752758.935773
11584,119725528.979145
11596,119691454.009191
12315,119548295.753810
12372,119493794.546431
13105,117091031.842582
14202,117058248.946397
14527,116559661.383262
14537,116539726.589107
