Evaluations,Fitness
1,1960.232922
2,1903.513257
3,1616.909059
12,1607.528381
15,1365.704730
116,1272.206506
769,1169.495067
1014,1116.999448
1139,1083.622400
1753,979.217306
4198,967.623891
4320,962.106801
4421,868.151633
4945,718.380676
6940,673.782035
7370,670.584649
8621,654.552208
8752,630.583874
8860,552.253269
9391,538.465198
10141,486.498512
13015,477.273766
