Evaluations,Fitness
1,8337940.271444
6,6999212.430603
19,6919894.121183
34,6651071.671280
51,5777204.116079
233,5495799.029352
1002,5004250.325192
1214,4556012.209786
1563,4375505.818354
1788,3838511.623590
2617,3656865.677840
2842,3547500.877460
3291,2870218.984729
4713,2687514.604127
4837,2559571.057984
5731,2372236.854847
6406,2120671.805117
7223,2029763.557306
8400,1787855.127725
10601,1741327.153911
10694,1656331.828981
12407,1555250.101505
13445,1479892.924383
