Evaluations,Fitness
1,6.68284282e+01
3,2.20458647e+01
4,1.46046181e+01
10,2.06636181e+00
40,1.76046714e+00
72,1.70614658e+00
90,5.37318365e-01
444,4.46536179e-01
558,4.01973772e-01
1122,3.98998444e-01
1867,3.98989262e-01
2393,3.98905689e-01
2674,3.98639798e-01
3023,3.98070336e-01
3790,3.97950769e-01
4656,3.97905226e-01
5336,3.97889516e-01
7138,3.97887926e-01
8612,3.97887578e-01
9170,3.97887559e-01
9288,3.97887536e-01
9598,3.97887384e-01
12456,3.97887378e-01
12574,3.97887372e-01
13876,3.97887361e-01
14124,3.97887358e-01
14434,3.97887358e-01
