Evaluations,Fitness
1,499.983
3,498.874
6,137.438
24,8.84618
320,3.97132
322,3.96825
325,3.05174
649,1.51373
1569,1.46402
1722,1.25134
1796,1.0059
1859,0.9986
2844,0.998025
3501,0.998004
4608,0.998004
5012,0.998004
7327,0.998004
7519,0.998004
8509,0.998004
8599,0.998004
13477,0.998004
13554,0.998004
14343,0.998004
