Evaluations,Fitness
1,6338901.401058
2,1120.969009
127,600.000000
299,167.794902
302,93.705097
346,93.368476
546,92.035666
1894,86.073855
7992,85.026094
9297,84.430962
10694,84.220761
13210,84.116611
14348,84.051999
