Evaluations,Fitness
1,1.6158
5,-0.138052
41,-0.879974
220,-1.00844
256,-1.02449
811,-1.03048
1267,-1.03051
1762,-1.03059
1808,-1.03106
2166,-1.03156
2567,-1.03159
3583,-1.03161
3733,-1.03161
4553,-1.03162
4555,-1.03162
5565,-1.03163
7451,-1.03163
7939,-1.03163
8656,-1.03163
9094,-1.03163
9738,-1.03163
10119,-1.03163
13325,-1.03163
13343,-1.03163
14176,-1.03163
14704,-1.03163
