Evaluations,Fitness
1,1639.036177
2,1353.139228
5,1336.334469
23,1243.936614
27,1182.110091
117,1142.800019
517,1071.768689
742,1058.938180
1404,1012.305634
1935,1000.172204
2154,976.587141
2199,890.562402
2700,885.657041
2766,860.424890
3768,782.800229
5202,758.961936
5452,740.268456
6143,718.392635
7815,699.963218
8702,684.034485
9184,672.865855
12686,658.353868
13258,653.777135
