Evaluations,Fitness
125,20.851368
250,20.788717
625,20.606716
1625,20.460307
2250,20.450329
2500,20.130561
5500,20.028286
6125,19.815516
8125,19.745006
8375,19.674262
8750,19.631551
10375,19.612346
11500,19.553791
11625,19.370134
12750,19.284167
13000,18.901932
