Evaluations,Fitness
1,1447.118605
6,1319.830671
7,1301.121299
15,1261.572348
16,1206.797080
40,1042.410905
287,1026.360395
1125,1005.849924
1161,995.569872
1640,976.963340
2053,968.468030
2115,907.181349
2480,860.517851
3425,848.931156
3785,833.118148
3914,786.225267
4350,724.428975
6754,720.447160
7286,708.719726
7661,703.112487
7807,680.514227
8504,665.457762
10341,638.773551
11740,601.431152
