Evaluations,Fitness
1,5580389.356257
3,2286541.856785
5,2148526.167806
6,1064604.026812
33,663160.565708
212,578561.657807
724,479571.620191
2646,470661.025930
3504,323227.058284
4291,255652.495727
