Evaluations,Fitness
1,2288650.6132906857
7,1590975.1765161357
9,1053997.9560100602
13,741774.0360103782
218,596321.1805268769
488,592253.0200255151
573,529456.7417330529
1238,489401.43572333344
1686,431097.5570874658
2203,351179.6588338901
2685,313836.6431981323
5814,310850.3772771101
6686,293135.8009654358
10928,275308.15040904447
