Evaluations,Fitness
1,1.0393e+09
12,8.74015e+08
15,7.47573e+08
43,5.12648e+08
74,4.86733e+08
120,4.61886e+08
245,4.48981e+08
263,4.01375e+08
275,3.67479e+08
511,3.57532e+08
553,2.87729e+08
582,2.87085e+08
776,2.70016e+08
1090,2.65449e+08
1255,2.65039e+08
1324,2.64287e+08
1353,2.6388e+08
1473,2.60302e+08
1582,2.59596e+08
1612,2.57528e+08
1755,2.57438e+08
1790,2.55296e+08
1973,2.51703e+08
2773,2.47115e+08
2800,2.35239e+08
3057,2.26396e+08
3530,2.24947e+08
4091,1.94191e+08
4351,1.86031e+08
4567,1.84446e+08
4777,1.79222e+08
5028,1.6038e+08
5330,1.59749e+08
5816,1.58702e+08
5976,1.58684e+08
6517,1.58022e+08
6767,1.57453e+08
6798,1.57354e+08
6826,1.5674e+08
7113,1.48367e+08
8119,1.48365e+08
9476,1.48139e+08
9726,1.4776e+08
10116,1.47317e+08
10795,1.47171e+08
11358,1.47036e+08
12328,1.46984e+08
14049,1.46972e+08
14285,1.43881e+08
14331,1.42512e+08
