Evaluations,Fitness
1,6176772.418315
5,5479211.866075
10,5241762.642755
39,4684507.846320
45,4053756.663403
53,3686174.549707
115,3671454.186712
239,3668167.789146
611,3647643.920825
654,3647190.127275
776,3646479.197352
897,3627738.943868
1029,3621758.517753
1099,3526732.469522
1394,3526078.808714
1517,3508978.629095
1642,3361917.138179
1719,3337320.695182
1765,3316799.154524
1843,3264932.907953
1887,3263453.388535
2015,3258928.062321
2339,3135720.571472
2387,3130070.481797
2463,3129418.924955
2539,3128988.992692
2629,3127195.642758
2835,3105103.848856
3137,3000898.339965
3255,2982916.034006
3579,2960129.948920
3621,2952783.798047
3625,2931332.102987
3657,2875380.418338
3835,2729066.537116
4207,2725493.211046
4371,2679344.169522
4447,2669457.078815
4490,2619779.901786
4571,2617244.091322
4615,2615145.237742
4695,2587770.347061
4819,2449612.268628
4864,2268598.855531
5075,2266804.679271
5109,2206463.277756
5199,2157759.514983
5740,2157717.962117
5943,2144710.855162
6105,2028456.234017
6307,2023717.821420
6431,2017807.471583
6598,2017773.685055
6846,2011880.533896
7175,1972234.205260
7299,1970820.686829
7343,1950407.530607
7472,1940091.660078
7587,1922817.370774
7840,1921470.219532
7919,1880846.823011
8167,1857663.189938
8190,1823331.024689
8227,1822822.216535
8311,1822819.747174
8502,1810643.646323
8561,1780775.501981
8596,1744800.931245
8723,1744760.441240
8810,1744656.236339
9055,1742929.153746
9180,1742532.391506
9214,1619097.266998
9492,1618887.454548
9715,1618729.574348
9740,1593338.907064
9801,1593042.277169
9838,1507357.194755
9866,1490019.433268
9990,1487720.765720
10050,1475387.964431
10092,1468903.889712
10207,1278327.189565
10236,1275404.574227
10484,1270386.567056
10666,1266853.430076
10697,1238069.397612
10732,1238062.774260
10856,1200179.589827
10980,1193783.619255
11073,1193567.870121
11189,1166371.562781
11289,1163561.966996
11316,1158888.593196
11441,1157918.063609
11716,1153501.284880
11724,1153172.040554
11811,1149069.334906
11848,1141352.862388
11972,1141311.771657
12096,1136236.705348
12157,1134476.873806
12183,1127889.775400
12402,1126951.749020
12435,1126024.850851
12684,1124717.478301
12814,1123579.200740
12900,1087414.884408
12938,1079665.834817
13023,1079657.938635
13148,1012085.028402
13181,976529.821978
13269,952439.698672
13298,948138.356343
13430,947508.564498
13460,947433.930999
13584,936314.091364
13946,935407.054228
14044,924724.771556
14139,907675.960776
14172,895885.942578
14386,890248.743429
14636,888703.441291
