Evaluations,Fitness
125,550301900.735623
2875,547550065.524015
3500,462067412.235117
3750,398912842.351975
4125,347439038.514406
6625,292791052.543699
8625,253724865.277134
9875,242605058.183152
10125,233505925.610923
11375,220427489.488130
11750,219851411.277955
12500,218996959.764992
12625,203124968.264865
13127,195876651.934014
