Evaluations,Fitness
1,21.255159
30,21.182483
39,21.129345
211,20.984616
961,20.961802
1217,20.905287
1557,20.821892
2236,20.786875
3091,20.637048
3355,20.531901
3685,20.448196
3819,20.418105
4065,20.413524
4128,20.333016
4694,19.929060
5762,19.922704
6134,19.449576
7164,19.321380
7409,19.240120
9489,19.237575
9749,19.032017
10747,19.026454
11144,18.986575
11543,18.761498
12026,18.752534
12035,18.551765
12253,18.297915
13748,17.727243
