Evaluations,Fitness
1,178168.422253
8,163254.837407
12,144893.527630
73,133913.537752
1773,130893.653802
2051,124505.644918
2198,119072.812388
2458,109891.863496
2806,93932.231911
5080,87492.090190
5193,80408.922590
6016,77594.335269
7063,73284.699012
7585,63604.589130
8375,62715.912341
10435,59570.712342
11685,49498.293300
14419,48255.752690
