Evaluations,Fitness
1,5537819.150324
5,5064808.438470
13,5064753.170372
19,4944032.228611
34,4745634.154628
39,4706466.589447
91,4220756.866198
249,4173222.775978
834,4114474.788821
990,3791128.534570
1514,3701361.466712
1599,3660112.768089
1622,3488828.881217
2048,3279619.690057
3245,2770967.291143
4670,2491904.976988
5019,2387331.717704
6990,2243029.691807
9543,2094939.509204
10115,1979268.759733
10770,1705656.811301
