Evaluations,Fitness
1,3011.133275
3,2721.405752
4,2463.905640
25,2014.843736
65,1814.154040
294,1809.226498
940,1783.338248
1285,1674.783895
1320,1670.091877
1624,1669.935892
2190,1648.236509
2802,1645.731828
3190,1630.553481
3940,1620.672384
4269,1615.915505
4501,1615.721185
4601,1449.523280
4861,1362.803261
4930,1360.764570
5098,1359.165304
5110,1356.449579
5180,1275.727986
5302,1256.324436
5502,1224.291973
5680,1182.927868
6075,1168.950243
6180,1164.926059
6557,1164.220373
6680,1161.670308
6791,1160.686510
6792,1153.064489
6811,1135.120977
6930,1130.415157
7082,1124.665160
7180,1117.439634
7430,1112.885804
7550,1107.506976
7561,1103.802631
7827,1103.094291
7831,1076.914474
8262,1076.478955
8538,1068.573003
8816,1052.726720
9592,961.121131
9930,960.897963
10180,889.535066
10568,884.884531
10578,856.166204
10758,856.000033
10816,855.658253
11030,854.784115
11061,853.546177
11180,853.145402
11254,838.039582
11365,821.229633
11504,817.093468
11528,812.538517
11553,804.482623
11823,804.398547
11871,804.306324
11930,649.841688
12180,640.550003
12430,639.531243
12551,639.133498
12619,638.888204
12624,635.616974
12860,635.324852
13042,633.252513
13085,629.942019
13092,626.859542
13180,625.592678
13313,625.085527
13680,622.910121
14180,606.595098
14430,604.508551
14516,604.252464
14823,600.023884
