Evaluations,Fitness
1,1.20162e+07
3,7.12434e+06
28,6.37516e+06
122,6.13834e+06
334,6.12615e+06
497,6.12255e+06
1025,6.10759e+06
1084,6.10123e+06
1247,6.04842e+06
1497,6.03633e+06
1541,6.036e+06
1864,6.03311e+06
1997,6.02625e+06
2378,6.01638e+06
2523,6.01603e+06
2553,5.99567e+06
2554,5.86586e+06
2594,5.86433e+06
2903,5.6536e+06
3329,5.65121e+06
3403,5.381e+06
3903,5.374e+06
3979,5.34901e+06
4030,5.34892e+06
4403,5.28488e+06
4537,4.99258e+06
4774,4.96509e+06
5007,4.96471e+06
5330,4.90042e+06
5653,4.89856e+06
6332,4.88546e+06
6375,4.81025e+06
6653,4.80814e+06
6843,4.79279e+06
7273,4.7685e+06
7479,4.72772e+06
7510,4.70702e+06
7567,4.29456e+06
7729,4.29261e+06
7979,4.19351e+06
8229,4.1416e+06
8554,4.13664e+06
8852,3.828e+06
8979,3.82577e+06
9229,3.81985e+06
9479,3.80162e+06
9565,3.80159e+06
10300,3.78256e+06
10508,3.78238e+06
11029,3.70407e+06
11047,3.63847e+06
11332,3.63812e+06
11371,3.54301e+06
11453,3.49059e+06
11604,3.48449e+06
11688,3.48317e+06
11703,3.4828e+06
11857,3.46455e+06
11953,3.46164e+06
12071,3.46047e+06
12096,3.38346e+06
12173,3.30876e+06
12273,2.92593e+06
12599,2.88617e+06
12953,2.88263e+06
13203,2.87325e+06
13517,2.87035e+06
13525,2.671e+06
13880,2.64917e+06
14130,2.64913e+06
14380,2.59759e+06
14807,2.59675e+06
