Evaluations,Fitness
1,-7.02121436e-01
2,-8.56065861e-01
3,-2.38180060e+00
5,-2.61920593e+00
11,-3.42905167e+00
73,-3.42983626e+00
130,-3.49413569e+00
264,-3.69625411e+00
344,-3.85522866e+00
393,-3.85536046e+00
1000,-3.85971300e+00
1166,-3.86025764e+00
1359,-3.86031818e+00
1368,-3.86141553e+00
1536,-3.86220060e+00
1906,-3.86234975e+00
2280,-3.86274480e+00
2405,-3.86274868e+00
2796,-3.86276106e+00
2981,-3.86276220e+00
3281,-3.86276829e+00
3292,-3.86276831e+00
3516,-3.86276896e+00
4018,-3.86276993e+00
4026,-3.86277071e+00
4160,-3.86277076e+00
4289,-3.86277382e+00
4350,-3.86278122e+00
4537,-3.86278145e+00
4661,-3.86278153e+00
4778,-3.86278195e+00
5777,-3.86278205e+00
5833,-3.86278213e+00
6205,-3.86278214e+00
6454,-3.86278214e+00
7012,-3.86278215e+00
7294,-3.86278215e+00
7599,-3.86278215e+00
9335,-3.86278215e+00
9428,-3.86278215e+00
9437,-3.86278215e+00
9685,-3.86278215e+00
9996,-3.86278215e+00
10048,-3.86278215e+00
10792,-3.86278215e+00
10978,-3.86278215e+00
11536,-3.86278215e+00
11956,-3.86278215e+00
11970,-3.86278215e+00
13148,-3.86278215e+00
13644,-3.86278215e+00
14016,-3.86278215e+00
14328,-3.86278215e+00
14452,-3.86278215e+00
