Evaluations,Fitness
1,1.11619502e+03
6,1.05985835e+03
8,9.58084612e+02
16,9.46733078e+02
39,9.46082421e+02
78,9.41764008e+02
279,9.31938271e+02
405,9.24390049e+02
566,9.07007712e+02
627,8.87055290e+02
752,8.86797541e+02
845,8.84019171e+02
900,8.77990925e+02
938,8.74818642e+02
1049,8.71426478e+02
1178,8.51850953e+02
1422,8.40517024e+02
1558,8.34759830e+02
1620,8.27989775e+02
1744,8.26266698e+02
1806,8.25447628e+02
2114,8.24333326e+02
2132,8.20694552e+02
2170,8.14159918e+02
2178,8.02028036e+02
2288,7.88296759e+02
2302,7.83813920e+02
2426,7.78833606e+02
2486,7.77834246e+02
2674,7.75819912e+02
2735,7.74190348e+02
2753,7.72478452e+02
2784,7.68629987e+02
2859,7.58903488e+02
3106,7.48871261e+02
3170,7.40265533e+02
3449,7.25424604e+02
3627,7.19247110e+02
3697,7.06328045e+02
3945,6.93338245e+02
4069,6.93175409e+02
4193,6.87965249e+02
4251,6.87399290e+02
4369,6.74978641e+02
4565,6.74757361e+02
4689,6.64264285e+02
4870,6.64027669e+02
4893,6.52612227e+02
4904,6.52345027e+02
5135,6.52102081e+02
5152,6.44593128e+02
5338,6.34580824e+02
5366,6.29446080e+02
5585,6.08954750e+02
5633,6.04590917e+02
5648,5.94722226e+02
5833,5.93663738e+02
5957,5.93411680e+02
6082,5.77745005e+02
6268,5.61319325e+02
6577,5.61314280e+02
6633,5.51233324e+02
6640,5.48344237e+02
6872,5.37885873e+02
6888,5.30990219e+02
6948,5.19246874e+02
7136,5.06091455e+02
7198,4.91946891e+02
7322,4.81925319e+02
7508,4.80024855e+02
7612,4.78295731e+02
8004,4.64161133e+02
8356,4.60681824e+02
8730,4.58686658e+02
8872,4.34205434e+02
8934,4.33857129e+02
9102,4.32400756e+02
9244,4.31919037e+02
9306,4.30600251e+02
9346,4.28770534e+02
9429,4.16966251e+02
9677,4.14068599e+02
9722,4.07705820e+02
9740,4.06249641e+02
9801,4.02326354e+02
9847,4.00729619e+02
9988,3.98242264e+02
10090,3.97294462e+02
10112,3.92968758e+02
10297,3.90911147e+02
10581,3.77200734e+02
10856,3.73119982e+02
11352,3.68002014e+02
11537,3.65831335e+02
11577,3.54543935e+02
11698,3.49081235e+02
11827,3.43280595e+02
11908,3.33705696e+02
11972,3.31343060e+02
12032,3.28274856e+02
12220,3.27818107e+02
13071,3.15239190e+02
13314,3.15199402e+02
13396,3.02613908e+02
14328,3.02388397e+02
14422,3.02367194e+02
14759,3.02122034e+02
14918,2.97933363e+02
