Evaluations,Fitness
1,29.254888
3,18.514899
4,16.522718
5,3.467822
15,1.579423
19,0.826332
218,0.745390
265,0.614397
310,0.518970
372,0.474273
686,0.438477
719,0.417527
864,0.409632
1283,0.407045
1975,0.405201
1987,0.404562
2253,0.403941
2256,0.398315
2344,0.398250
2364,0.398173
2817,0.397965
2849,0.397910
3250,0.397905
3573,0.397892
3587,0.397889
3956,0.397888
4608,0.397887
4644,0.397887
4679,0.397887
5056,0.397887
5067,0.397887
5711,0.397887
6365,0.397887
6672,0.397887
7071,0.397887
8084,0.397887
8296,0.397887
8369,0.397887
