Evaluations,Fitness
1,35352.317608
2,350.606434
5,106.657086
15,9.384512
177,8.065608
201,7.956596
327,5.114524
643,3.887195
776,3.686067
783,3.490102
885,3.281865
900,3.245652
1311,3.177564
1322,3.111321
1390,3.043741
1423,3.022984
1743,3.013030
1755,3.008252
1885,3.007024
2130,3.006358
2271,3.001904
2383,3.001221
3142,3.000203
3619,3.000081
4011,3.000070
4029,3.000004
7067,3.000001
8307,3.000001
9326,3.000001
9361,3.000000
9423,3.000000
9445,3.000000
9943,3.000000
10213,3.000000
13104,3.000000
14026,3.000000
14276,3.000000
14399,3.000000
