Evaluations,Fitness
1,38037.425131
4,18975.888734
8,3092.440135
18,2777.820727
21,0.112640
769,0.035075
913,0.010338
985,0.004622
1897,0.000237
2990,0.000155
4673,0.000032
13801,0.000000
