Evaluations,Fitness
1,245760.983726
2,205277.720155
6,201478.053047
9,183239.189464
14,169857.902935
30,153147.086311
74,137788.230994
1497,130111.161126
3032,127195.911108
3075,124270.982701
3366,115871.385734
3525,109152.244348
3796,108034.627322
5035,106867.658820
5418,102019.425560
5550,93481.096791
6583,92538.048766
7231,85743.050106
8093,79144.438679
11671,78443.250640
12781,70256.698081
13291,63057.424852
