Evaluations,Fitness
1,337345.026009
3,316821.872174
4,221278.046837
85,218654.313984
531,211487.455128
690,210780.847854
940,208520.672506
1049,181802.492057
1277,170920.207400
1647,165190.696717
1671,149759.920743
1783,143350.436978
2119,138631.804770
2179,138372.098011
2244,135068.875989
2270,123829.779313
2590,122817.126060
2726,108048.559464
3277,101984.531239
3540,95736.282110
4652,91045.600083
4915,90409.847658
5167,83065.431341
5459,78131.270921
5656,77355.904682
5801,77022.713282
6010,73745.340372
6768,69932.403410
7040,65618.286132
7354,64852.575396
7869,62792.457838
8011,61541.755236
8027,59815.646434
8893,57446.550389
9497,51707.453110
10294,49110.486447
11280,45540.948760
11399,38890.332426
13742,35921.335719
14598,30167.399681
