"Evaluations","Fitness"
1,0.00200000026025805
7,0.00200000001670376
49,0.00200000000940402
96,0.00200000000297575
814,0.00200000000061393
6497,0.00200000000057764
7321,0.00200000000057715
11211,0.00200000000000945
