Evaluations,Fitness
1,340502.755307
2,280880.773406
4,268770.166908
15,241379.808635
180,237670.926531
510,237658.599225
573,229669.700957
676,229299.325105
753,227882.828081
881,227182.385351
928,213155.145601
1001,212928.782551
1069,210527.286996
1177,208077.676905
1297,207344.686119
1376,207193.842448
1420,206769.384557
1441,203515.381705
1565,203262.121749
1667,203024.528972
1747,202994.192051
1813,200595.610919
1870,199526.800283
1996,198840.220221
2061,196203.967313
2281,192656.721010
2309,185857.284455
2491,185275.703439
2614,184830.198016
2805,181086.927716
2907,180676.080647
2989,180668.535502
3150,180293.400911
3276,175799.574463
3655,170573.965116
3673,170567.920400
3730,169828.156997
3921,166799.767290
3980,166619.788880
4021,166595.947660
4224,163134.938507
4267,161639.818017
4514,158163.645315
4541,157568.424123
4648,156704.744076
4665,156688.272270
4768,156623.822231
4789,143456.594340
4913,141122.156748
4972,140285.855520
5013,139261.637347
5285,139261.529477
5405,130884.047399
5464,130865.925557
5653,129566.633990
5711,127738.184479
5777,127704.065572
5875,124355.741668
5901,123891.271631
5958,123858.123604
6080,122315.059373
6334,121617.672463
6491,120533.256852
6521,115606.247184
6618,114633.562115
6645,114378.553006
6773,112854.753618
6828,112331.016956
6867,112229.556531
6893,111239.440972
6986,108372.262185
7200,108002.650001
7607,90305.498686
7885,89934.172806
8096,89897.179502
8563,89029.786203
8629,88050.749264
8753,86806.973116
8810,84468.615112
8877,83932.522702
8935,83922.096207
9061,79069.179227
9125,78988.686091
9184,78844.011542
9249,78628.399829
9310,78628.027252
9621,78323.416171
9803,78158.814162
9928,78155.566043
9961,77844.911378
10051,77689.498449
10117,77271.578052
10174,73634.547424
10365,73625.386405
10447,73309.937193
10737,72953.051328
10802,70307.005245
10865,70288.040431
10919,70197.259585
11113,70135.577923
11168,69339.623436
11233,68831.148034
11321,67600.803653
11357,66308.260680
11663,65987.336909
11701,65833.184395
11817,63441.640024
11853,63379.487237
12037,63377.866350
12159,57146.554056
12682,56180.790892
12721,56178.601021
12903,55593.825469
13186,54383.939457
13450,53506.675640
13521,47126.060204
13554,46865.598106
13713,46289.260016
13769,46113.744302
13799,45791.014055
14016,45790.848162
14048,45762.958768
14267,45275.725955
14416,45266.593369
14547,45235.694869
14762,45235.343432
14811,41765.275660
14953,41753.835995
