Evaluations,Fitness
1,499.997293
2,497.101906
5,460.200254
9,304.603169
15,4.237992
297,2.381704
403,2.156978
427,2.140349
625,2.006115
746,2.005525
798,1.996123
819,0.998637
1052,0.998004
1264,0.998004
1615,0.998004
1875,0.998004
2146,0.998004
2649,0.998004
3366,0.998004
3393,0.998004
4111,0.998004
4382,0.998004
4446,0.998004
4694,0.998004
6634,0.998004
7794,0.998004
8709,0.998004
9210,0.998004
10205,0.998004
12382,0.998004
12437,0.998004
14743,0.998004
