Evaluations,Fitness
125,12.367855
250,6.769599
500,6.554175
625,3.966348
875,3.494715
1000,3.479065
1125,3.336526
1250,3.033170
1500,3.001795
2500,3.000455
2625,3.000152
3125,3.000032
3250,3.000000
4000,3.000000
5375,3.000000
5750,3.000000
6250,3.000000
6750,3.000000
7000,3.000000
7500,3.000000
7625,3.000000
8000,3.000000
8500,3.000000
8625,3.000000
9125,3.000000
9250,3.000000
10000,3.000000
11000,3.000000
11375,3.000000
11625,3.000000
12125,3.000000
