Evaluations,Fitness
125,1176.884954
375,1174.568142
500,1159.788010
1000,1087.000228
1125,1075.612778
1250,1047.885133
1375,1017.626604
1500,999.687870
2000,982.661069
2125,953.592805
2250,902.220481
3500,892.089957
3750,871.353923
4000,860.625899
4250,849.512091
4750,831.943468
4875,821.487468
5000,816.934154
5125,794.037724
5250,777.568846
6250,728.478927
8250,660.554631
13375,647.856895
