Evaluations,Fitness
125,118714.118424
1625,98118.143142
4250,83057.003431
5000,81858.395956
5875,79490.949530
6625,74892.340316
7625,67797.013506
8750,62003.419137
9500,60611.384849
11125,57213.424681
12375,54751.871385
13628,54110.381164
