Evaluations,Fitness
1,21.021305
13,20.932907
27,20.678201
150,20.612970
886,20.528673
2350,20.523039
2489,20.369778
4204,20.252740
5454,19.795720
9372,19.778595
9642,19.639923
11110,19.604180
11150,19.451372
11543,19.392026
13131,19.375444
13132,19.299604
13187,19.191773
13591,18.776674
