Evaluations,Fitness
1,1.45998622e+03
4,1.11280106e+03
6,5.79748719e+01
15,9.14874750e+00
24,6.50555625e+00
42,2.54781227e+00
61,1.31521816e+00
83,8.92636715e-01
123,7.45912164e-01
144,-1.11806963e-01
152,-2.16226526e-01
170,-3.54479553e-01
205,-8.62149975e-01
247,-9.98353280e-01
261,-1.00662433e+00
431,-1.02592729e+00
577,-1.03019276e+00
1321,-1.03160701e+00
2322,-1.03161868e+00
3052,-1.03162415e+00
3127,-1.03162626e+00
3500,-1.03162657e+00
3931,-1.03162710e+00
4058,-1.03162722e+00
4235,-1.03162813e+00
4424,-1.03162818e+00
4793,-1.03162819e+00
4926,-1.03162820e+00
5022,-1.03162826e+00
5085,-1.03162840e+00
5519,-1.03162844e+00
5747,-1.03162845e+00
6760,-1.03162845e+00
7032,-1.03162845e+00
7652,-1.03162845e+00
7700,-1.03162845e+00
8568,-1.03162845e+00
8580,-1.03162845e+00
8768,-1.03162845e+00
10318,-1.03162845e+00
10876,-1.03162845e+00
11005,-1.03162845e+00
12617,-1.03162845e+00
13877,-1.03162845e+00
