Evaluations,Fitness
1,-0.021767
2,-0.191082
3,-0.539875
4,-2.444920
6,-2.879629
20,-3.077800
22,-3.139225
27,-3.731535
283,-3.770550
343,-3.780444
382,-3.838190
821,-3.857702
1378,-3.858844
1555,-3.859511
1781,-3.861233
1857,-3.861387
1881,-3.861656
1913,-3.862203
2073,-3.862278
2140,-3.862320
2178,-3.862509
2517,-3.862621
2618,-3.862624
2785,-3.862644
2842,-3.862682
2857,-3.862754
3453,-3.862764
3513,-3.862778
3888,-3.862778
3935,-3.862780
4012,-3.862780
4136,-3.862781
4150,-3.862782
4669,-3.862782
4917,-3.862782
5060,-3.862782
5150,-3.862782
5430,-3.862782
5519,-3.862782
5685,-3.862782
5772,-3.862782
5916,-3.862782
6260,-3.862782
6490,-3.862782
6568,-3.862782
6837,-3.862782
7061,-3.862782
7257,-3.862782
7279,-3.862782
7762,-3.862782
8017,-3.862782
8021,-3.862782
8142,-3.862782
8153,-3.862782
8300,-3.862782
8364,-3.862782
8719,-3.862782
8783,-3.862782
8790,-3.862782
8981,-3.862782
9079,-3.862782
9084,-3.862782
9182,-3.862782
9296,-3.862782
9725,-3.862782
9883,-3.862782
10497,-3.862782
10562,-3.862782
10926,-3.862782
11035,-3.862782
11129,-3.862782
11228,-3.862782
11624,-3.862782
11988,-3.862782
12732,-3.862782
14191,-3.862782
