Evaluations,Fitness
125,21.064006
1000,20.910049
1625,20.901774
1875,20.655782
3000,20.220105
4500,20.061530
4625,20.007108
5000,19.962345
6250,19.932564
6625,19.608556
7500,19.360599
9000,18.815141
10625,18.813061
11125,18.601938
11875,18.568299
12000,18.504828
12250,18.348507
12500,18.344384
12875,18.260612
