Evaluations,Fitness
125,1133.888712
500,1071.954755
1125,1055.434411
1250,1006.237588
1500,1002.160165
1625,996.950896
1750,961.254272
1875,939.958319
2625,896.964893
2875,870.803264
3000,795.534489
3875,777.012836
5000,776.371140
5625,769.473356
5875,735.509054
6875,716.329732
8125,707.775550
8500,650.906156
12625,650.279359
13375,646.170974
