Evaluations,Fitness
1,21.406155
2,21.226640
3,21.218561
7,21.094229
10,20.942057
35,20.879378
97,20.846984
159,20.844945
221,20.842837
283,20.835934
345,20.834203
469,20.739653
841,20.709456
902,20.684642
965,20.660464
1026,20.656345
1089,20.639185
1275,20.621025
1398,20.602852
1461,20.564867
1522,20.517672
1585,20.493683
1647,20.488292
2017,20.484270
2142,20.371520
2390,20.340203
2453,20.309540
2514,20.308339
2701,20.294410
2825,20.255605
2949,20.232715
3133,20.228905
3197,20.138703
3258,20.111626
3445,20.110874
3693,20.067618
3753,20.067381
3879,20.065626
4065,20.063918
4189,20.058409
4561,20.043699
4623,20.010712
4685,19.991679
4809,19.990803
4924,19.967248
4984,19.932871
5048,19.907774
5172,19.902033
5234,19.892845
5356,19.810022
5668,19.799554
5729,19.792363
5792,19.748552
6164,19.742310
6225,19.730290
6412,19.629938
6536,19.627255
6784,19.597272
6846,19.573703
6908,19.451107
7340,19.447615
7404,19.421326
7464,19.368485
7589,19.357718
7714,19.335945
8094,19.311708
8209,19.303365
8240,19.123610
8857,19.087609
8984,19.039982
9172,19.023654
9231,19.009202
9420,18.977558
9668,18.967009
9792,18.938616
9976,18.933083
10099,18.879459
10224,18.810334
10288,18.795790
10469,18.793006
10660,18.789095
10720,18.775471
10843,18.750172
11032,18.710691
11156,18.702389
11339,18.688642
11466,18.640223
11528,18.620902
11652,18.555875
11877,18.547859
11961,18.544419
12082,18.538540
12125,18.536173
12148,18.535841
12249,18.522588
12272,18.513052
12407,18.469257
12531,18.340618
12593,18.196436
12903,18.186743
13151,18.175897
13275,18.125259
13399,18.109067
13585,17.985834
13646,17.979285
13895,17.962720
14205,17.937853
14390,17.821744
14433,17.735614
14498,17.654149
14558,17.635603
14622,17.624247
14681,17.574873
14746,17.550243
