"Evaluations","Fitness"
1,0.00200000447194726
6,0.002000002147697
14,0.00200000087901058
23,0.00200000023041177
25,0.0020000001660051
42,0.00200000001989208
54,0.00200000000866124
378,0.00200000000844209
394,0.00200000000598993
395,0.00200000000162836
401,0.00200000000144126
1538,0.00200000000143564
1565,0.00200000000105871
1644,0.00200000000068032
3269,0.00200000000057056
4418,0.00200000000026007
20271,0.00200000000016868
41292,0.00200000000006829
