Evaluations,Fitness
125,398856.468249
750,357144.930889
1625,252401.656158
9250,232990.211573
10375,227899.251554
11250,189596.018778
