Evaluations,Fitness
125,635091.624282
500,588917.204948
625,490280.868908
750,449925.423732
1125,397747.824462
1250,373526.433699
2875,339411.628559
3125,328637.639636
7250,250592.566290
13670,224945.080282
