Evaluations,Fitness
1,6579009.043162
2,4033896.838758
4,923504.219361
10,890057.782426
14,735564.296894
17,516324.718901
22,331404.196212
79,267974.825040
6349,240525.461411
7623,233036.046118
10032,191386.275978
