Evaluations,Fitness
1,21.612018
2,21.480849
3,21.448826
4,21.305115
9,21.235807
23,21.137309
147,21.109889
271,21.080011
519,21.066123
829,21.038671
953,21.015403
1139,21.007918
1449,21.004430
1635,20.980921
1758,20.963859
1821,20.948930
1882,20.945831
1945,20.942309
2441,20.937552
2503,20.910487
2626,20.878190
2689,20.871356
2751,20.838702
2875,20.834117
2937,20.799977
2998,20.794051
3185,20.774437
3247,20.769790
3370,20.759288
3557,20.725247
3619,20.712817
3853,20.706645
3976,20.698574
4039,20.697199
4101,20.674073
4473,20.658919
4535,20.625053
4659,20.609751
4907,20.576311
5045,20.521618
5169,20.461279
5665,20.441088
5727,20.427535
5913,20.392769
6098,20.358808
6285,20.313590
6346,20.294252
6409,20.285144
6468,20.282904
6533,20.258956
6657,20.176543
7835,20.172911
7897,20.153313
8765,20.143537
8827,20.141378
8836,20.035817
9083,19.981056
9270,19.966447
9642,19.963699
9703,19.963064
10075,19.943800
10200,19.910835
10439,19.908829
10448,19.843612
10820,19.841182
11192,19.839480
11431,19.784048
11493,19.755299
11617,19.680772
11679,19.625052
12050,19.610904
12237,19.609014
12733,19.601465
12795,19.600571
13291,19.574567
13601,19.530962
13725,19.461400
14034,19.456256
14159,19.446656
14207,19.446600
14331,19.428591
14641,19.417626
14965,19.387046
