Evaluations,Fitness
1,499.99414886286706
3,498.3255995303515
4,497.42498482653366
9,451.4761917377742
17,442.66974709276417
18,62.111500348386016
20,24.543837347861885
63,22.009081405321922
142,13.931998249151235
267,12.438772348339421
625,8.964958392135257
688,1.492975789286363
1277,0.9980968534281944
5110,0.9980075753617096
10133,0.9980058687372217
10316,0.9980044511362006
14582,0.9980039398417507
14787,0.9980038703765146
