"Evaluations","Fitness"
1,13.4472714274016
4,11.5741519574695
6,4.34106963896269
15,0.904448014972715
30,0.625723700863094
774,0.555431842055588
4295,0.398348846351306
17175,0.397997503310553
36042,0.397991575404417
37397,0.397961680181789
40223,0.397902542050314
42593,0.397900628898629
44352,0.397895761540314
