Evaluations,Fitness
1,20.792959
3,15.527674
4,13.373838
6,1.977085
37,0.799555
272,0.762493
311,0.677749
330,0.400937
487,0.398694
2068,0.398560
2307,0.398499
2383,0.398028
3438,0.398027
3478,0.397992
4546,0.397915
4967,0.397894
5811,0.397890
5837,0.397889
6886,0.397888
7308,0.397888
8608,0.397887
8727,0.397887
9754,0.397887
10813,0.397887
12726,0.397887
14133,0.397887
14494,0.397887
