Evaluations,Fitness
1,1393.039554
52,1286.481381
479,1277.511485
531,1062.737111
2362,1055.232148
2599,1025.647068
3188,1012.495145
3619,980.187546
3838,975.194771
4089,819.395651
4124,741.200659
4337,738.188882
7928,696.277212
8917,686.140893
9057,651.306815
9081,630.438235
9087,617.934261
9094,611.772441
12896,566.235435
12995,529.775141
