Evaluations,Fitness
1,64850645988.091476
2,605923330.026383
4,4833985.628333
13,3049936.565452
14,77328.405617
37,1163.791105
175,600.000000
259,402.813481
282,114.887059
299,108.904292
342,102.808309
550,100.003207
565,92.034621
2535,91.521121
2538,88.233226
2568,85.108943
9118,84.548363
9129,84.379120
10199,84.168057
10944,84.040830
11370,84.018861
11602,84.013849
13196,84.010069
