Evaluations,Fitness
1,1.03526578e+03
2,1.03368740e+03
7,9.91877276e+02
36,9.88586820e+02
53,9.87020851e+02
157,9.78786155e+02
253,9.73175177e+02
306,9.59113217e+02
379,9.57808448e+02
393,9.54679398e+02
441,9.45016782e+02
456,9.41143589e+02
565,9.29828807e+02
627,9.18398213e+02
750,9.12014617e+02
813,9.07614975e+02
875,8.95841553e+02
1117,8.85924121e+02
1295,8.74418392e+02
1303,8.47977553e+02
1489,8.44853826e+02
1542,8.42610940e+02
1558,8.37957618e+02
1620,8.37002794e+02
1674,8.28713472e+02
1744,8.14070859e+02
1798,8.04471058e+02
1806,7.98245968e+02
2168,7.98110257e+02
2178,7.92691593e+02
2238,7.79394418e+02
2412,7.78983203e+02
2426,7.70884893e+02
2486,7.68401506e+02
2549,7.61116509e+02
2611,7.48697330e+02
2735,7.42671598e+02
2858,7.38657549e+02
2921,7.25791197e+02
3033,7.25355476e+02
3278,7.22944950e+02
3401,7.03204345e+02
3417,6.83881603e+02
3656,6.67273367e+02
3849,6.66550190e+02
3894,6.48873109e+02
3913,6.43247483e+02
3975,6.41492637e+02
4025,6.32225878e+02
4098,6.30648166e+02
4271,6.15574985e+02
4346,6.05619489e+02
4409,6.00820223e+02
4470,6.00372501e+02
4533,5.74333321e+02
4781,5.68045857e+02
4841,5.65449593e+02
4905,5.63569499e+02
4966,5.59030405e+02
5029,5.57879849e+02
5401,5.50861464e+02
5525,5.46708488e+02
5755,5.29887992e+02
5773,5.13396617e+02
5833,5.13367967e+02
5872,5.10434968e+02
6250,5.01967703e+02
6703,4.92862193e+02
7074,4.92331763e+02
7137,4.90195939e+02
7322,4.89418818e+02
7866,4.78924432e+02
8240,4.69233992e+02
8360,4.68806407e+02
8377,4.55917908e+02
8601,4.47343628e+02
8625,4.40400868e+02
8852,4.34887572e+02
9181,4.34882807e+02
9224,4.32419909e+02
9245,4.23580222e+02
9493,4.17295132e+02
9554,4.16020815e+02
9677,4.07056570e+02
10221,3.97161384e+02
10590,3.96778548e+02
10712,3.93078882e+02
10793,3.85693913e+02
10916,3.74971284e+02
11042,3.72814041e+02
11537,3.61703056e+02
11579,3.55246238e+02
11953,3.53459401e+02
12097,3.45561732e+02
12654,3.45287805e+02
12841,3.44615889e+02
13059,3.32097162e+02
13089,3.25188037e+02
13150,3.22999400e+02
14139,3.18724924e+02
14431,3.12253076e+02
14550,3.02679637e+02
14638,3.01176885e+02
