Evaluations,Fitness
1,499.996
2,499.921
3,1.19004
343,0.999885
346,0.998013
362,0.998004
1035,0.998004
6819,0.998004
7559,0.998004
8279,0.998004
9098,0.998004
9917,0.998004
10406,0.998004
12906,0.998004
13051,0.998004
14656,0.998004
