Evaluations,Fitness
1,1.09870556e+03
9,1.08823070e+03
12,9.21578915e+02
182,9.12831060e+02
309,9.04906382e+02
382,9.01519203e+02
446,9.00957665e+02
507,8.86542077e+02
756,8.67041081e+02
880,8.66005371e+02
1126,8.45496078e+02
1176,8.43297953e+02
1498,8.42993131e+02
1643,8.23115106e+02
1835,8.18175129e+02
1892,8.14400173e+02
1934,8.12122008e+02
2118,7.94937529e+02
2162,7.94669092e+02
2365,7.84111731e+02
2430,7.82035565e+02
2541,7.81693303e+02
2636,7.72471010e+02
2665,7.71961965e+02
2790,7.70723342e+02
2827,7.65354736e+02
2862,7.59776074e+02
2987,7.59203582e+02
3009,7.39090676e+02
3075,7.33663652e+02
3255,7.28636973e+02
3499,7.28460014e+02
3627,7.25208873e+02
3819,7.12794891e+02
4067,7.08737545e+02
4122,7.05168059e+02
4368,7.03734703e+02
4470,6.93646140e+02
4496,6.85860364e+02
4532,6.84075584e+02
4563,6.76226986e+02
4935,6.70633477e+02
5119,6.52909224e+02
5488,6.52855780e+02
5613,6.50370935e+02
5736,6.47308861e+02
5896,6.38060907e+02
5956,6.36007116e+02
6133,6.35801139e+02
6144,6.33592542e+02
6233,6.30832809e+02
6376,6.30691333e+02
6381,6.25374323e+02
6454,6.10900209e+02
6499,6.08268540e+02
6577,6.00220530e+02
6757,5.94217294e+02
7003,5.94133382e+02
7012,5.93841261e+02
7043,5.82480453e+02
7101,5.77614146e+02
7136,5.72863654e+02
7241,5.49013459e+02
7487,5.48932471e+02
7622,5.47676856e+02
7941,5.43248400e+02
7988,5.40266381e+02
8113,5.31251410e+02
8189,5.26443560e+02
8252,5.21906156e+02
8500,5.21876409e+02
8685,5.16092642e+02
8852,5.16070797e+02
8996,5.12060914e+02
9056,5.09541821e+02
9226,5.05212284e+02
9430,5.05175793e+02
9554,4.91600619e+02
9979,4.90575442e+02
10101,4.89389865e+02
10103,4.87968271e+02
10115,4.69665726e+02
10239,4.66159604e+02
10347,4.60995844e+02
10363,4.44364037e+02
10547,4.36710601e+02
11292,4.36078686e+02
11337,4.35843910e+02
11461,4.35812627e+02
11595,4.23326514e+02
11719,4.23293585e+02
11829,4.21478893e+02
11905,4.20898118e+02
11972,4.13053643e+02
12033,4.11830599e+02
12196,4.05821228e+02
12220,3.99766416e+02
12572,3.99554509e+02
12902,3.98938418e+02
12943,3.95352542e+02
13088,3.94279056e+02
13149,3.93373048e+02
13269,3.81094496e+02
13331,3.79429895e+02
13436,3.79423090e+02
13579,3.77210562e+02
13827,3.77202945e+02
14571,3.76088400e+02
14688,3.72740473e+02
14936,3.69422609e+02
14951,3.68291207e+02
