Evaluations,Fitness
1,-0.000000
6,-0.000014
9,-0.014302
22,-0.164092
43,-2.760860
434,-3.252566
714,-3.447147
742,-3.556996
1109,-3.601135
1219,-3.603669
1225,-3.779093
1404,-3.813606
1651,-3.832263
2353,-3.854322
3156,-3.855531
3469,-3.861698
3701,-3.862082
3928,-3.862119
4444,-3.862557
5067,-3.862574
5454,-3.862677
5743,-3.862728
5883,-3.862747
6273,-3.862772
7037,-3.862781
7849,-3.862782
9477,-3.862782
9676,-3.862782
10243,-3.862782
10318,-3.862782
10506,-3.862782
10808,-3.862782
11264,-3.862782
11490,-3.862782
11724,-3.862782
12167,-3.862782
12314,-3.862782
12579,-3.862782
12721,-3.862782
13537,-3.862782
14219,-3.862782
14461,-3.862782
