Evaluations,Fitness
1,3977710.208199
2,1287400.054132
3,1168696.647551
29,819604.404708
179,713043.709187
237,670120.164234
350,584876.370110
472,568425.366895
503,524426.905263
1127,455195.520088
1658,452995.326896
1861,451574.722810
2922,446020.484742
3190,399839.059282
4022,380664.265633
6148,319508.889162
7585,316791.161912
8337,284612.056171
