"Evaluations","Fitness"
1,0.00200005344858465
5,0.00200000242516913
16,0.00200000019839659
19,0.00200000000333966
902,0.0020000000021518
1442,0.00200000000116342
1790,0.0020000000007709
2990,0.00200000000072656
3466,0.0020000000005969
5197,0.00200000000056929
8302,0.00200000000045841
