Evaluations,Fitness
1,-1.351975
7,-2.420242
10,-2.867957
20,-2.935538
45,-3.015074
47,-3.017464
59,-3.041805
66,-3.534045
118,-3.612457
303,-3.755506
489,-3.770928
533,-3.848332
970,-3.851404
1216,-3.852806
1261,-3.856923
1352,-3.860757
1821,-3.861579
1837,-3.862586
2319,-3.862656
2328,-3.862772
3020,-3.862777
3558,-3.862778
3918,-3.862780
3953,-3.862780
3982,-3.862781
4409,-3.862782
5020,-3.862782
5407,-3.862782
5448,-3.862782
5727,-3.862782
5946,-3.862782
6311,-3.862782
6558,-3.862782
6584,-3.862782
6984,-3.862782
7318,-3.862782
7319,-3.862782
7468,-3.862782
7770,-3.862782
7987,-3.862782
8062,-3.862782
8211,-3.862782
9222,-3.862782
9435,-3.862782
9505,-3.862782
9640,-3.862782
9765,-3.862782
9785,-3.862782
9938,-3.862782
10158,-3.862782
10172,-3.862782
10385,-3.862782
10767,-3.862782
10774,-3.862782
10842,-3.862782
10872,-3.862782
10886,-3.862782
11261,-3.862782
11311,-3.862782
11340,-3.862782
11585,-3.862782
11994,-3.862782
12177,-3.862782
12944,-3.862782
