Evaluations,Fitness
1,1926.886272
2,1879.782245
3,1720.038632
5,1402.836563
26,1363.563989
40,1320.394681
60,1219.728755
246,1218.155816
291,1217.901019
494,1213.756004
543,1199.608152
990,1198.918064
1040,1198.916902
1466,1142.910797
1590,1140.992540
1650,1127.741749
1734,1127.539137
1858,1113.256347
1892,1111.871620
2086,1092.378053
2210,1090.996054
2458,1047.666571
2511,1027.402039
2582,1024.585743
2706,1024.432132
2757,995.910603
2830,990.996775
2883,990.824413
2954,990.652633
3202,990.500325
3326,990.349121
3504,984.931710
3547,977.708795
3602,977.628791
3624,959.318148
3770,924.270979
3795,889.799653
3856,888.803881
3972,888.431457
4097,861.907471
4220,861.466059
4264,803.016622
4511,802.493701
4756,802.329758
4903,798.685253
5008,797.458751
5017,776.601715
5040,774.335662
5097,774.031022
5164,767.789192
5288,750.318989
5387,745.375246
5469,744.708490
5536,744.575326
5883,744.196960
5967,743.565840
6088,741.532793
6130,730.738198
6143,721.793977
6156,680.895427
6211,680.827554
6575,679.716175
6873,678.806083
6887,674.546164
6947,665.726318
7011,664.213766
7071,660.987548
7120,651.837591
7207,642.413664
7369,632.948625
7520,632.844439
7644,632.749084
7702,609.195780
7737,571.690357
7860,564.095963
7887,560.069061
7947,559.982618
8011,558.379489
8135,524.959599
8631,509.424663
8691,508.801816
8755,508.189387
8813,488.942754
8850,488.235951
8938,488.031114
8971,486.836125
9061,484.191729
9229,484.156829
9433,484.081214
9435,468.121663
9496,461.534889
9555,459.021364
9679,457.002886
9841,411.404437
9926,410.077678
10083,404.363722
10179,399.039744
10367,393.062181
10491,345.601371
10739,344.746253
10863,340.366076
10919,340.178116
10987,332.097029
11111,331.964187
11194,331.123144
11220,318.138922
11359,288.698338
11415,288.655634
11468,288.206035
11483,271.793899
11590,271.683015
11663,270.584268
11716,270.344608
11910,270.176984
11979,268.633505
12103,268.621606
12599,268.500704
12657,268.349474
12684,256.250369
12804,255.809838
12929,239.407680
12953,231.895667
12971,223.628547
13274,223.083738
13343,222.985573
13467,222.785194
13553,217.626640
13647,212.686951
13896,212.503225
14040,212.491079
14170,212.345981
14195,212.235791
14320,182.203937
14414,181.923173
14459,181.919972
14637,181.659702
14668,181.124370
14707,180.991555
14764,179.640159
14816,178.986412
14831,177.908471
