Evaluations,Fitness
1,-1.346519
10,-1.378041
17,-2.757973
47,-2.926858
57,-3.004585
97,-3.843001
138,-3.851580
221,-3.859169
294,-3.861004
555,-3.861439
965,-3.862327
1628,-3.862581
1916,-3.862584
2312,-3.862658
2369,-3.862717
2494,-3.862744
3364,-3.862771
3552,-3.862780
3981,-3.862780
4101,-3.862780
4233,-3.862780
4668,-3.862781
4777,-3.862781
5040,-3.862782
5223,-3.862782
5763,-3.862782
5784,-3.862782
6005,-3.862782
6203,-3.862782
6389,-3.862782
6637,-3.862782
6791,-3.862782
6877,-3.862782
7815,-3.862782
7869,-3.862782
7877,-3.862782
7939,-3.862782
7994,-3.862782
8373,-3.862782
9476,-3.862782
10347,-3.862782
10915,-3.862782
11659,-3.862782
12830,-3.862782
13076,-3.862782
13395,-3.862782
13581,-3.862782
13821,-3.862782
13890,-3.862782
14192,-3.862782
14319,-3.862782
14329,-3.862782
