Evaluations,Fitness
1,21.548847
2,21.434051
4,21.254724
34,21.170294
157,21.168784
305,21.161229
367,21.143168
530,21.140239
739,21.126483
810,21.109889
972,21.086465
1096,21.062401
1802,21.054758
1832,21.039325
1956,21.025586
1963,21.014156
2080,21.003571
2142,20.997535
2236,20.990245
2328,20.957996
2484,20.952382
2576,20.936518
2638,20.932379
2652,20.886467
2782,20.871246
2906,20.870948
2948,20.855857
3030,20.852134
3134,20.833478
3278,20.829780
3320,20.827515
3458,20.797804
3643,20.797586
3706,20.771884
3830,20.768643
3891,20.764790
3972,20.715720
4220,20.689380
4282,20.675095
4580,20.663231
4765,20.645250
4828,20.551829
5261,20.515609
5385,20.515082
5448,20.480654
5634,20.453739
5696,20.433600
5820,20.399447
5944,20.385311
6378,20.362334
6434,20.346584
6558,20.337979
6618,20.313752
6806,20.279306
6988,20.276380
7178,20.266149
7734,20.247863
8108,20.204899
8418,20.191829
8726,20.180714
8920,20.089793
9044,20.072981
9599,20.067183
9664,20.053426
9848,20.052019
10216,20.011726
10278,20.007883
10526,19.989317
10650,19.936011
11022,19.932751
11083,19.923610
11518,19.884000
11580,19.851878
11766,19.834825
12510,19.739634
12944,19.708526
13006,19.708207
13315,19.692200
13502,19.634555
13688,19.610868
13692,19.555736
13754,19.521746
14002,19.518102
14126,19.488516
14434,19.486841
14498,19.450862
14622,19.342872
14684,19.331387
14994,19.286777
