Evaluations,Fitness
1,1.15209e+07
2,1.03244e+07
3,8.94128e+06
4,8.84194e+06
6,6.03714e+06
74,5.82443e+06
199,5.7415e+06
297,5.73769e+06
357,5.73723e+06
835,5.73681e+06
874,5.736e+06
1131,5.72961e+06
1285,5.67233e+06
1631,5.67108e+06
1869,5.61183e+06
1993,5.58053e+06
2097,5.47071e+06
2265,5.4702e+06
2286,5.4179e+06
2743,5.41765e+06
2817,5.30837e+06
2821,5.28797e+06
2823,4.94585e+06
2898,4.85824e+06
3533,4.85362e+06
3648,4.84688e+06
3821,4.84458e+06
3898,4.747e+06
4148,4.74488e+06
4258,4.73133e+06
4363,4.54137e+06
4648,4.40647e+06
4767,4.17898e+06
5648,4.09778e+06
6283,4.08584e+06
6320,4.08303e+06
6398,4.0807e+06
6843,4.07977e+06
7038,3.8377e+06
7308,3.83471e+06
7949,3.59983e+06
8199,3.50941e+06
8375,3.50618e+06
8449,3.48374e+06
8610,3.47291e+06
8699,3.46845e+06
9199,3.44794e+06
9371,3.4242e+06
9859,3.33417e+06
10949,3.33395e+06
11449,3.30937e+06
11554,3.20726e+06
11949,3.20102e+06
12284,3.07619e+06
12364,2.77678e+06
12782,2.58199e+06
12871,2.5795e+06
12949,2.57317e+06
13124,2.56963e+06
13699,2.53237e+06
13761,2.53231e+06
13821,2.53207e+06
14078,2.52548e+06
14252,2.4896e+06
14699,2.26792e+06
14823,2.26759e+06
