"Evaluations","Fitness"
1,-2.18382699816425
2,-3.31673854044865
58,-3.50207861138669
119,-3.67720850055623
244,-3.68422018947495
1881,-3.79492733254699
3210,-3.80800081086773
3259,-3.85756560000803
4137,-3.85893108942461
5018,-3.85970830842552
7227,-3.86110540782404
7283,-3.8612320223241
7541,-3.86213555844937
12384,-3.86240471593895
13697,-3.8624218862991
