Evaluations,Fitness
1,2702.175837
2,2524.964866
3,2108.411665
13,2014.274719
75,2004.517842
186,1993.821035
383,1943.378674
507,1937.067929
571,1923.371029
819,1915.411017
879,1903.438715
943,1876.049397
1067,1759.951151
1172,1744.163010
1417,1679.579137
1745,1634.578300
1788,1593.181435
1870,1593.179920
1935,1584.243121
1994,1583.588725
2241,1571.346672
2285,1570.299032
2366,1570.187649
2488,1552.628345
2653,1545.863102
2679,1526.732818
2781,1525.308782
2860,1498.799169
2902,1486.846680
2927,1390.578243
3603,1337.953681
3642,1337.457386
3671,1294.306882
3919,1293.842830
4137,1286.679826
4262,1251.269494
4280,1191.108883
4347,1158.168934
4539,1154.122371
4636,1146.857173
4663,1121.257881
5092,1082.442023
5159,1081.360808
5283,1081.180023
5371,1056.946597
5396,1055.920743
5458,1054.784036
5644,1052.244550
5768,1051.028528
5869,1043.944195
5997,1041.513439
6201,1038.411301
6232,1037.377922
6275,998.590456
6399,993.015165
6578,992.995818
6739,989.951970
6867,977.967661
6895,968.019142
6953,967.921203
7079,966.616775
7143,946.189179
7322,945.236313
7353,932.654892
7391,932.446819
7449,904.979011
7821,861.170043
7860,825.875453
8011,824.424861
8068,817.403064
8135,817.402383
8259,816.994068
8437,779.945658
8723,778.316224
8755,776.609755
8970,766.986414
9127,751.906413
9183,751.658497
9306,751.293122
9341,749.881217
9375,749.209662
9462,729.687809
9553,702.187097
9940,666.940529
9977,665.024321
10206,558.993358
10320,530.022362
10345,529.942038
10491,529.900377
10546,529.401627
10755,529.332864
10827,529.113581
10836,528.261371
10919,525.051275
10927,511.146253
10952,509.434692
11003,509.050302
11051,508.997687
11127,508.948149
11199,508.945878
11222,504.621435
11235,504.599783
11359,487.322582
11414,487.055599
11442,485.249660
11731,484.923937
11789,481.249351
11855,479.128143
12034,476.387126
12103,476.192541
12158,476.010266
12284,473.849786
12319,463.135855
12491,462.443897
12562,462.179421
12615,460.451842
12739,460.133529
12788,459.912800
12808,450.837464
12830,417.575905
12971,410.453997
13050,408.753748
13081,408.625539
13151,408.624128
13219,407.761568
13327,407.757542
13343,407.058938
13557,407.039568
13648,406.667766
13678,406.447355
13715,406.354761
13801,406.123652
14042,333.614673
14087,332.550375
14211,332.362698
14267,332.359885
14315,332.328073
14391,331.145197
14442,330.772334
14955,329.650875
