Evaluations,Fitness
1,2.811602
11,-0.686211
384,-0.699078
430,-0.781562
465,-0.815805
541,-0.880483
562,-0.885954
587,-1.019217
965,-1.025234
1530,-1.029228
1693,-1.031193
2396,-1.031319
2734,-1.031550
3142,-1.031617
3368,-1.031620
3457,-1.031627
3893,-1.031627
4096,-1.031628
4114,-1.031628
4221,-1.031628
5093,-1.031628
5143,-1.031628
5147,-1.031628
5154,-1.031628
5271,-1.031628
5339,-1.031628
5885,-1.031628
5905,-1.031628
6264,-1.031628
6350,-1.031628
6385,-1.031628
6655,-1.031628
6840,-1.031628
7035,-1.031628
7693,-1.031628
8392,-1.031628
8776,-1.031628
8892,-1.031628
9288,-1.031628
9385,-1.031628
