Evaluations,Fitness
1,21.418233
2,21.375832
3,21.357039
4,21.282862
7,21.209546
9,20.999064
38,20.985985
67,20.957460
75,20.870191
143,20.866608
236,20.773926
380,20.760821
538,20.719938
653,20.713377
929,20.687177
1268,20.650824
1393,20.646334
1811,20.568606
2176,20.256178
5984,20.254778
6065,20.096643
6821,20.048413
7606,20.007960
7824,19.964928
7827,19.523436
7981,19.297887
9602,19.294446
10638,19.123439
11751,18.950491
14116,18.836365
