Evaluations,Fitness
1,1688.7488134890416
4,1466.2729877700096
25,1312.9496698853743
46,1221.161407457218
107,1181.211658575284
2191,1175.3814145468473
2321,1171.6259799175273
2464,1054.564429780913
2873,989.5266434282443
3318,958.1980604306975
3970,894.4595824543969
6324,863.6234693020016
6336,837.3180260729631
6589,747.4428443284696
6990,720.6358685642543
8899,671.6269399004949
12272,567.2941100055979
