Evaluations,Fitness
1,3460.947832
2,3259.751665
4,2942.670694
5,2902.105035
6,2474.684249
20,2172.700356
49,2077.753298
69,2074.102518
352,2072.096432
562,1871.228967
590,1649.638586
624,1593.988125
1137,1565.682336
1425,1543.376880
1555,1381.708843
1680,1352.230558
2027,1311.594827
2035,1168.077550
2670,978.538174
2976,906.543811
3264,898.395231
3543,813.144473
3797,633.380888
4062,625.265029
4500,605.421454
4540,551.869626
5569,541.984985
5694,512.428576
6251,465.344788
7376,439.084027
7533,376.523657
9139,366.283187
9376,358.643766
9653,348.759948
10145,303.542878
11665,277.615405
12066,249.868167
13236,245.652504
14591,239.323360
14742,236.692097
