Evaluations,Fitness
1,21.694631386692837
2,21.3977974021732
10,21.343520441575368
15,21.257451699352863
36,21.184770677873455
278,21.151865980343004
569,21.05847792326518
940,21.024506705365187
1051,20.951084090647083
3107,20.927884443369624
3611,20.84833985437961
5947,20.829792533820967
6018,20.78114629791199
6258,20.692118227043128
6567,20.342205344104894
10320,20.285107224293725
12273,20.242553596666454
14255,20.13960002911084
14860,20.051303052400492
