Evaluations,Fitness
1,21.543841013087107
2,21.522847801549936
3,21.444540556091546
4,21.15308243819268
46,21.086671366680868
543,21.062462105903542
2414,21.057568911233606
2668,21.04541240948987
2800,21.020997258185847
2824,20.940688750323268
4774,20.86746365650224
7333,20.390237985717555
11113,20.26849208340722
13846,20.18219174140423
14887,20.051322325850588
