Evaluations,Fitness
1,198779.781582
2,191132.056671
10,190876.674731
13,171763.538203
14,165415.164553
45,155900.822271
517,155626.938187
731,133498.740669
2098,129872.855026
2359,124574.294929
2661,120901.467378
2803,116022.032720
3485,114931.134966
3620,114336.626939
3816,102666.832059
4491,97292.430110
5031,97190.820395
5180,94050.620058
6291,85576.363342
6755,80904.687234
8334,70475.355619
11348,69466.206520
12388,62505.240733
