Evaluations,Fitness
1,1449.2051613923293
2,1309.3422749720607
15,1281.1743731050137
51,1224.9418828101248
160,1147.4623460510784
338,1042.1404315694906
910,947.6788783506698
3040,901.9487445389013
3451,887.5228680228005
5781,874.88344684095
5995,845.2995357049434
6622,843.983686719844
7180,837.0446177293518
9265,816.665494995629
9383,812.9530180353727
9698,811.637087515355
9963,765.5408468809657
10883,750.5030086298702
14510,723.2140246366947
