Evaluations,Fitness
1,-0.000000
2,-0.000000
6,-0.000000
11,-0.000000
12,-0.000037
15,-0.032474
34,-0.044796
68,-1.790169
112,-2.368619
492,-2.602411
496,-2.635072
673,-2.644166
753,-3.040863
786,-3.275378
858,-3.351982
933,-3.552622
1016,-3.624334
1054,-3.846220
2297,-3.846246
2581,-3.851020
3092,-3.857179
3767,-3.859117
3948,-3.862069
4394,-3.862157
5154,-3.862229
5178,-3.862468
5782,-3.862643
6123,-3.862667
6348,-3.862707
6623,-3.862718
6739,-3.862774
7240,-3.862775
7301,-3.862777
8190,-3.862780
9214,-3.862781
9666,-3.862782
10227,-3.862782
10354,-3.862782
10551,-3.862782
10786,-3.862782
11389,-3.862782
11902,-3.862782
12253,-3.862782
12354,-3.862782
12415,-3.862782
13009,-3.862782
13032,-3.862782
13069,-3.862782
13734,-3.862782
13981,-3.862782
14187,-3.862782
14227,-3.862782
14368,-3.862782
14529,-3.862782
