Evaluations,Fitness
1,5097.564952
2,54.416225
34,4.872646
557,4.123213
946,4.072329
1268,3.662123
1306,3.452662
1404,3.232127
1431,3.037895
1779,3.037449
2119,3.029136
2299,3.013320
2305,3.007399
2587,3.004642
2724,3.003778
2921,3.002747
2935,3.000528
2946,3.000031
3490,3.000001
3902,3.000001
4028,3.000001
4443,3.000000
4755,3.000000
4894,3.000000
5260,3.000000
5435,3.000000
5785,3.000000
6214,3.000000
6512,3.000000
6626,3.000000
6627,3.000000
6641,3.000000
6680,3.000000
6930,3.000000
7480,3.000000
7536,3.000000
7655,3.000000
7841,3.000000
8090,3.000000
8635,3.000000
8771,3.000000
9043,3.000000
9120,3.000000
9125,3.000000
9158,3.000000
9256,3.000000
9297,3.000000
9655,3.000000
9918,3.000000
10007,3.000000
12316,3.000000
12403,3.000000
12900,3.000000
