"Evaluations","Fitness"
1,47.8115247650403
2,40.7308196011844
3,10.4809281593468
6,2.63763111521842
45,0.417755461931735
1801,0.412530191892083
2560,0.408669545592458
11751,0.408439148499781
