Evaluations,Fitness
1,499.964786
2,479.720375
3,376.290473
47,22.261151
83,21.991825
193,14.923797
308,12.695331
336,4.323419
1432,1.965647
2412,1.238108
4580,1.090695
5358,1.004169
5925,1.002721
6210,1.001502
6280,0.999126
6467,0.998004
7419,0.998004
7421,0.998004
7885,0.998004
8043,0.998004
8053,0.998004
8375,0.998004
8423,0.998004
9171,0.998004
9174,0.998004
9694,0.998004
9724,0.998004
9929,0.998004
11631,0.998004
12538,0.998004
14043,0.998004
