Evaluations,Fitness
1,6070090.385897
4,5350318.446451
5,4581611.576015
40,4080816.789728
228,4013665.207358
520,3713389.292654
1060,3686117.167378
1279,3342064.180818
1713,3156060.060567
2037,3071205.263956
2370,2775609.405329
2525,2723264.478071
3076,2665036.117580
3368,2454724.790374
3989,2313700.938118
4056,2251419.989557
4571,2155258.326256
5332,2145351.646122
5701,2109120.615987
6426,2076415.026877
6445,2041120.845343
6620,1996526.313193
6780,1629152.704217
8048,1603581.783137
8482,1416404.400950
11738,1272795.717097
12588,1266727.034804
13377,1075129.949110
