Evaluations,Fitness
1,2.02755e+09
4,6.31571e+08
20,3.44627e+08
72,3.03536e+08
101,2.35958e+08
226,2.35681e+08
278,2.16437e+08
355,2.16402e+08
375,2.15535e+08
527,2.08088e+08
576,1.7759e+08
593,1.68307e+08
621,1.52753e+08
1043,1.45933e+08
1263,1.44225e+08
1328,1.38421e+08
1512,1.36342e+08
1572,1.36113e+08
1806,1.33215e+08
2106,1.31249e+08
2267,1.30336e+08
3476,1.30328e+08
3563,1.29052e+08
4091,1.29038e+08
4349,1.28954e+08
4476,1.28429e+08
4539,1.28256e+08
4553,1.28218e+08
5039,1.27702e+08
5726,1.26139e+08
6089,1.25078e+08
6608,1.24995e+08
6753,1.22866e+08
6976,1.21305e+08
7276,1.20557e+08
7372,1.1794e+08
7855,1.17811e+08
8056,1.16051e+08
8097,1.15502e+08
8294,1.15284e+08
8517,1.13792e+08
8799,1.13754e+08
8976,1.1366e+08
9102,1.13221e+08
9327,1.13176e+08
9513,1.13166e+08
9603,1.12938e+08
9774,1.12934e+08
9810,1.12849e+08
10226,1.12135e+08
10530,1.11788e+08
11858,1.11727e+08
12081,1.11661e+08
12114,1.10771e+08
12271,1.09416e+08
12556,1.0808e+08
12762,1.07458e+08
12803,1.07404e+08
13357,1.07404e+08
13533,1.07112e+08
