"Evaluations","Fitness"
1,5702498.77155686
2,1888142.12009648
4,1177093.11851069
16,807571.149182708
24,729438.269507073
65,684020.656518929
149,668458.739730477
565,630133.130375312
1565,551700.278910061
1943,534562.428724944
2821,533761.051369428
3702,501412.5248906
5461,499704.343599761
7860,463764.779736043
8238,462519.682186073
8619,418536.909850106
11096,373751.086410523
11977,343865.160575511
12477,343794.368992277
12977,340484.268471338
