Evaluations,Fitness
1,256362.691137
21,248151.467373
23,214337.359722
417,214187.352147
642,204528.450073
785,181791.300127
1428,163752.790946
1882,157680.403384
2217,151727.236736
2685,150675.228629
2982,140687.244681
3342,134561.080465
3430,125426.670170
3815,121854.206137
4871,118969.281426
4980,102221.942738
5115,102110.902321
5910,95616.405503
5947,89651.861269
7995,88639.876789
8821,81976.720874
10169,74428.267169
10283,72363.035835
10585,58653.023925
12097,56937.910246
13532,47362.832908
