Evaluations,Fitness
1,3569.230127
2,2460.319168
3,2112.168881
32,2005.565862
56,1553.903065
1859,1515.531232
2279,1351.023557
2735,1231.126969
3028,1050.649238
3528,1031.303462
3887,1020.201494
4110,904.437209
6557,891.890482
7048,791.845913
7226,785.496252
7930,718.982972
8607,591.583678
8662,562.580607
10901,490.533298
10913,430.724512
13628,412.806542
