Evaluations,Fitness
125,10.655124
375,4.839642
625,4.742769
750,3.088409
1250,3.006096
1750,3.000827
2125,3.000627
2375,3.000151
2500,3.000084
2625,3.000018
2750,3.000001
3750,3.000001
4125,3.000000
4375,3.000000
4625,3.000000
4875,3.000000
5125,3.000000
5250,3.000000
5375,3.000000
5625,3.000000
5875,3.000000
6375,3.000000
6500,3.000000
6625,3.000000
7000,3.000000
7375,3.000000
8000,3.000000
8125,3.000000
8250,3.000000
8500,3.000000
8750,3.000000
8875,3.000000
9000,3.000000
9375,3.000000
10000,3.000000
10250,3.000000
10875,3.000000
11875,3.000000
