Evaluations,Fitness
1,499.99870558671853
2,499.99347612661586
3,499.3855618777822
4,497.702283851826
5,495.30960431212776
6,27.90915359711024
135,9.9566880487302
501,6.930793847670488
752,5.47186448880757
1309,4.7671687737090025
1574,4.689463868269292
2115,3.968448753568479
2747,1.9929593724565284
7233,1.1070270651196616
10992,1.0352678285167267
11576,1.0014837124537952
13544,0.998128034569048
