Evaluations,Fitness
1,1506.148470
4,1220.748359
8,1145.862357
177,1134.481985
194,1132.207496
254,1119.020914
378,1110.787875
442,1100.253833
501,1097.491117
690,1090.896369
924,1079.030999
938,1037.429113
999,1028.866561
1062,1012.367150
1123,1008.379716
1310,999.246543
1416,994.153700
1558,987.513472
1620,984.727841
1990,974.868740
2054,972.186309
2165,949.679294
2178,935.203519
2283,930.259069
2488,919.533057
2550,915.512847
2649,911.703323
2780,902.955822
2858,900.183197
2983,899.947886
3046,889.113834
3149,879.614188
3170,879.404265
3403,878.285569
3479,877.937089
3527,864.745641
3542,862.993832
3724,848.430228
3790,840.383943
3851,826.177491
4038,825.155999
4286,807.312706
4410,805.644511
4517,804.000225
4534,779.882569
4595,775.972284
5012,763.442787
5134,738.218154
5154,732.299252
5385,730.069416
5507,729.544941
5526,723.293066
5584,720.753181
5774,720.114133
5833,716.251130
5876,707.833089
6084,707.166390
6124,695.456025
6254,694.824521
6270,682.293334
6456,670.391256
6500,656.780392
6619,647.021644
6642,640.831893
6704,629.546084
6751,625.224616
6766,615.547796
6825,611.449889
7138,607.820897
7491,607.405614
7817,587.627339
7942,587.108073
7977,583.762393
8066,583.467454
8104,583.005968
8189,582.239634
8254,574.675176
8438,574.450916
8934,560.985531
9370,545.203418
9866,522.358333
9962,502.552856
10217,501.522236
10238,495.848640
10362,493.916021
10547,474.997747
10918,470.041872
11230,469.260222
11478,468.066553
11574,465.361074
11726,465.207715
12033,464.395287
12190,462.053909
12282,459.556782
12594,459.321347
12813,457.038143
12966,454.674617
13069,448.630252
13272,438.832696
13558,438.752092
13710,437.757712
13771,435.355560
13834,431.794109
13958,420.750006
14018,420.497691
14330,419.913194
14515,418.750275
14555,418.354292
14762,418.351929
