Evaluations,Fitness
1,2.15793994e+01
2,2.13119173e+01
32,2.12117781e+01
41,2.11536525e+01
60,2.11409924e+01
103,2.11221617e+01
246,2.11216081e+01
289,2.10831806e+01
351,2.10682778e+01
413,2.10358612e+01
475,2.10261014e+01
723,2.10243841e+01
1219,2.10033116e+01
1238,2.10030327e+01
1343,2.09827706e+01
1405,2.09782089e+01
1486,2.09700926e+01
1796,2.09468256e+01
1920,2.09403070e+01
2044,2.09349814e+01
2087,2.09203230e+01
2147,2.09020799e+01
2211,2.08733700e+01
2273,2.08566959e+01
2459,2.08288226e+01
2707,2.08258707e+01
2788,2.08205891e+01
2831,2.08159710e+01
2850,2.08136868e+01
2955,2.07862085e+01
3079,2.07797628e+01
3141,2.07596805e+01
3203,2.07195482e+01
3265,2.06942625e+01
3327,2.06861449e+01
3451,2.06629226e+01
3575,2.06484738e+01
3699,2.06285890e+01
3761,2.06193233e+01
3947,2.06124605e+01
4007,2.06043936e+01
4026,2.06025023e+01
4133,2.05643112e+01
4319,2.05490217e+01
4505,2.04990464e+01
4567,2.04401149e+01
4629,2.03984138e+01
4877,2.03726149e+01
5063,2.03684714e+01
5371,2.03618462e+01
5559,2.03186768e+01
5931,2.02783297e+01
5992,2.02009521e+01
6117,2.01989089e+01
6427,2.01871366e+01
6551,2.01633470e+01
7479,2.01333302e+01
7605,2.01266115e+01
7757,1.99220786e+01
7819,1.98968271e+01
7881,1.98675861e+01
8191,1.98388982e+01
8377,1.97747925e+01
8439,1.97544988e+01
8625,1.97543038e+01
8997,1.97302228e+01
9307,1.97262279e+01
9679,1.97122945e+01
9989,1.97048996e+01
10361,1.97030928e+01
10423,1.96816883e+01
10485,1.96607457e+01
10733,1.95295272e+01
11043,1.95020552e+01
11353,1.94641311e+01
11601,1.94389011e+01
11911,1.94328440e+01
12097,1.93461738e+01
12159,1.92491374e+01
12345,1.92411786e+01
12531,1.91891802e+01
12655,1.91506938e+01
12779,1.91452413e+01
12965,1.91435498e+01
13027,1.88152122e+01
13089,1.87860738e+01
13213,1.87835366e+01
13523,1.87564267e+01
13893,1.87471524e+01
14018,1.87396794e+01
14267,1.87194539e+01
14453,1.86583810e+01
