Evaluations,Fitness
1,435611.651702
2,311014.438690
3,271790.603559
4,225601.345193
14,208023.557319
28,193637.059461
1445,184419.532437
1658,160188.614897
2256,159673.644419
2535,154484.703753
2579,146469.541627
2583,129142.424744
3239,126659.900720
3381,122675.176194
3684,107209.067903
4514,103243.282155
5339,101497.525715
5457,95095.717393
6493,90699.329812
8011,88701.962862
8075,75800.491718
8236,71090.180296
9171,61234.067675
