Evaluations,Fitness
1,21.436337
2,21.403780
4,21.397962
7,21.361408
8,21.186822
70,21.178408
132,21.164481
194,21.152536
318,21.145317
442,21.140842
566,21.126498
628,21.100158
752,21.062323
814,21.044985
938,21.028617
1248,21.027965
1448,20.983418
1633,20.982091
1868,20.977654
1944,20.957420
2130,20.931325
2192,20.915420
2239,20.890978
2253,20.886395
2550,20.863166
2612,20.844817
2956,20.827406
2998,20.817072
3060,20.794126
3122,20.732812
3308,20.704875
3356,20.704239
3370,20.652176
3432,20.602079
3556,20.583100
3866,20.570625
4038,20.558864
4052,20.556874
4176,20.510208
4238,20.483492
4424,20.459843
4486,20.429651
4672,20.425588
4796,20.373710
4967,20.345296
5092,20.325701
5216,20.252457
5340,20.213026
5402,20.162095
5464,20.152472
5712,20.131188
5774,20.064277
6083,20.018837
6331,20.006213
6456,19.941264
6518,19.921887
6703,19.912680
6828,19.882962
7076,19.874686
7262,19.818314
7448,19.811024
7510,19.779318
7696,19.757213
7758,19.736278
8254,19.689769
8440,19.657769
8688,19.638494
9122,19.628490
9556,19.628053
9618,19.596192
9990,19.506075
10300,19.448569
10486,19.430346
10672,19.430156
10982,19.323064
11106,19.315314
11230,19.271196
11292,19.255287
11788,19.165453
12408,19.146904
12594,18.974990
12656,18.957261
12842,18.911154
12966,18.660200
13710,18.641561
13770,18.608703
13958,18.586472
14206,18.583214
14454,18.538463
14887,18.537628
