Evaluations,Fitness
1,21.447919
2,21.396565
6,21.370768
8,21.341465
12,21.307013
13,21.242693
94,21.202872
120,21.193702
331,21.140585
669,20.926950
1344,20.915939
3594,20.839930
3636,20.822798
4343,20.747011
7765,20.650099
8347,20.433285
8863,20.323161
