Evaluations,Fitness
1,1240.107275
49,0.040059
708,0.011421
710,0.002611
1926,0.000139
3956,0.000021
8623,0.000016
