Evaluations,Fitness
1,9581551.214139
2,8350949.199937
10,4655995.978681
1475,3741723.101822
2780,3642974.173221
3153,3419539.053882
3493,3354799.497140
3913,3243132.347473
4077,3076584.463194
4096,2846949.676291
5398,2820679.446106
5831,2548651.509416
5938,2450220.058898
6573,2409331.528114
7864,2361516.410523
8436,2333994.426522
8489,2321231.998267
8530,2270755.655320
8899,2234015.300794
9601,1976345.495446
10268,1899878.350115
10414,1653700.990694
11094,1598348.784498
12578,1577995.755341
14604,1547820.653758
