Evaluations,Fitness
1,-0.667250
4,-2.506880
16,-3.339111
27,-3.596077
169,-3.632768
234,-3.673306
270,-3.691511
394,-3.724005
505,-3.831522
1073,-3.848549
1197,-3.860248
1321,-3.860248
1749,-3.860273
1794,-3.860365
1988,-3.861006
2112,-3.861713
2175,-3.861789
2189,-3.862160
2561,-3.862636
2685,-3.862646
2745,-3.862696
2933,-3.862718
3488,-3.862735
4009,-3.862778
4383,-3.862779
4508,-3.862779
5027,-3.862780
5159,-3.862782
5213,-3.862782
5523,-3.862782
5592,-3.862782
5645,-3.862782
6391,-3.862782
7313,-3.862782
7373,-3.862782
7383,-3.862782
7445,-3.862782
7941,-3.862782
8990,-3.862782
9987,-3.862782
10421,-3.862782
10731,-3.862782
10944,-3.862782
11013,-3.862782
11319,-3.862782
11475,-3.862782
11783,-3.862782
11846,-3.862782
11907,-3.862782
12174,-3.862782
12487,-3.862782
12611,-3.862782
12916,-3.862782
13231,-3.862782
13537,-3.862782
13700,-3.862782
14883,-3.862782
14937,-3.862782
