"Evaluations","Fitness"
1,98661.3550601639
2,9217.95226204052
6,1002.6383914112
12,858.051717708692
13,423.806730652783
17,237.48659833278
18,77.0715705277046
21,3.30697374964264
4198,3.22351452302442
5697,3.12951496090512
12260,3.11624904749027
13641,3.01248429501159
24457,3.00162410120422
45450,3.00021058008102
