Evaluations,Fitness
1,-0.002250
2,-1.588014
3,-2.030599
6,-3.450506
18,-3.498824
32,-3.799471
295,-3.820165
342,-3.820229
715,-3.848818
1263,-3.851931
1420,-3.854535
1463,-3.860282
1767,-3.861372
1835,-3.861985
1996,-3.862002
2186,-3.862635
2371,-3.862646
2682,-3.862660
2923,-3.862744
3037,-3.862751
3416,-3.862763
3486,-3.862779
3922,-3.862779
4107,-3.862781
4356,-3.862781
4727,-3.862781
4790,-3.862781
4851,-3.862782
5394,-3.862782
5401,-3.862782
5426,-3.862782
5610,-3.862782
5719,-3.862782
5968,-3.862782
6462,-3.862782
6526,-3.862782
6836,-3.862782
6959,-3.862782
7951,-3.862782
8262,-3.862782
8315,-3.862782
8688,-3.862782
8749,-3.862782
8859,-3.862782
9479,-3.862782
9611,-3.862782
9798,-3.862782
10294,-3.862782
10802,-3.862782
12044,-3.862782
12478,-3.862782
12529,-3.862782
12705,-3.862782
13073,-3.862782
13146,-3.862782
13208,-3.862782
13332,-3.862782
13572,-3.862782
13704,-3.862782
13952,-3.862782
14068,-3.862782
14262,-3.862782
14413,-3.862782
14567,-3.862782
14815,-3.862782
14974,-3.862782
