Evaluations,Fitness
1,1589.795840
3,1538.597625
4,1464.582783
5,1330.185126
16,1268.134274
17,1193.066441
38,1143.548009
663,1058.319795
1296,1028.849251
1462,990.712454
2185,985.200408
2256,968.600035
2408,882.327857
2504,859.381643
2773,854.488062
3398,812.419096
4880,770.931412
5298,770.241799
5525,645.379371
7733,631.434903
12602,628.587914
