Evaluations,Fitness
1,974.150137
7,970.446149
15,909.500061
111,889.932680
1586,863.505870
1811,843.967476
2446,821.448636
4596,819.173108
5063,799.220110
5488,787.437151
9843,778.110471
