"Evaluations","Fitness"
1,-0.00204961397511872
2,-0.956751498838811
4,-3.59295374674224
129,-3.59459914801274
382,-3.59849368306963
1265,-3.62989402055185
1871,-3.71821022538856
2144,-3.85731933791072
8058,-3.85751855581738
9317,-3.85811599496431
9739,-3.86023024987491
11385,-3.86025130950787
11797,-3.86111626657279
12242,-3.86160412743565
12620,-3.86177644914154
