Evaluations,Fitness
1,1681.893681
9,1448.328561
58,1264.263431
72,1102.847427
2757,1061.407777
3342,1047.339586
4017,1005.806153
4520,903.451164
5008,899.022201
5011,806.611154
6620,734.673245
6868,722.594400
9508,719.218151
9735,657.890142
9764,608.769972
14050,586.178305
