"Evaluations","Fitness"
1,1852830.22970255
4,491677.223722771
1068,488311.228784139
1504,466301.066817345
1882,407765.508683418
5406,395507.157059233
6287,389340.0301484
6787,378077.849935292
7165,375322.989741432
8546,371046.41188385
9683,370176.869995882
10064,361824.289397432
11701,348034.358871414
12460,347426.876118304
