Evaluations,Fitness
1,1597.488525
2,603.924187
4,3.244797
10,3.239441
19,-0.388736
180,-1.031301
1142,-1.031315
1214,-1.031614
1834,-1.031622
2988,-1.031626
3671,-1.031626
3677,-1.031627
3857,-1.031628
3919,-1.031628
4405,-1.031628
4664,-1.031628
5713,-1.031628
5726,-1.031628
6033,-1.031628
6529,-1.031628
7149,-1.031628
7231,-1.031628
7281,-1.031628
7771,-1.031628
7851,-1.031628
8037,-1.031628
8081,-1.031628
8337,-1.031628
8409,-1.031628
8471,-1.031628
8769,-1.031628
8967,-1.031628
9091,-1.031628
9389,-1.031628
9451,-1.031628
9889,-1.031628
10013,-1.031628
10133,-1.031628
10333,-1.031628
10703,-1.031628
10765,-1.031628
10951,-1.031628
11013,-1.031628
11110,-1.031628
11606,-1.031628
11668,-1.031628
11683,-1.031628
12149,-1.031628
12873,-1.031628
13108,-1.031628
