Evaluations,Fitness
1,21.358740
10,21.337753
17,21.207118
56,21.164718
142,21.149379
181,21.137292
305,21.047725
2090,20.990959
2504,20.976681
3720,20.929139
3907,20.902504
4476,20.778685
5151,20.672717
5447,20.530761
7865,20.505596
8090,20.361104
8990,20.272515
11245,20.232867
