Evaluations,Fitness
1,490.920088
18,432.994186
22,224.913080
30,61.728781
80,21.295881
105,3.082734
121,1.171525
398,0.998128
874,0.998017
1113,0.998007
2117,0.998006
2973,0.998005
3469,0.998004
3841,0.998004
3862,0.998004
3965,0.998004
4277,0.998004
5232,0.998004
5577,0.998004
6242,0.998004
7086,0.998004
7665,0.998004
8185,0.998004
8363,0.998004
8700,0.998004
8801,0.998004
9173,0.998004
9421,0.998004
10165,0.998004
10300,0.998004
11463,0.998004
11666,0.998004
11976,0.998004
12288,0.998004
12475,0.998004
13464,0.998004
