"Evaluations","Fitness"
1,342816.423776791
2,287856.878500298
4,257817.16477234
40,242608.568863277
95,213526.780395714
1738,211271.484953539
2238,207208.869210812
2738,206583.733485402
3116,206107.573785424
4637,205452.184646598
5393,205425.593880524
5893,201497.954841947
7533,201479.532987841
8795,201369.820445985
9551,201094.456797489
11807,200737.402923824
12307,194124.215064446
