Evaluations,Fitness
1,3106357.503730
2,1217456.178574
7,1155849.043771
9,1101601.496308
15,964335.655920
23,873963.060137
33,730356.743617
42,636006.413200
48,538515.531938
83,439751.147849
89,420878.932199
151,377879.285581
478,377156.688822
573,337305.432390
598,253897.551985
1354,238917.942990
2736,238540.813804
3952,232599.288270
4752,230448.838286
9289,215928.228688
10437,215587.175814
