Evaluations,Fitness
1,500.0
358,499.9999999999975
1196,499.9999999999392
3876,499.99999999973403
4656,499.9999999986173
5996,499.9999997342437
9144,499.9999997342406
10605,499.9999966208526
12618,499.99997618481467
12744,497.4347984179549
14009,114.45237611324633
