Evaluations,Fitness
1,500.0
10083,499.99999999999704
10874,499.99999999998863
11800,499.9999999999803
14839,499.99999999981657
