Evaluations,Fitness
1,6887842.080900
2,6880380.426149
4,5343443.755781
8,5217657.456019
11,4834256.208361
25,4771148.133373
33,4758259.573498
51,4756303.980664
60,4656047.470719
81,3732082.767314
1322,3595339.049714
1547,3098190.777760
3282,2960676.929763
4103,2910829.781629
4763,2730985.882401
5072,2654750.343312
6044,2596025.341115
6079,2347414.807701
8413,2234420.362630
8606,2087995.810511
10297,1960236.557561
12658,1885516.649373
13092,1723587.716778
