Evaluations,Fitness
1,497.913322
4,479.519757
5,18.181290
35,10.768615
252,1.003828
469,1.000074
647,0.999187
887,0.999013
1105,0.998007
1213,0.998004
2081,0.998004
2949,0.998004
3735,0.998004
4511,0.998004
4933,0.998004
5226,0.998004
5257,0.998004
5669,0.998004
5749,0.998004
5844,0.998004
6586,0.998004
6959,0.998004
7246,0.998004
7458,0.998004
8574,0.998004
8634,0.998004
8764,0.998004
8882,0.998004
9265,0.998004
9637,0.998004
9737,0.998004
10098,0.998004
10692,0.998004
11038,0.998004
11125,0.998004
11180,0.998004
11621,0.998004
12168,0.998004
