"Evaluations","Fitness"
1,36.9353982005283
4,19.0396289458917
5,1.53688718290308
553,1.09966331067444
935,0.730650818624508
1340,0.678827225553876
2239,0.435371979132901
9152,0.400310831497585
