Evaluations,Fitness
1,1817.039793
7,1684.637884
11,1583.494186
16,1504.498585
38,1451.660015
56,1367.092594
709,1230.822935
850,1142.087021
1599,1080.427934
2501,1005.522940
2938,924.944205
3456,916.438556
4021,859.039286
4962,853.410416
5221,771.249846
5712,745.197503
6505,739.037332
6793,734.825607
6943,705.885665
7065,583.802050
9662,560.253079
9805,514.475326
10064,473.738317
10895,439.872720
12359,409.825242
12984,379.556771
13740,375.207599
