Evaluations,Fitness
1,495.885501
12,469.339160
16,191.899686
44,66.737076
54,23.797530
185,21.552266
245,18.109582
260,16.903404
283,16.468030
313,2.090020
394,1.993817
606,0.998132
889,0.998111
1102,0.998111
1415,0.998004
2881,0.998004
3622,0.998004
3722,0.998004
4018,0.998004
6857,0.998004
6947,0.998004
7233,0.998004
8131,0.998004
8869,0.998004
9223,0.998004
9241,0.998004
9466,0.998004
9737,0.998004
10220,0.998004
10963,0.998004
12031,0.998004
12468,0.998004
14070,0.998004
