Evaluations,Fitness
1,2.03675150e+04
3,9.22785427e+02
10,1.70587159e+02
31,8.17653422e+01
33,6.20486426e+01
80,3.69636433e+01
94,3.02109886e+01
130,2.97157391e+01
180,2.39715229e+01
290,2.03042347e+01
434,1.74405139e+01
508,1.56428104e+01
666,7.63474483e+00
670,6.12585746e+00
910,4.54908885e+00
982,3.70883806e+00
1017,3.28232831e+00
1414,3.02691734e+00
1909,3.00495160e+00
2657,3.00284483e+00
3240,3.00123398e+00
3273,3.00066565e+00
4477,3.00064560e+00
4498,3.00022632e+00
4590,3.00001342e+00
5832,3.00000696e+00
6752,3.00000643e+00
6944,3.00000468e+00
8731,3.00000405e+00
9512,3.00000072e+00
9703,3.00000004e+00
12566,3.00000003e+00
12992,3.00000003e+00
14033,3.00000001e+00
14431,3.00000000e+00
