Evaluations,Fitness
1,29.837320
2,29.095110
7,16.680917
13,14.774079
14,6.543337
20,6.311670
42,1.569071
134,0.797124
171,0.705044
228,0.544014
280,0.502288
427,0.440313
457,0.401144
1035,0.398738
1135,0.398372
1437,0.398189
1508,0.398188
1517,0.398168
1845,0.398125
1890,0.398091
1909,0.398004
2011,0.397931
2699,0.397927
2840,0.397889
3895,0.397888
4886,0.397888
5254,0.397888
5581,0.397888
6533,0.397887
7337,0.397887
8393,0.397887
8517,0.397887
9185,0.397887
9495,0.397887
9496,0.397887
9594,0.397887
9843,0.397887
13876,0.397887
