Evaluations,Fitness
1,5635461.189979
2,4159390.085630
3,1876788.644949
8,1547276.202479
13,1068793.173704
22,807349.460224
62,474612.430973
83,410702.330354
165,274917.241417
5047,234788.836343
6902,191401.868561
