Evaluations,Fitness
1,7165785.881827
3,4864022.388267
578,4113372.186210
2655,3922831.561664
2759,3893200.166288
2840,3698606.129620
3065,2703014.494995
3515,2573700.149657
4756,2474173.617731
4831,2435673.857135
5944,2389293.570247
5985,2373419.501428
6228,2339188.980473
7092,2146776.762834
7827,2115204.539975
8480,2024666.544411
8576,1456911.390681
