Evaluations,Fitness
1,2038.944517
3,1656.396363
4,1286.417187
102,1271.986813
112,1220.775072
687,976.946180
4494,947.520475
4569,940.354286
4719,891.022983
6490,813.406141
7146,714.535198
7229,665.677569
9271,567.784865
9348,522.001489
