Evaluations,Fitness
1,1709.428645
2,1518.457647
7,1449.195064
10,1325.258821
409,1279.731202
536,1264.026424
608,1259.310171
663,1236.179485
732,1230.784931
856,1230.166891
902,1226.709956
1050,1222.489484
1188,1186.379146
1298,1185.518191
1352,1181.821900
1372,1179.353833
1414,1162.792652
1436,1161.597758
1560,1152.549479
1684,1108.997267
1746,1106.266150
1808,1106.209800
1868,1106.155766
1992,1090.324080
2056,1060.171727
2428,1053.026639
2435,1020.739048
2493,1020.170111
2552,981.505688
2610,974.050288
2676,972.459343
2736,924.540640
2924,893.247948
2985,892.818054
3401,860.686936
3477,842.620503
3544,842.191225
3645,835.588130
3773,834.778105
3852,765.048811
3916,764.414357
3976,764.277582
4164,762.509505
4346,756.141286
4358,728.878801
4646,728.832861
4660,701.175168
4908,700.707268
5032,695.225379
5089,641.172235
5132,619.341620
5156,587.389698
5250,584.884061
5463,576.790178
5776,523.616491
5836,518.879485
5871,513.284719
5994,498.829590
6024,498.431689
6148,498.201276
6363,497.755346
6520,497.639082
6609,496.325966
6644,487.309866
6742,486.941088
6768,486.830942
6949,486.736937
7114,486.697622
7235,466.660178
7264,465.461645
7359,460.796684
7512,448.299033
7569,432.318590
7760,431.347019
7817,430.235154
7983,409.679239
8065,401.281610
8192,400.478726
8314,372.279520
8560,368.904386
8591,366.436667
8615,365.691874
8810,350.208787
8835,348.218076
8876,347.969820
9057,333.260286
9087,316.527205
9124,297.144454
9182,295.727213
9431,293.501263
9456,293.487824
9482,262.654367
9597,262.475240
9828,261.539573
9858,254.374770
9868,251.930515
10099,251.915490
10173,251.536263
10196,248.152953
10299,247.409047
10421,246.558473
10612,246.449863
10670,246.273136
10846,231.655721
10915,231.426691
11061,231.367000
11436,226.791925
11459,226.756474
11480,226.598394
11562,226.149286
11689,225.651174
11789,225.294392
11835,225.267244
11852,224.437813
11912,222.405286
12029,222.244181
12157,215.416065
12182,214.648524
12301,214.581212
12404,212.255569
12596,211.876842
12675,210.433948
12928,210.424328
13149,210.210896
13179,210.143431
13203,210.128853
13326,209.049117
13340,209.028590
13518,207.485866
13647,203.514049
13690,203.509073
13712,203.509063
13819,198.518040
13947,191.874261
14042,191.579784
14140,190.400636
14188,190.165728
14205,171.481166
14289,144.742764
14309,140.615232
14388,140.316212
14577,139.564374
14949,139.422163
