Evaluations,Fitness
1,21.356885
11,21.255211
26,21.169179
660,21.147969
934,21.111567
1062,21.053294
1152,20.988722
2159,20.938444
2769,20.915313
2968,20.862709
3890,20.804477
4987,20.693317
5844,20.641492
6781,20.475251
8704,20.462339
11972,20.378565
11981,20.335236
12181,20.275987
