Evaluations,Fitness
1,957846217.319841
4,915095414.885212
7,850602138.300212
8,684364352.703252
50,618115653.217201
175,617090685.816469
353,614851850.170240
675,611274957.278752
925,610445708.374082
933,594562413.831611
1089,561227928.177956
1270,560443807.686341
1396,547857045.599049
1568,546751762.081233
1625,546108440.619017
1646,546030002.671460
1731,543232367.652394
1801,528489740.709590
1837,496958033.926658
1863,491416120.852833
1896,491357358.595760
2030,483358164.059045
2146,473835481.293868
2339,443964022.228056
2646,404551244.213275
3298,404148569.031283
3325,404128136.422940
3396,403849113.594376
3604,403744630.894094
3613,403650845.725289
4146,402185387.835135
4396,399597278.232434
4603,364893349.940632
4646,362746671.522017
5046,362692368.790290
5277,362579042.433219
5293,362341301.741377
5396,362313210.194620
5646,362276609.116398
5770,358960866.748403
5794,358887002.624169
5808,357163075.793468
6262,357157488.846702
6295,354060496.111250
6302,354060410.276726
7291,346940265.155770
7328,346299617.887342
7508,344851241.059618
7813,344793631.142043
7843,340275864.017822
8019,334053978.483780
8120,334039868.371182
8434,333994077.085214
8781,333938868.546102
9106,323902198.678740
9849,289059326.032103
10012,284178298.567258
10052,283349112.074687
10117,283308755.324588
10336,274278148.319004
10434,274203609.423624
10510,274198134.246627
10528,271681301.924809
10557,270254980.809517
10592,269925185.712586
11004,267561500.637982
11312,267547057.885819
11321,255870322.323561
11350,239540027.934001
11498,212449968.381613
11538,202914908.729861
11609,201107516.956306
11846,201096386.858541
12006,200673809.540888
12098,193271983.975830
12248,193269375.114835
12748,193266442.197177
12814,174579273.195658
12891,174464461.522764
13332,170465769.169909
13507,170459542.089841
13553,156875989.270862
13998,156861599.189586
14051,156429885.359251
14248,156344906.522080
14263,156332752.281888
14548,156331118.501083
14584,155915820.787958
14770,155911497.367622
