Evaluations,Fitness
1,-0.758026
2,-3.30177
5,-3.42458
22,-3.52346
205,-3.79046
517,-3.79083
775,-3.83807
897,-3.86079
1053,-3.861
2269,-3.86104
2283,-3.86113
2573,-3.86175
2668,-3.86182
3101,-3.86222
3418,-3.86222
3987,-3.86268
4064,-3.86272
5345,-3.86272
5777,-3.86273
5817,-3.86275
5868,-3.86276
7258,-3.86276
7464,-3.86277
8219,-3.86278
8830,-3.86278
9292,-3.86278
9435,-3.86278
9559,-3.86278
9719,-3.86278
9866,-3.86278
10358,-3.86278
10543,-3.86278
12551,-3.86278
13531,-3.86278
13714,-3.86278
13964,-3.86278
14106,-3.86278
14354,-3.86278
14359,-3.86278
