Evaluations,Fitness
125,4396147.458082
500,4124293.777605
875,3973696.440084
1000,3781401.751281
1250,3037178.242288
2625,3017442.583843
2875,2719015.589406
3000,2488106.205303
4250,2296861.065285
5000,2182328.802145
6125,2012631.650147
6375,1521759.009359
7750,1468408.144384
8875,1304680.944782
9875,1278022.987637
12250,1267998.988045
12625,1111131.821076
