Evaluations,Fitness
1,262091.497958
2,177007.748863
6,175247.214701
22,151661.359588
40,145376.345324
106,136290.256567
480,133825.931938
727,124605.414235
1591,105074.170906
5458,104124.066527
5989,93866.716957
6580,85715.411230
8176,83448.024415
8594,81681.281020
8829,78086.293569
8834,70992.967136
9636,55616.158061
