Evaluations,Fitness
1,1057.674279
8,1046.086160
9,991.189671
14,895.476532
76,884.526603
134,881.674461
310,876.523202
507,875.579963
630,864.751552
758,853.832685
881,850.482097
1001,849.977878
1253,829.087381
1440,824.752631
1497,822.826062
2164,819.844783
2171,811.183530
2413,810.652797
2418,802.390801
2491,783.112844
2542,780.189305
2618,779.857453
2823,773.991742
2880,762.114724
3039,756.051154
3071,747.695066
3225,747.618218
3287,742.493574
3319,731.821633
3378,729.715325
3403,720.480700
3418,719.555517
3473,715.388346
3535,708.171808
3721,702.996338
3939,694.906907
3997,689.863623
4063,677.796859
4119,677.614758
4713,666.167759
4775,659.776090
4887,658.509650
4899,647.463501
5012,646.002678
5055,643.160031
5147,641.394820
5209,635.711381
5262,634.226594
5333,632.937200
5395,630.812468
5457,615.093236
5581,610.771190
5761,602.348717
5953,586.931054
6126,585.772875
6146,582.554434
6263,573.824350
6325,571.344474
6370,549.144700
6511,544.721493
6635,544.589164
6738,523.190873
6883,522.463840
7193,505.708343
7358,495.890581
7441,492.488583
8112,491.793297
8230,490.099784
8495,485.741494
8619,482.598471
8729,474.201722
8743,471.626069
8851,467.523775
8934,462.397921
8991,450.656600
9115,449.912731
9239,445.690430
9425,445.555737
9549,444.144730
9673,443.695304
9735,443.091502
9866,425.083242
9974,424.576389
10050,422.851007
10090,418.569643
10173,416.607695
10298,414.986782
10423,414.132517
10541,405.255854
10603,396.984204
10665,391.117106
11290,375.008893
11539,373.337736
11785,369.184319
11843,366.390915
11905,361.080770
11947,357.587893
12074,353.590333
12215,349.865436
12277,348.526161
12463,337.618829
12897,332.493795
13207,327.706558
13435,327.536477
13455,325.353186
13556,323.763739
13889,323.376211
13936,320.598109
14066,312.143962
14266,311.003450
14305,305.784171
14578,305.520158
