Evaluations,Fitness
1,499.997971
2,499.831144
5,497.980428
6,6.248697
389,3.200466
1127,1.993076
1158,1.992107
2116,1.979590
2706,0.998670
10691,0.998036
