Evaluations,Fitness
1,990460992.783291
2,791531019.407421
4,758141566.119408
12,582635299.421768
4484,575594848.944300
5623,575406355.592584
5662,568386885.677992
6464,547141697.974418
6666,457640766.932202
8283,389860411.777684
12819,149323194.396605
