Evaluations,Fitness
125,21.205034
250,21.179765
500,21.162335
625,21.107943
1250,21.080359
1750,21.045930
1875,20.816538
2250,20.774452
3000,20.695828
3125,20.522295
3875,20.352628
4750,20.275156
4875,20.198082
5500,20.072202
5750,19.742239
7000,19.712636
7875,19.520597
9000,19.185752
10375,19.011085
10750,18.783899
11625,18.727790
12125,18.374004
13000,18.024528
14002,17.591854
