Evaluations,Fitness
125,-3.716069
500,-3.758427
750,-3.835738
875,-3.848641
1000,-3.850281
1125,-3.855214
1250,-3.857721
1375,-3.858535
1500,-3.859231
1750,-3.862653
2625,-3.862738
3250,-3.862764
3625,-3.862766
3875,-3.862780
4250,-3.862781
4625,-3.862782
4750,-3.862782
5000,-3.862782
5500,-3.862782
5625,-3.862782
5750,-3.862782
5875,-3.862782
6375,-3.862782
6625,-3.862782
6750,-3.862782
6875,-3.862782
7250,-3.862782
7625,-3.862782
8000,-3.862782
8250,-3.862782
8375,-3.862782
9000,-3.862782
9125,-3.862782
9500,-3.862782
9875,-3.862782
10625,-3.862782
11000,-3.862782
11375,-3.862782
11875,-3.862782
12500,-3.862782
