Evaluations,Fitness
1,233129.26199196142
2,178516.85820758226
4,148039.98948913655
13,147509.63403417618
122,131458.0469289234
2346,121995.99515308904
2448,119280.52322668744
2510,118971.83239093419
3185,115565.79152146447
4987,106824.65595955586
5585,105800.91933354533
5816,105079.09807519108
6453,94581.32702799547
6523,82405.6979819076
9226,77600.95016063593
10442,77230.03895834698
11357,74748.45148622549
11976,71307.71158041035
14186,61470.13644273362
