Evaluations,Fitness
1,494.812771
3,267.117805
5,202.283576
78,12.675836
427,10.954616
655,8.148016
836,6.904215
1200,5.465047
2021,2.995399
3056,1.566026
7587,0.998094
8423,0.998005
10067,0.998004
10562,0.998004
11294,0.998004
11351,0.998004
11388,0.998004
12172,0.998004
12491,0.998004
12770,0.998004
13033,0.998004
13325,0.998004
13388,0.998004
13444,0.998004
13514,0.998004
14170,0.998004
14237,0.998004
14308,0.998004
14428,0.998004
14987,0.998004
14996,0.998004
