Evaluations,Fitness
1,1493.503781
2,1323.701476
14,1316.194064
30,1273.167622
61,1226.668694
175,1219.631411
297,1197.460626
371,1196.434773
548,1189.788768
743,1186.444562
867,1184.036907
920,1160.729323
1044,1152.623206
1295,1137.311100
1363,1123.507142
1417,1122.044898
1539,1102.878267
1611,1092.055578
2041,1062.700371
2161,1056.595510
2231,1045.071590
2479,1035.266448
2603,1031.325591
2653,1031.189255
2727,1028.672935
2901,1021.329337
2975,996.551064
3223,994.025382
3347,988.096508
3536,987.177285
3610,979.345069
3737,975.073196
3800,973.775492
3924,967.448498
3967,912.251339
4020,909.506795
4136,902.851694
4463,897.803678
4900,885.423155
5086,852.962727
5210,852.501034
5261,844.687453
5505,823.860551
5644,811.072016
5706,803.789308
5768,788.885576
5878,786.896962
5892,777.665661
6077,769.737499
6264,733.742062
6450,722.010503
6498,697.311674
6946,690.838415
6992,680.587860
7113,679.994242
7240,675.914327
7689,672.935231
7752,667.031997
7937,663.880984
8000,660.601036
8104,660.319491
8186,658.477923
8234,657.771213
8496,654.856546
8558,646.440934
8682,645.208647
8856,636.734247
8993,622.776960
9096,619.077207
9179,617.261989
9229,616.927014
9488,606.817396
9612,601.132397
9838,598.023255
9860,585.228088
10046,577.591262
10233,572.694685
10418,570.648983
10481,547.064096
10605,538.453054
10977,526.749338
11163,520.904072
11225,520.510885
11473,519.127047
11783,500.247766
12093,488.062122
12154,486.278791
12775,485.049562
13022,473.563162
13189,435.623743
13394,435.587853
13558,433.447730
13642,420.790567
13931,417.743952
14076,416.277170
14385,410.070807
14448,409.919863
14634,409.717214
14696,407.297509
