Evaluations,Fitness
1,2790.194950
2,2564.704974
8,2378.597264
13,2188.324920
24,1935.143740
86,1932.859888
155,1902.287291
235,1902.004069
530,1882.749383
607,1881.734436
656,1881.235722
731,1875.259403
757,1860.041524
830,1859.997163
929,1850.856448
1273,1835.208173
1298,1832.510043
1384,1830.816060
1401,1784.326773
1599,1762.536849
1847,1725.769484
1971,1717.933396
2095,1717.788426
2145,1716.953771
2467,1675.819217
2591,1665.703650
2642,1656.320877
2887,1656.088814
3087,1570.445281
3135,1522.341103
3335,1508.774713
3634,1507.942881
3878,1501.087929
4007,1468.165442
4203,1465.800121
4249,1462.566427
4451,1461.646532
4504,1435.687170
4624,1429.456303
4699,1429.394697
4747,1419.675805
4868,1417.399182
4967,1415.943153
4993,1415.144544
5071,1411.678441
5118,1390.757019
5267,1388.131465
5272,1387.180663
5376,1353.865183
5408,1220.739692
5468,1210.983768
5633,1204.340696
5780,1201.580249
5840,1177.908998
5875,1177.880998
5904,1169.627317
6000,1169.554613
6152,1166.642125
6210,1164.308280
6400,1163.462016
6458,1159.320232
6583,1158.889879
6623,1155.098281
6743,1154.635719
6832,1144.477478
6869,1126.417836
6931,982.192950
7055,982.088617
7100,980.533957
7179,977.851045
7447,955.204534
7597,937.991854
7722,920.418195
7799,895.665355
7923,889.983431
8089,887.885011
8122,887.779495
8171,886.364559
8242,851.165195
8419,851.068645
8585,838.734180
8961,838.538140
9039,838.234401
9138,836.401932
9207,830.066473
9240,783.448269
9462,783.410329
9612,732.224635
9684,726.352935
9734,720.267980
9814,622.524840
9882,621.599341
10006,620.718414
10055,619.699148
10080,619.606704
10217,619.115520
10300,605.994816
10378,605.645010
10459,605.410364
10679,579.553619
10709,548.191666
10750,547.963962
10998,531.761303
11370,521.473155
11452,510.897276
11544,510.863014
11742,509.849370
11919,494.797410
11953,493.502887
12071,493.485899
12288,492.043146
12304,490.631676
12335,475.580453
12340,474.933653
12431,474.924206
12553,472.174128
12585,469.968933
12650,469.860554
12682,467.657048
12858,411.422389
13031,383.061097
13051,378.592725
13206,374.168851
13329,373.601198
13478,373.586513
13578,373.270759
13602,361.383889
13653,361.291366
13699,349.590788
13775,349.340788
13901,334.462918
13927,332.233859
14098,331.315518
14144,330.633318
14168,330.603848
14193,330.599031
14320,330.416497
14523,330.336626
14594,330.016352
14647,325.364237
14676,322.835146
14767,321.275123
14791,320.246183
14815,319.546467
14842,317.744873
14936,317.695939
