Evaluations,Fitness
125,860.034063
2625,839.597201
2875,828.071577
3625,795.156676
4000,788.500388
4125,740.576465
9875,722.927244
