Evaluations,Fitness
1,9.89695e+08
4,8.01946e+08
15,7.20158e+08
17,7.11003e+08
25,6.92223e+08
31,6.31174e+08
156,6.13189e+08
406,6.10785e+08
451,6.00615e+08
701,6.00394e+08
951,5.86671e+08
1201,5.85317e+08
1329,5.82437e+08
1473,5.73351e+08
1701,5.61823e+08
2201,5.50521e+08
2218,5.48265e+08
2343,5.47933e+08
2357,5.365e+08
2454,5.2889e+08
2581,5.1632e+08
2718,4.98891e+08
2968,4.98891e+08
3122,4.98879e+08
3218,4.79007e+08
3255,4.78941e+08
3360,4.72353e+08
3468,4.72315e+08
3766,4.71932e+08
3968,4.68446e+08
4084,4.67591e+08
4473,4.64995e+08
4502,4.63244e+08
4723,4.63209e+08
4799,4.47402e+08
5218,4.41857e+08
5361,4.41731e+08
5468,4.34904e+08
5986,4.18135e+08
6094,4.18085e+08
6736,4.0946e+08
6859,3.73187e+08
7486,3.71213e+08
8236,3.63595e+08
8298,3.61534e+08
8370,3.6149e+08
8522,3.54871e+08
8758,3.41845e+08
8986,3.41415e+08
9274,3.21972e+08
9986,3.211e+08
10016,3.20347e+08
10237,3.12922e+08
10366,3.11352e+08
10487,2.94754e+08
11075,2.94738e+08
11237,2.9292e+08
11339,2.91796e+08
11737,2.84444e+08
11986,2.63166e+08
12541,2.63156e+08
12809,2.50444e+08
12821,2.31006e+08
13060,2.02768e+08
13115,2.02173e+08
13351,1.99148e+08
13390,1.92192e+08
13587,1.81665e+08
13663,1.81252e+08
13913,1.7922e+08
14331,1.76125e+08
14363,1.75738e+08
