Evaluations,Fitness
1,2.14799891e+01
2,2.13817751e+01
3,2.10039175e+01
40,2.09206857e+01
104,2.08911199e+01
166,2.08565701e+01
476,2.08445474e+01
659,2.08207113e+01
786,2.07949918e+01
846,2.07820116e+01
848,2.07745790e+01
1032,2.07725068e+01
1034,2.07160933e+01
1096,2.06915144e+01
1282,2.06282691e+01
1344,2.05424608e+01
1592,2.05059911e+01
1716,2.05036821e+01
1778,2.04774855e+01
1840,2.04689898e+01
1901,2.04623029e+01
2025,2.04285336e+01
2149,2.04239441e+01
2212,2.04187618e+01
2460,2.04184864e+01
2708,2.04029408e+01
2770,2.03939675e+01
2832,2.03696524e+01
2956,2.03350044e+01
3080,2.03269948e+01
3355,2.02929840e+01
3417,2.02871470e+01
3698,2.02744133e+01
3822,2.02673615e+01
3851,2.02514206e+01
4099,2.02027306e+01
4285,2.01224603e+01
4409,2.00786376e+01
4471,2.00482877e+01
4595,2.00188557e+01
4843,2.00039460e+01
5153,2.00028483e+01
5215,1.99792756e+01
5339,1.99469983e+01
5525,1.99187213e+01
5773,1.99029754e+01
5897,1.99025358e+01
6083,1.98921563e+01
6145,1.98919620e+01
6269,1.98763721e+01
6331,1.98625276e+01
6455,1.97956807e+01
6641,1.97471672e+01
6827,1.97247155e+01
7571,1.97106366e+01
7819,1.97068411e+01
7853,1.96476563e+01
7916,1.96236397e+01
7976,1.95963662e+01
8347,1.95902250e+01
8412,1.95897873e+01
8660,1.95383640e+01
8843,1.94832513e+01
9092,1.94705833e+01
9217,1.94438297e+01
9404,1.94156155e+01
9466,1.93980307e+01
9589,1.93876341e+01
9776,1.93494228e+01
9961,1.93391681e+01
10270,1.93211147e+01
10272,1.93093168e+01
10458,1.92476756e+01
10642,1.91943684e+01
10766,1.91875529e+01
10794,1.91519638e+01
10919,1.90088928e+01
10981,1.89839774e+01
11229,1.89378685e+01
11415,1.89338316e+01
11601,1.88948710e+01
11725,1.88910305e+01
11785,1.88388166e+01
11820,1.87964900e+01
11884,1.87897662e+01
12008,1.87859791e+01
12192,1.87614361e+01
12562,1.87593500e+01
12725,1.87592450e+01
12814,1.87534729e+01
12841,1.87483698e+01
12849,1.87203229e+01
12960,1.86965563e+01
13022,1.86703239e+01
13270,1.86419656e+01
13355,1.86299757e+01
13423,1.86285950e+01
13456,1.85531578e+01
13766,1.84613354e+01
13828,1.84268192e+01
13890,1.84029245e+01
13949,1.83957977e+01
14037,1.83522430e+01
14099,1.83222169e+01
14223,1.83059500e+01
14262,1.82749895e+01
14324,1.82358029e+01
14385,1.82282306e+01
14696,1.81308528e+01
14817,1.80482047e+01
14944,1.79825037e+01
