Evaluations,Fitness
1,499.981799
4,499.946126
5,497.456136
6,421.369072
27,19.323442
87,12.707992
112,7.960296
122,4.039765
730,1.094726
2374,1.000478
5915,0.998167
