Evaluations,Fitness
1,-1.929766
5,-2.403996
6,-2.410691
7,-2.925217
101,-3.352095
108,-3.418637
124,-3.494104
157,-3.535535
175,-3.653007
185,-3.726071
191,-3.743558
245,-3.847381
287,-3.859610
306,-3.861397
