Evaluations,Fitness
1,[-0.25601549]
2,[-0.39557117]
3,[-0.55813688]
5,[-0.68154473]
12,[-0.70045235]
32,[-0.74114402]
45,[-0.77290061]
57,[-2.12957992]
64,[-2.8024395]
93,[-3.05199097]
107,[-3.30992107]
111,[-3.32926853]
165,[-3.65234452]
249,[-3.66961183]
273,[-3.69504874]
288,[-3.81922614]
370,[-3.85711102]
443,[-3.86073112]
576,[-3.86125875]
619,[-3.86194202]
626,[-3.8620369]
648,[-3.86203914]
663,[-3.86246899]
717,[-3.86263417]
783,[-3.86275202]
860,[-3.86276575]
893,[-3.86277811]
904,[-3.86277884]
938,[-3.8627821]
1105,[-3.86278212]
1157,[-3.86278213]
1179,[-3.86278213]
1230,[-3.86278214]
1237,[-3.86278214]
1246,[-3.86278214]
1249,[-3.86278214]
1262,[-3.86278215]
1268,[-3.86278215]
1302,[-3.86278215]
1313,[-3.86278215]
1343,[-3.86278215]
1364,[-3.86278215]
1366,[-3.86278215]
1370,[-3.86278215]
1417,[-3.86278215]
1450,[-3.86278215]
1454,[-3.86278215]
1483,[-3.86278215]
1520,[-3.86278215]
1543,[-3.86278215]
1545,[-3.86278215]
1547,[-3.86278215]
1583,[-3.86278215]
1657,[-3.86278215]
1662,[-3.86278215]
1687,[-3.86278215]
1716,[-3.86278215]
1730,[-3.86278215]
1742,[-3.86278215]
1757,[-3.86278215]
1793,[-3.86278215]
1808,[-3.86278215]
1825,[-3.86278215]
1832,[-3.86278215]
1857,[-3.86278215]
1865,[-3.86278215]
1892,[-3.86278215]
