Evaluations,Fitness
1,1965.6623190363189
3,242.94977311605993
12,70.86314142932555
54,65.46378718360093
65,23.039656187078847
84,13.224236900005161
146,10.266845465557259
156,8.234705943358511
192,6.97731372806956
197,3.081771491985214
336,3.0335658513320327
367,3.0211651435925453
389,3.005057240632433
424,3.0030368877341327
427,3.0027821453015333
437,3.0009503685969863
472,3.000728640674735
473,3.0005670121435437
498,3.000100688031379
550,3.0000564369273177
620,3.000010987759011
635,3.000004985124313
644,3.0000032527945324
667,3.000000200437094
735,3.0000000854211497
794,3.0000000783234375
818,3.0000000234994784
826,3.0000000019712463
932,3.0000000015322557
935,3.0000000013518098
944,3.0000000010148455
962,3.0000000005198997
965,3.000000000096979
980,3.0000000000256573
985,3.0000000000246176
1026,3.0000000000149494
1036,3.000000000013831
1053,3.0000000000039306
1069,3.0000000000008593
1138,3.0000000000005853
1144,3.000000000000515
1163,3.000000000000014
1207,3.0000000000000013
1241,2.9999999999999805
1279,2.99999999999997
1294,2.999999999999962
1296,2.999999999999943
