Evaluations,Fitness
1,82.778838
2,24.614381
7,19.540377
10,13.913230
13,10.815655
16,0.486910
165,0.436781
222,0.423071
249,0.402807
303,0.398380
421,0.398154
424,0.397895
586,0.397894
697,0.397889
