Evaluations,Fitness
1,37.9407
2,20.1075
4,9.54075
10,2.91747
15,2.54599
18,2.39437
92,1.18706
186,0.602428
305,0.54215
309,0.41984
391,0.41732
432,0.402942
458,0.398853
462,0.39865
494,0.398646
501,0.398595
528,0.398488
531,0.398254
548,0.398166
558,0.397944
579,0.39793
584,0.397916
586,0.397913
605,0.397898
609,0.397893
656,0.39789
663,0.39789
672,0.397889
711,0.397888
715,0.397888
756,0.397888
770,0.397888
782,0.397887
842,0.397887
