Evaluations,Fitness
1,499.998569
2,499.996955
3,499.996934
4,499.918276
5,499.863033
7,497.165019
12,473.960672
17,447.047244
23,98.630135
178,82.733591
189,9.547267
283,8.775366
356,7.990584
894,3.130334
