Evaluations,Fitness
1,31.98738536588297
4,6.791659058043719
5,4.179885826910546
19,3.7518594417582296
36,3.3682987502460735
39,1.3919342757484454
45,0.6770156266855007
236,0.4420913134233171
369,0.41425247227472184
559,0.399371639043526
611,0.39815870568024003
695,0.39801193301967963
720,0.39789060879096283
812,0.39788791404669865
884,0.3978877710339077
899,0.3978876189720566
943,0.39788750778176407
962,0.39788736066783237
1028,0.39788735923289487
1039,0.39788735890163984
1100,0.397887358504013
1105,0.39788735796053665
1134,0.39788735793300845
1165,0.39788735775797157
1173,0.39788735775122674
1187,0.3978873577387798
1206,0.39788735773143813
1276,0.3978873577307098
1294,0.3978873577301325
1307,0.39788735772978967
1325,0.39788735772975237
1428,0.39788735772974704
1436,0.39788735772973993
1451,0.39788735772973816
