Evaluations,Fitness
1,495.635
10,484.079
16,31.8945
181,25.8799
259,13.1131
277,13.0804
295,12.3304
311,7.92259
423,6.90403
706,6.10611
1165,5.99834
1176,5.92897
1424,5.92892
1462,5.92886
1482,5.92886
1719,5.92885
1758,5.92885
1777,5.92885
1821,5.92885
1835,5.92885
1857,5.92885
1862,5.92885
1864,5.92885
1868,5.92885
1891,5.92885
1934,5.92885
1936,5.92885
