Evaluations,Fitness
1,498.047998
4,497.335448
6,465.414430
7,60.395129
254,15.946487
299,10.721406
341,9.095385
415,8.982643
490,8.966524
500,8.861658
513,8.852242
532,8.843741
541,8.841269
553,8.840838
600,8.840836
691,8.840836
693,8.840836
699,8.840836
714,8.840836
