Evaluations,Fitness
1,62.287159
4,1.687670
10,1.456874
94,0.285375
160,-0.355821
178,-0.868060
243,-1.016846
347,-1.027658
523,-1.031375
1160,-1.031589
