Evaluations,Fitness
1,[53.9875232]
2,[18.68196574]
5,[1.7450297]
41,[0.89961559]
52,[0.58334875]
67,[0.47611483]
292,[0.40751306]
648,[0.39920202]
697,[0.39888377]
729,[0.3979663]
752,[0.39792057]
773,[0.39791648]
788,[0.39789778]
827,[0.39789151]
855,[0.39788843]
887,[0.39788843]
927,[0.39788819]
935,[0.39788746]
939,[0.3978874]
967,[0.39788739]
976,[0.39788737]
1007,[0.39788737]
1049,[0.39788736]
1068,[0.39788736]
1119,[0.39788736]
1205,[0.39788736]
1235,[0.39788736]
1261,[0.39788736]
1309,[0.39788736]
1316,[0.39788736]
1332,[0.39788736]
1341,[0.39788736]
1352,[0.39788736]
1358,[0.39788736]
1360,[0.39788736]
1366,[0.39788736]
1377,[0.39788736]
1422,[0.39788736]
1427,[0.39788736]
1513,[0.39788736]
1516,[0.39788736]
