Evaluations,Fitness
1,1409.2590799479012
3,894.7407484745462
8,621.1375175566437
14,544.4783961317864
36,138.637974443922
51,137.98972796450798
54,103.0732748967868
75,75.21392253453459
81,63.904852709454275
100,5.403105275153821
239,4.667639609962032
255,4.0613152790956395
303,3.2202366382975685
339,3.195171987825555
343,3.1582555950632303
375,3.132179189520557
376,3.125553095813263
381,3.058273000407291
387,3.04801761916807
400,3.0392846167344736
410,3.035631748396951
426,3.033733829688802
438,3.0226608669522927
458,3.011417371169838
459,3.0063491474200554
467,3.001743577629424
491,3.0016985065122435
492,3.0006435635182336
501,3.0005406434822657
544,3.0003067962485654
554,3.000143614105371
577,3.0001094386965494
585,3.000024917180773
611,3.000008777117966
613,3.000008400298582
636,3.0000026982346437
659,3.0000016724093364
726,3.0000009799147165
731,3.0000003131040334
755,3.0000002217500046
768,3.0000002113839686
772,3.0000001684939552
776,3.0000001641099754
779,3.000000080599246
800,3.000000006634256
857,3.000000000497705
930,3.0000000003724807
974,3.0000000002369673
1003,3.000000000029943
1025,3.0000000000127445
1088,3.000000000003155
1089,3.0000000000024123
1101,3.0000000000007927
1139,3.000000000000324
1156,3.0000000000001408
1172,2.999999999999969
1254,2.9999999999999627
1267,2.999999999999955
1271,2.999999999999952
1300,2.999999999999951
1325,2.9999999999999374
