Evaluations,Fitness
1,497.529207
10,132.133919
20,107.897202
31,12.674416
36,12.670506
63,12.670506
145,12.670506
194,12.670506
242,12.670506
244,12.670506
292,12.670506
