Evaluations,Fitness
1,[1136.35682289]
3,[1030.87404468]
4,[321.40197385]
8,[108.68853556]
13,[39.66461376]
17,[32.89570992]
70,[17.29744369]
82,[12.3854794]
104,[5.9153271]
140,[4.70158924]
151,[4.62315214]
172,[3.28785885]
216,[3.27315869]
221,[3.0178378]
306,[3.01560273]
339,[3.00199962]
423,[3.00131509]
446,[3.00030181]
454,[3.00016577]
495,[3.00008449]
496,[3.0000082]
547,[3.00000423]
557,[3.00000374]
575,[3.00000062]
613,[3.00000017]
641,[3.00000003]
663,[3.]
821,[3.]
848,[3.]
896,[3.]
901,[3.]
923,[3.]
924,[3.]
934,[3.]
978,[3.]
994,[3.]
1067,[3.]
1081,[3.]
1090,[3.]
1125,[3.]
1147,[3.]
1176,[3.]
1185,[3.]
