Evaluations,Fitness
1,-0.653124
2,-1.926109
3,-2.571938
14,-2.803384
69,-3.004146
88,-3.592828
122,-3.792933
251,-3.805685
325,-3.828504
328,-3.844016
335,-3.846345
343,-3.847155
370,-3.852332
390,-3.853482
413,-3.859867
422,-3.860531
432,-3.860639
455,-3.861463
464,-3.862605
