Evaluations,Fitness
1,496.846908
13,54.336275
31,28.941401
32,12.675848
42,12.672875
53,12.672719
63,12.670515
89,12.670506
128,12.670506
193,12.670506
202,12.670506
209,12.670506
290,12.670506
340,12.670506
