Evaluations,Fitness
1,5.301676
24,2.268973
265,1.967951
266,1.950350
271,0.901409
282,0.527315
337,0.430336
408,0.428146
435,0.422884
438,0.404943
449,0.401100
494,0.400269
516,0.397981
613,0.397908
737,0.397890
