Evaluations,Fitness
1,475.617136
8,450.611498
12,428.801740
15,403.721449
19,6.094720
