Evaluations,Fitness
1,28.91698417366215
2,22.344874289060513
3,5.121855508751069
4,0.6388906903483988
52,0.5850420778415515
165,0.5111571276179863
185,0.4388741648285457
521,0.4293276876940304
612,0.39862017948360595
758,0.3982519905565436
799,0.3980254609468261
833,0.3978953178581648
924,0.3978890455111266
971,0.3978886135706645
1003,0.39788770909788873
1045,0.39788760710151827
1053,0.397887432363337
1064,0.39788738082031294
1094,0.39788736288426385
1138,0.39788735798606467
1238,0.3978873579849722
1242,0.3978873578535964
1266,0.3978873577865123
1268,0.3978873577597408
1271,0.39788735773979234
1292,0.3978873577317721
1323,0.39788735773164596
1346,0.397887357731431
1369,0.39788735773010053
1381,0.397887357729795
1435,0.3978873577297417
1447,0.39788735772973993
1550,0.39788735772973816
