Evaluations,Fitness
1,0.605008
305,0.554968
309,0.406387
373,0.399848
464,0.397989
490,0.397954
558,0.397911
586,0.397896
609,0.39789
663,0.397889
672,0.397889
698,0.397888
711,0.397888
715,0.397888
755,0.397888
756,0.397888
770,0.397888
782,0.397887
