Evaluations,Fitness
1,-0.332571
66,-0.687554
73,-0.846366
88,-0.965879
153,-0.969558
159,-0.987796
233,-1.008537
241,-1.016262
258,-1.028781
304,-1.029267
313,-1.030039
331,-1.031603
482,-1.031617
