Evaluations,Fitness
1,2.356221
25,2.138750
27,1.075110
199,0.525392
228,0.506114
251,0.464341
252,0.455125
277,0.444649
281,0.439293
290,0.419170
291,0.412070
310,0.407651
344,0.401514
359,0.400879
369,0.400292
386,0.399593
391,0.398013
436,0.398007
461,0.397960
485,0.397912
526,0.397908
531,0.397887
