Evaluations,Fitness
1,13.193110198365686
79,11.72838060870868
227,7.96074045496519
