Evaluations,Fitness
1,-0.041062
2,-0.168086
3,-0.848526
4,-0.950304
7,-1.849477
11,-2.494733
12,-3.570535
36,-3.752204
253,-3.753290
273,-3.788951
283,-3.791433
305,-3.826370
330,-3.858327
366,-3.859000
