Evaluations,Fitness
1,-0.500011
3,-2.090399
28,-3.166809
29,-3.498074
129,-3.520259
133,-3.822354
257,-3.823895
284,-3.852619
403,-3.855215
504,-3.856454
509,-3.860917
