Evaluations,Fitness
1,0.7897451489892722
38,0.12718763653138793
48,-0.0973133589926592
53,-1.0039255987576765
199,-1.0100557389696807
241,-1.0152408923016603
258,-1.0266758230126054
276,-1.0303363789691418
293,-1.0315302533922095
336,-1.0315961952812767
362,-1.0316029995914744
436,-1.03160313769543
454,-1.0316109380004947
455,-1.0316132968237597
466,-1.0316222440205038
500,-1.0316282784006814
545,-1.031628428935055
613,-1.031628447510264
622,-1.0316284518877454
696,-1.0316284519028303
704,-1.0316284530675552
759,-1.0316284530680548
771,-1.0316284531394146
781,-1.0316284532106184
785,-1.03162845323455
790,-1.0316284534286988
798,-1.0316284534340907
810,-1.0316284534501425
814,-1.0316284534785187
831,-1.0316284534798674
849,-1.031628453489092
887,-1.0316284534891589
909,-1.0316284534893185
939,-1.0316284534895075
965,-1.0316284534898672
1060,-1.0316284534898696
1064,-1.031628453489874
1113,-1.031628453489876
1123,-1.031628453489877
1168,-1.0316284534898774
1197,-1.0316284534898776
