Evaluations,Fitness
1,1151.563764
3,811.837320
4,325.342331
5,241.535035
6,107.156543
8,64.104292
10,8.659198
17,3.523076
18,1.369193
28,0.870283
33,-0.188216
35,-0.283920
36,-0.743139
96,-0.842025
99,-0.851925
155,-1.021597
225,-1.029947
447,-1.031071
507,-1.031598
