Evaluations,Fitness
1,8.53711
2,6.07895
7,0.570711
148,0.44877
220,0.440698
283,0.415828
291,0.405058
312,0.398431
403,0.397996
432,0.397893
558,0.397891
579,0.39789
584,0.397888
605,0.397888
609,0.397888
656,0.397888
663,0.397887
672,0.397887
711,0.397887
715,0.397887
733,0.397887
756,0.397887
770,0.397887
