Evaluations,Fitness
1,2.84805e+09
2,8.74834e+08
539,7.56984e+08
570,6.6679e+08
778,5.58232e+08
1514,4.6981e+08
1916,4.5961e+08
1924,4.2861e+08
2003,4.26211e+08
2012,4.17332e+08
2022,4.05521e+08
2162,3.9933e+08
2247,3.67589e+08
2250,3.26295e+08
2346,3.11243e+08
2527,2.88621e+08
2707,2.6947e+08
3234,2.63145e+08
3252,2.446e+08
3290,2.18944e+08
3534,2.05865e+08
4478,2.04167e+08
4558,2.01199e+08
4883,1.96552e+08
5144,1.95905e+08
5161,1.89517e+08
5204,1.78737e+08
5300,1.63856e+08
5943,1.53189e+08
6028,1.46877e+08
6665,1.35558e+08
6727,1.35478e+08
6732,1.35162e+08
6741,1.3211e+08
6745,1.27417e+08
6749,1.22505e+08
6761,1.21334e+08
6796,1.20492e+08
6927,1.10984e+08
6994,9.21259e+07
7457,9.19834e+07
7472,8.73918e+07
7525,8.22167e+07
7703,8.07333e+07
7906,7.56662e+07
8154,7.05924e+07
8379,6.86621e+07
8394,6.6292e+07
8586,6.61804e+07
8604,6.59801e+07
8634,6.16821e+07
8737,5.81835e+07
8864,5.80441e+07
8952,4.99112e+07
8976,4.86656e+07
9768,4.80652e+07
9889,4.753e+07
9891,4.41056e+07
9993,4.37553e+07
9998,3.84237e+07
10278,3.82475e+07
10551,3.6111e+07
10662,3.44395e+07
11027,3.32117e+07
11048,3.20772e+07
11265,3.11155e+07
11525,3.08784e+07
11528,2.99785e+07
11599,2.63678e+07
11651,2.58233e+07
11680,2.54722e+07
11804,2.52174e+07
11971,2.36733e+07
12001,2.3466e+07
12073,2.21866e+07
12162,2.21222e+07
12174,2.1684e+07
12482,2.0224e+07
12663,1.92845e+07
13263,1.92718e+07
13343,1.71257e+07
13357,1.65532e+07
13531,1.59483e+07
13663,1.56817e+07
13773,1.55571e+07
13786,1.54297e+07
13843,1.45366e+07
13852,1.41241e+07
14009,1.40502e+07
14201,1.37027e+07
14298,1.32196e+07
14335,1.2985e+07
14351,1.28066e+07
14442,1.26031e+07
14531,1.197e+07
14581,1.1935e+07
14582,1.14265e+07
14680,1.07192e+07
14883,1.04672e+07
