Evaluations,Fitness
1,[12.67182155]
143,[10.26959605]
159,[3.34679048]
667,[3.03709876]
708,[2.98316475]
1117,[2.98223858]
