Evaluations,Fitness
1,49.42333839221699
3,22.662296472318516
4,16.060082169144906
14,6.3798350362620155
17,5.151764344785173
22,4.728907665418645
39,4.637522074999319
46,2.0134874767383595
48,1.5133393850810677
101,0.8813182570375062
182,0.7280838564488992
197,0.5776607924690342
228,0.569863044920913
319,0.5097167336400634
322,0.4998839988460002
362,0.41611357467578713
399,0.4061011173273261
453,0.4006956655255056
562,0.3985587766172145
610,0.3979720993784799
634,0.397962023345368
635,0.3979173977092856
707,0.3979077751792346
723,0.3978912116408875
727,0.3978895548329522
779,0.39788861958519384
807,0.39788742000434496
866,0.3978873895024382
902,0.3978873590183394
967,0.3978873589912677
999,0.3978873578900064
1007,0.3978873578490152
1027,0.39788735778611795
1056,0.397887357781066
1057,0.397887357747873
1066,0.39788735773816875
1085,0.3978873577378792
1097,0.39788735773360884
1099,0.3978873577323192
1130,0.39788735773147543
1201,0.3978873577307507
1210,0.39788735773051975
1211,0.39788735773002415
1212,0.39788735773000106
1223,0.39788735772997086
1238,0.3978873577298234
1239,0.3978873577297488
1284,0.3978873577297435
1323,0.39788735772973993
1363,0.39788735772973816
