Evaluations,Fitness
1,109.605
2,17.3768
8,1.196
137,0.515069
305,0.501232
309,0.430348
345,0.416273
351,0.402595
373,0.402057
391,0.401933
395,0.401864
432,0.400931
458,0.399864
464,0.398066
490,0.397941
558,0.397894
586,0.397891
609,0.397888
698,0.397888
711,0.397888
715,0.397887
770,0.397887
782,0.397887
