Evaluations,Fitness
1,294.340151
4,6.530837
30,2.691003
31,-0.023003
37,-0.648860
59,-1.016283
158,-1.022126
174,-1.030175
329,-1.030431
442,-1.030638
