Evaluations,Fitness
1,20.990471
3,1.240503
35,0.229070
56,-0.662248
67,-0.944261
112,-0.948941
152,-0.982284
153,-1.026381
215,-1.027045
235,-1.028469
238,-1.030892
280,-1.031001
339,-1.031615
