Evaluations,Fitness
1,-0.712975
2,-0.771567
3,-3.384486
71,-3.475567
78,-3.480360
110,-3.629427
130,-3.701843
153,-3.795849
207,-3.832272
253,-3.857084
320,-3.857499
328,-3.858341
349,-3.862448
481,-3.862549
