Evaluations,Fitness
1,[47.89476337]
5,[42.69791564]
6,[33.46608085]
7,[29.48894965]
12,[20.45217672]
13,[16.09979005]
15,[8.00999258]
18,[1.47890796]
28,[0.51662869]
456,[0.47471914]
549,[0.46021901]
583,[0.42703525]
596,[0.4029084]
646,[0.39998801]
678,[0.39893441]
697,[0.39798001]
698,[0.39791273]
807,[0.39789043]
813,[0.39788934]
896,[0.39788894]
901,[0.3978885]
908,[0.39788808]
930,[0.39788739]
1006,[0.39788738]
1033,[0.39788736]
1114,[0.39788736]
1147,[0.39788736]
1150,[0.39788736]
1163,[0.39788736]
1179,[0.39788736]
1204,[0.39788736]
1308,[0.39788736]
1309,[0.39788736]
1312,[0.39788736]
1335,[0.39788736]
1337,[0.39788736]
1355,[0.39788736]
1371,[0.39788736]
1390,[0.39788736]
1395,[0.39788736]
1419,[0.39788736]
1433,[0.39788736]
1476,[0.39788736]
