Evaluations,Fitness
1,-0.83734
16,-0.94241
19,-1.20779
21,-2.29671
30,-2.74594
48,-3.81707
216,-3.85069
229,-3.8534
251,-3.85381
285,-3.85969
362,-3.861
416,-3.86163
422,-3.86221
452,-3.86249
514,-3.86269
558,-3.8627
617,-3.86273
637,-3.86277
663,-3.86277
714,-3.86278
806,-3.86278
819,-3.86278
835,-3.86278
842,-3.86278
873,-3.86278
880,-3.86278
882,-3.86278
901,-3.86278
914,-3.86278
936,-3.86278
965,-3.86278
