Evaluations,Fitness
1,[43.61130367]
4,[15.23945954]
6,[7.30079363]
35,[2.84077621]
37,[1.51057156]
78,[1.25941769]
144,[0.50756541]
178,[0.49301899]
192,[0.46514242]
326,[0.41371408]
372,[0.40852801]
382,[0.4041816]
400,[0.39891036]
487,[0.39821589]
490,[0.3979791]
568,[0.39789365]
625,[0.39788851]
679,[0.39788842]
692,[0.39788759]
705,[0.39788752]
740,[0.39788739]
789,[0.39788739]
790,[0.39788736]
817,[0.39788736]
880,[0.39788736]
905,[0.39788736]
908,[0.39788736]
923,[0.39788736]
931,[0.39788736]
938,[0.39788736]
957,[0.39788736]
1017,[0.39788736]
1070,[0.39788736]
1090,[0.39788736]
1112,[0.39788736]
1145,[0.39788736]
1148,[0.39788736]
