Evaluations,Fitness
1,6.881541
2,3.849414
24,0.534317
196,0.472787
230,0.409581
284,0.398551
369,0.398469
371,0.398465
411,0.398155
432,0.398144
435,0.397973
466,0.397913
517,0.397889
