Evaluations,Fitness
1,30.550155
2,11.756378
5,3.609927
19,2.201518
27,0.866135
131,0.752526
136,0.621974
161,0.588746
184,0.569964
185,0.539151
214,0.531638
215,0.525531
222,0.476845
233,0.408245
247,0.401528
333,0.398885
405,0.398670
429,0.397910
448,0.397895
528,0.397891
536,0.397889
575,0.397888
591,0.397888
