Evaluations,Fitness
1,-2.218656
14,-2.831663
20,-3.396017
104,-3.416451
106,-3.594159
154,-3.668935
190,-3.731099
214,-3.751052
216,-3.764884
239,-3.774911
270,-3.783600
276,-3.834634
316,-3.843022
331,-3.843259
343,-3.847155
353,-3.851927
414,-3.854605
509,-3.854645
579,-3.858691
653,-3.861265
