Evaluations,Fitness
1,19.058189
2,16.557306
7,8.081749
11,5.931308
13,2.125127
85,1.762462
94,1.382645
112,1.374128
119,0.820639
122,0.590618
134,0.405026
286,0.403638
293,0.400576
315,0.398936
338,0.398493
366,0.398280
417,0.397921
432,0.397904
450,0.397902
496,0.397897
513,0.397891
554,0.397890
566,0.397890
