Evaluations,Fitness
1,19.0009
18,-0.97904
220,-0.987325
283,-0.988632
291,-0.993928
305,-1.01881
309,-1.01974
312,-1.03135
432,-1.03145
458,-1.0316
502,-1.03161
528,-1.03162
531,-1.03162
541,-1.03162
552,-1.03163
569,-1.03163
579,-1.03163
607,-1.03163
635,-1.03163
638,-1.03163
656,-1.03163
663,-1.03163
669,-1.03163
698,-1.03163
