Evaluations,Fitness
1,7607.366632
2,1065.727755
4,614.092741
21,17.952500
202,3.105734
280,3.067172
297,3.039190
367,3.012131
