Evaluations,Fitness
1,499.9989103345821
7,499.9988815126903
13,499.9988708891976
15,499.9988437537196
16,499.99883600178026
20,499.9987874108829
34,499.9985883272076
41,499.9985473071762
58,499.99794238753475
64,499.99676895908595
92,499.9227567265817
123,499.6168275486676
127,40.483257519567594
339,23.13364577911611
368,14.79924499083416
426,14.137385740028428
454,13.627913127095164
