Evaluations,Fitness
1,[24396.57618672]
11000,[24105.38386879]
11052,[23660.33825758]
11078,[23387.84171724]
11118,[23249.06988883]
11179,[23070.13718303]
11192,[23014.40077293]
11196,[22884.85842017]
11198,[22479.78983378]
11267,[22084.29950265]
11286,[21997.82400689]
11292,[21819.96595048]
11376,[21439.30555483]
11482,[21340.30807557]
11681,[21251.54942667]
11692,[21210.83499172]
11775,[20812.30833752]
11798,[20511.99024353]
11800,[20511.29855555]
11806,[20365.28353679]
11821,[20114.03543118]
11873,[19817.32117402]
11890,[19641.62555576]
11970,[19371.11040825]
12169,[19131.44925444]
12220,[18664.90532383]
12289,[18587.06656045]
12311,[18061.35174633]
12391,[17964.90988955]
12420,[17828.36409466]
12433,[17755.59228271]
12471,[17741.84520238]
12506,[17701.02072498]
12552,[17567.11935534]
12601,[17477.94418551]
12640,[17242.45073461]
12686,[16889.60233401]
12732,[16427.1572827]
12802,[16312.46638104]
12831,[16178.5565848]
12851,[16056.82278016]
12875,[15859.56264457]
12982,[15857.92312035]
12987,[15701.04942403]
13052,[15428.0917779]
13100,[15007.26144189]
13215,[14984.88105182]
13223,[14841.66087498]
13266,[14620.17588379]
13308,[14437.48094575]
13351,[14097.7870702]
13521,[13885.35305373]
13565,[13695.22707011]
13574,[13491.9620057]
13606,[13340.31016643]
13616,[13148.83330836]
13681,[13081.98082609]
13698,[12497.38014534]
13864,[12316.08125791]
13893,[12038.12234857]
13959,[12013.18367]
13988,[11508.26547581]
14019,[11440.08468902]
14103,[11135.41550772]
14132,[10752.62019306]
14159,[10694.46877474]
14207,[10076.77216511]
14316,[9874.98471651]
14330,[9472.10570028]
14397,[9224.80944055]
14555,[9114.09999917]
14571,[9028.52135207]
14594,[8900.43615875]
14601,[8884.6936954]
14614,[8665.38995248]
14676,[8479.60089089]
14679,[8452.24740674]
14681,[8119.87937794]
14714,[8043.53764245]
14738,[8025.8039145]
14830,[7860.76831694]
14841,[7853.7900497]
14910,[7823.41383097]
14942,[7788.68077487]
14958,[7750.5001086]
14978,[7701.50738307]
14980,[7700.45767495]
