Evaluations,Fitness
1,1497.984632
2,1347.241762
6,1291.048157
7,1280.912326
79,1229.997403
295,1222.857447
402,1181.978072
505,1151.311902
571,1095.274865
1272,1008.504438
1735,1002.867004
1849,918.740589
1914,871.113419
2366,824.517017
3236,819.632481
3290,786.969590
3477,769.911467
3577,767.282298
3693,765.184271
3809,711.080944
4319,686.066583
4768,640.553258
6645,639.952669
6741,625.933107
7546,590.289388
8734,569.473559
12123,567.860904
13272,551.430993
14068,550.517489
