Evaluations,Fitness
1,499.998565
2,499.914275
3,485.888178
4,409.134643
11,279.840811
17,142.891500
99,42.707619
107,12.257756
121,1.088720
820,0.998033
1075,0.998004
1982,0.998004
2027,0.998004
2147,0.998004
2212,0.998004
2221,0.998004
2544,0.998004
2641,0.998004
2754,0.998004
2785,0.998004
2872,0.998004
2954,0.998004
3030,0.998004
3319,0.998004
3322,0.998004
3576,0.998004
3593,0.998004
3723,0.998004
3738,0.998004
4349,0.998004
5103,0.998004
