Evaluations,Fitness
1,1770.089517
2,1420.810062
4,1376.478250
9,1328.554598
27,1324.363948
41,1309.385789
49,1184.874410
544,1182.612530
735,1035.331202
1014,1024.186892
1276,968.740782
1441,939.099690
1719,877.026158
2080,821.179498
3029,787.586485
3435,774.176836
4294,764.606503
4319,750.828938
4549,733.773370
4911,686.612832
4979,677.951208
5368,604.544993
9124,591.481160
11004,583.459989
12966,575.818406
14472,575.303670
14892,538.741730
