Evaluations,Fitness
1,491.571248
7,229.250422
20,16.978431
243,9.841790
732,7.019871
773,3.557027
1121,2.261216
1626,2.007675
1686,0.998357
2715,0.998006
2932,0.998004
3429,0.998004
3856,0.998004
3977,0.998004
3980,0.998004
4002,0.998004
4031,0.998004
4201,0.998004
4258,0.998004
4345,0.998004
4385,0.998004
4581,0.998004
4593,0.998004
4638,0.998004
4678,0.998004
4764,0.998004
4862,0.998004
4969,0.998004
5190,0.998004
5645,0.998004
6511,0.998004
