Evaluations,Fitness
1,2981.435614
2,2023.989635
3,2.191036
7,-0.048314
31,-0.163302
42,-0.892602
280,-1.028875
856,-1.031374
1093,-1.031415
1386,-1.031538
1780,-1.031627
2313,-1.031628
2485,-1.031628
2513,-1.031628
2605,-1.031628
2897,-1.031628
3197,-1.031628
3309,-1.031628
3420,-1.031628
3466,-1.031628
3518,-1.031628
3597,-1.031628
3600,-1.031628
3857,-1.031628
3951,-1.031628
4194,-1.031628
4304,-1.031628
4344,-1.031628
4444,-1.031628
4807,-1.031628
6362,-1.031628
