Evaluations,Fitness
1,499.999206
2,454.549017
8,346.738926
24,2.984951
1115,0.999345
1240,0.998114
1899,0.998050
2085,0.998040
2161,0.998004
2307,0.998004
2390,0.998004
2820,0.998004
2862,0.998004
2864,0.998004
2904,0.998004
2914,0.998004
3023,0.998004
3163,0.998004
3184,0.998004
3219,0.998004
3307,0.998004
3309,0.998004
3357,0.998004
3399,0.998004
3403,0.998004
3408,0.998004
3503,0.998004
3692,0.998004
3728,0.998004
4061,0.998004
4262,0.998004
4742,0.998004
5362,0.998004
5858,0.998004
