Evaluations,Fitness
1,141.39203031050644
2,111.14328797740536
3,48.2926004214366
4,31.95252909050673
7,16.024734287111258
8,8.292665167511165
10,4.084008920042191
11,2.0757307845341852
63,0.8344636379783079
174,0.5662806706502916
255,0.4796103531208704
412,0.4488194729954671
486,0.4226990257749659
540,0.40057053884279803
690,0.399415615832158
719,0.3986346020060161
759,0.39793904181064477
848,0.39791783066090325
913,0.3979134264690263
919,0.3979074402036531
937,0.3978964686671702
966,0.3978890021260728
1011,0.39788759628421566
1118,0.39788756567361183
1146,0.39788740455819926
1151,0.3978873831029546
1232,0.3978873738777686
1236,0.397887370332235
1259,0.3978873654801891
1269,0.3978873640033207
1285,0.3978873619007661
1300,0.3978873578230111
1421,0.3978873578188882
1431,0.39788735773823447
1442,0.39788735773384154
1507,0.39788735773049844
1565,0.39788735773008455
1578,0.3978873577300295
1629,0.3978873577298252
1650,0.39788735772973816
