Evaluations,Fitness
1,1499.822482
2,1408.684563
5,1259.832549
11,1107.908420
441,1102.121234
480,1009.308993
490,929.266746
651,923.450119
1135,868.946833
1587,812.443712
1635,803.040780
2157,772.712386
2509,719.779320
2596,695.334463
3114,691.853207
3475,671.995282
3536,653.607295
5069,648.331032
5473,628.270219
6115,605.607954
7060,605.115761
7543,571.223889
9270,564.158907
10052,550.206361
11446,530.269936
