Evaluations,Fitness
1,1585.497653
3,1343.599160
4,1237.101018
5,1117.038039
429,1094.617837
613,1084.882309
635,1009.043912
772,995.182678
1099,995.122558
1106,994.450139
1120,976.368745
1188,902.724632
1416,901.462278
1552,889.812103
1642,879.880799
1722,871.462129
1818,857.719015
1922,819.177795
1955,816.162309
2062,796.922842
2098,791.364035
2182,726.131361
2285,702.251320
3046,679.594336
3541,669.716001
4091,660.629997
4252,595.949483
6492,584.009883
7123,568.251244
14043,553.053547
