Evaluations,Fitness
1,1163.965098
2,1159.071621
3,1069.192979
6,1063.574753
9,1015.276538
13,992.166075
17,975.634593
35,959.882294
122,924.756423
165,824.967586
452,820.031929
471,818.186154
981,815.124797
1010,745.770150
1056,720.601261
1704,715.490642
1780,709.878421
2595,698.222331
2692,698.046109
2789,669.858635
2927,668.505233
3349,630.741911
5965,623.119192
6130,615.155826
6531,603.020543
6910,596.733441
7627,549.607665
8608,514.219243
