Evaluations,Fitness
1,23.809321
4,9.401194
10,6.954088
11,3.786359
41,2.407095
122,2.398716
177,2.169431
192,1.794305
195,0.632717
365,0.545971
531,0.442729
706,0.423652
791,0.399640
1265,0.399103
1433,0.398047
1518,0.397926
1547,0.397905
1664,0.397904
2163,0.397893
2311,0.397890
2414,0.397889
2488,0.397889
2619,0.397888
2723,0.397888
2865,0.397888
2939,0.397888
3009,0.397887
3336,0.397887
3466,0.397887
3476,0.397887
3689,0.397887
3731,0.397887
4503,0.397887
4630,0.397887
