Evaluations,Fitness
1,1618.665676
2,1460.821617
3,1460.620503
6,1345.723602
34,1270.240267
178,1242.658570
225,1222.513549
288,1075.005968
731,1037.021412
792,875.962374
1385,848.401754
1474,826.131773
1720,778.873856
1998,728.158432
2490,680.138669
3356,610.923053
4607,596.501561
7657,586.914490
8748,574.419928
9800,552.248336
12763,530.586363
14550,480.041538
