Evaluations,Fitness
1,499.457559
2,498.060736
6,486.412733
8,480.439961
13,428.339030
37,97.063043
89,6.415822
353,2.982115
1006,2.367012
1009,2.000494
1403,0.998019
2458,0.998004
2860,0.998004
2864,0.998004
3041,0.998004
3216,0.998004
3440,0.998004
3584,0.998004
3766,0.998004
3805,0.998004
3858,0.998004
4316,0.998004
4362,0.998004
4501,0.998004
4634,0.998004
5075,0.998004
5528,0.998004
11215,0.998004
