Evaluations,Fitness
1,499.99842068651583
2,497.7715884809195
8,492.5998071215364
14,466.8060561183707
15,384.56567378914167
16,47.486239483669735
21,10.957077113265399
311,8.097389168593311
594,6.903455937696732
760,4.985609170709752
872,1.992868849979717
1495,1.0580458641479442
1924,1.0340112516657376
2092,0.9980114969687283
2244,0.998007103769009
2352,0.9980043726724631
2587,0.9980038436134998
2675,0.9980038425625227
2749,0.9980038380832811
2793,0.9980038379581941
3094,0.9980038378315093
3096,0.9980038378059364
3251,0.99800383779673
3257,0.9980038377950589
3579,0.9980038377947207
3603,0.9980038377946692
3614,0.998003837794611
3619,0.9980038377945664
3644,0.9980038377944863
3701,0.9980038377944797
3703,0.9980038377944611
3732,0.998003837794458
3878,0.9980038377944536
3918,0.9980038377944527
3941,0.9980038377944525
4011,0.9980038377944513
4026,0.9980038377944509
4071,0.9980038377944502
4233,0.99800383779445
4590,0.9980038377944498
8177,0.9980038377944496
