Evaluations,Fitness
1,21.58885467842753
4,21.47509504077057
7,21.41196263090785
10,21.322970757050133
38,21.297996344381797
68,21.197376002943777
160,21.1312109791691
438,21.128358449684214
478,21.105337524165286
517,21.059040567276654
560,20.849534966490562
1051,20.402841999074095
1111,20.2014295288952
1323,20.1227924418993
1416,19.704882514594516
1790,19.356479543275405
2023,19.340226671667526
2140,19.324413782339366
2270,18.589565366606955
2417,18.349202196179824
2672,18.21407509963554
2834,18.211374398048648
2896,17.669929644759048
2962,17.127828243609233
3109,16.949515074794085
3275,16.723178874166294
3478,16.519971185621895
3554,16.325668563786603
3728,16.217710593032717
3755,15.683823366095888
3968,15.482762575848543
4001,14.606617586040064
4450,14.074587166129142
4697,14.073149637025073
4714,13.22728316718714
5377,13.0769581062036
5768,12.5782834279295
5775,12.411141662732584
5900,12.38463326260954
6019,11.955505738001884
6170,11.797141482585932
6215,11.528110201884823
6648,11.319742043583256
6802,11.090603303080545
6857,10.97926688185712
6915,10.49937992879429
7312,10.455781722315766
7326,10.124225829650836
7498,9.768291132749441
8099,9.662632154299247
8118,9.310334797451537
8153,9.230249053087265
8206,9.174992363497942
8220,8.579509153745583
8551,8.391499745135112
8818,8.190783766030155
9251,8.161348552940805
9337,8.120027290085991
9352,7.981704175391544
9419,7.81591190029353
9595,7.782312002161138
9611,7.771014742047832
9659,7.58816176977756
9912,7.586015538441721
9955,7.448408365689449
10167,7.3247752933870505
10394,7.019204375602564
10572,7.00819323522135
10663,6.930736654860228
10682,6.819229933963603
10845,6.802322740423623
10970,6.765543224956673
11008,6.590548135600795
11278,6.57585872997122
11305,6.232513976059902
11547,6.216613501018294
11548,6.185675923444336
11604,6.010027777397465
11747,6.008388711013264
11774,5.795200028385423
12017,5.716276665166095
12487,5.713301911564567
12574,5.572470207656181
12677,5.537268618606127
12701,5.506276960005497
12731,5.398241055437854
12916,5.276267434268178
13166,5.271572461443263
13283,5.144292483628501
13479,5.135019964322986
13581,5.04154311856831
13785,5.017205870903435
13794,5.01349906036295
13959,4.832684314389503
14069,4.804417177949301
14242,4.710693054827772
14314,4.7026521032382185
14572,4.678919374757719
14670,4.674634867452109
14861,4.655489479036124
14903,4.655444278720115
14984,4.558438031237319
14992,4.41272968491954
