Evaluations,Fitness
1,76473.58407798817
2,59.31923850799408
54,23.9089030546326
175,3.6864686124993638
585,3.6047527970352986
629,3.1923131490565098
736,3.0179852248054124
782,3.005408038116542
933,3.000557744958531
1202,3.0001020499802937
1224,3.0000062238480734
1507,3.0000047390558118
1565,3.000004352667146
1703,3.0000038352571763
1733,3.0000008135455634
1755,3.0000001826476854
1908,3.0000000799983706
1941,3.000000067441452
2006,3.000000021649207
2034,3.0000000165157146
2056,3.0000000143362184
2072,3.000000011773689
2106,3.0000000067580115
2141,3.000000002111631
2284,3.0000000012231
2342,3.0000000004698126
2353,3.0000000004597687
2354,3.0000000000546847
2529,3.0000000000001865
2978,3.0000000000000426
3147,3.0000000000000355
3227,3.0000000000000018
3246,2.999999999999997
3277,2.9999999999999907
3335,2.999999999999977
3348,2.9999999999999765
3350,2.999999999999974
3361,2.9999999999999734
3373,2.999999999999963
3378,2.9999999999999627
3410,2.999999999999946
3460,2.999999999999922
3872,2.999999999999904
