Evaluations,Fitness
1,1124.130310
2,1100.118039
7,1094.456373
10,1042.221137
17,1039.393644
26,1004.334138
45,1002.840532
94,980.960881
274,974.832228
317,967.785113
350,953.765004
409,880.029322
535,850.533106
752,837.223311
819,742.265172
1143,730.039717
1666,692.282929
1782,648.230917
3297,635.180473
3525,619.638015
3844,617.127867
3895,614.284494
4546,599.154674
5013,563.688621
6555,556.204331
6910,545.264674
7723,517.256472
8571,498.003720
14699,496.470725
