Evaluations,Fitness
1,33.33477657573516
3,16.27623954093157
6,1.6246187331401103
94,0.7987783011575349
166,0.4885071863747612
411,0.40356578194559134
727,0.40160002700473285
1277,0.3982977271162298
1379,0.3982636942344797
1676,0.39795004144050417
1717,0.39791526695358215
1942,0.3979028791729835
2059,0.39790091405630434
2368,0.3978970368960688
2467,0.39788870306946045
2731,0.39788775402179155
2787,0.39788737483939407
3040,0.3978873667458984
3056,0.39788736589017404
3089,0.3978873629102697
3114,0.39788736274643455
3145,0.3978873600348489
3230,0.3978873588270275
3270,0.3978873581866864
3289,0.3978873579713138
3361,0.3978873578494735
3450,0.3978873578241746
3462,0.39788735779907114
3589,0.39788735777006146
3594,0.3978873577630466
3651,0.3978873577345734
3761,0.3978873577344615
3773,0.3978873577341382
3795,0.39788735772986783
3972,0.39788735772976125
4048,0.39788735772975947
4083,0.3978873577297577
4090,0.39788735772974704
4141,0.39788735772974526
4311,0.39788735772973993
4377,0.39788735772973816
