Evaluations,Fitness
1,1101.085961
2,1008.794578
36,996.082912
47,982.679994
134,980.307187
181,952.477393
216,934.830174
270,903.131297
326,830.184736
395,787.737179
1189,765.101401
1400,702.512301
2339,684.789612
2788,664.188739
3381,660.323263
3433,610.281773
4149,600.395726
5881,588.724603
6323,565.294562
7523,558.004307
9992,547.726739
14948,529.948270
