Evaluations,Fitness
1,497.838689
2,497.351378
6,466.394955
7,461.754796
57,444.410866
66,282.827536
75,46.445527
101,14.908256
104,13.977333
277,4.986062
385,2.220557
1303,1.996410
1649,1.737160
1653,1.123191
1711,0.999144
2221,0.998396
2662,0.998004
3180,0.998004
3289,0.998004
3344,0.998004
3653,0.998004
3672,0.998004
4532,0.998004
4676,0.998004
4752,0.998004
5068,0.998004
5174,0.998004
5251,0.998004
7453,0.998004
