Evaluations,Fitness
1,200.041838
21,7.246676
84,4.169777
181,3.417271
369,1.014311
1701,0.999604
1922,0.998760
1996,0.998438
2061,0.998007
2298,0.998005
2326,0.998004
2501,0.998004
2512,0.998004
2576,0.998004
2727,0.998004
2807,0.998004
2848,0.998004
2920,0.998004
2959,0.998004
3157,0.998004
3206,0.998004
3413,0.998004
3780,0.998004
3844,0.998004
3861,0.998004
3951,0.998004
4048,0.998004
4171,0.998004
4212,0.998004
4238,0.998004
4508,0.998004
4676,0.998004
4860,0.998004
6982,0.998004
