Evaluations,Fitness
1,1653.850052
2,1520.103883
4,1425.797032
9,1400.182749
10,1259.785172
23,1165.019136
237,1001.553893
703,964.252409
1255,893.503458
1273,862.649402
1855,839.985484
1877,808.112776
2037,747.666000
2381,742.459659
2520,741.072613
2541,716.449602
2654,709.043596
3033,667.336466
3196,657.490753
4083,611.466205
5777,590.869395
7613,571.561215
8775,561.271098
11561,560.092052
12187,524.961919
