Evaluations,Fitness
1,1045.007226
4,1036.464348
12,1021.386029
18,981.118743
43,963.625788
112,956.199926
166,954.104218
168,901.213083
174,888.980780
241,843.655202
580,782.291130
959,775.788849
1083,766.602198
1371,765.261553
1376,709.865318
1853,709.385315
2369,669.980101
2651,597.303226
5229,550.965946
9194,536.439640
11374,535.706403
11460,510.391999
