Evaluations,Fitness
1,351893913.298140
15,288053140.027851
18,272399582.174378
98,246801211.122005
112,240605907.221415
239,237026769.652806
300,227023636.132938
435,211780164.504888
493,209361820.273959
627,190708502.705362
704,177869107.612741
708,154891340.789648
773,139836580.279314
932,136378126.984913
1051,129154153.053673
1063,123464846.818939
1115,111191799.659686
1168,97928020.338657
1481,90702024.960876
1519,81637921.582673
1620,80310505.490326
1919,76123326.829551
1983,75676612.741994
1992,74989217.106622
2159,67201426.648879
2177,62087794.805524
2216,57427723.834290
2260,53007567.410532
2488,44664886.557155
3003,41430004.110205
3056,39815132.247246
3262,39556358.904911
3268,38704334.060094
3529,35139937.616001
3820,30805753.364748
3944,29095432.266451
4071,27302476.652933
4079,26890149.814802
4185,21275094.869537
4580,19238590.007052
4893,18403754.219272
4976,18293428.132048
5166,18200074.920291
5278,17472153.762700
5309,15437577.688462
5412,14127630.520477
5516,12940692.741337
5634,12192572.351187
6011,11562316.931690
6279,11397365.841938
6305,11260623.482417
6411,10891342.949688
6477,9369677.996842
7037,8139695.885162
7093,8115016.551277
7168,8071037.859268
7426,7054799.886714
7634,6994410.556603
7735,6671057.368970
8059,6558814.415184
8084,6057067.313704
8093,5943241.168818
8103,5923390.126792
8246,5685258.019406
8557,5457261.829440
8677,5055156.328558
8732,4863630.680933
8821,4857100.928185
8830,4824230.247193
8855,4684683.474269
8857,4259057.913354
9179,4111300.839833
9259,3866667.302817
9383,3635477.543220
9645,3515486.272740
9731,3173613.835311
9810,3070188.956363
9984,2749466.836839
10319,2571404.749849
10334,2307514.495914
10515,2086844.240742
10888,1994795.671812
10902,1992381.053174
11022,1892528.685020
11133,1855293.161091
11323,1612350.484288
11343,1576159.809071
11889,1377435.090305
11968,1307550.718946
12128,1246372.622499
12199,1238224.820687
12225,1231162.962351
12346,1081024.682884
12486,1059190.897775
13038,1056132.803043
13046,968564.392076
13168,940170.506478
13199,939015.224940
13218,899904.529579
13484,884762.249474
13519,878199.183528
13555,837109.850045
13575,771679.079771
13681,743326.694769
13975,670253.821711
14036,646770.510298
14156,603249.398725
14204,581328.215139
14367,574590.524529
14469,573836.356922
14489,560343.115401
14560,550861.908976
14628,525784.747662
14784,490325.201271
14968,486536.371420
