Evaluations,Fitness
1,1544.027015
2,1501.740663
4,1440.900831
10,1326.315882
18,1318.833702
41,1273.746063
155,1149.438030
444,1057.640232
524,932.196937
933,877.531593
1508,837.131118
1617,792.350227
1942,776.338696
2008,767.903040
2145,747.677557
2209,737.094511
2272,696.447326
3022,673.361422
4058,656.705539
4094,644.866520
4261,636.821099
4624,630.610813
4837,622.779647
4982,566.622281
7890,547.175365
8915,516.660526
12198,504.320911
13318,492.038217
