Evaluations,Fitness
1,2856.837338
2,2768.462872
3,1899.003095
295,1894.534204
391,1847.995360
395,1634.853985
468,1450.992551
708,1181.712945
857,1023.612339
1230,951.364005
1285,934.130191
1330,860.180084
1336,767.491993
1630,593.369394
2302,583.847080
2345,564.176732
2422,497.427350
2609,476.553354
2635,464.928198
2669,429.270472
2972,362.651891
3225,324.226053
3689,295.145634
3758,286.342979
3886,260.244236
4137,255.843140
4342,240.558476
4357,235.376840
4424,232.950637
4467,212.572441
4650,212.050325
4868,171.686621
5025,170.994722
5216,163.031082
5375,161.191666
5396,151.812049
5498,127.433964
5710,127.213571
5805,102.492867
6015,95.325721
6070,90.706645
6467,82.913716
6479,79.306266
6635,77.431917
6681,70.819427
6920,67.283041
7058,66.869901
7077,66.118033
7101,65.430531
7109,63.450313
7281,60.903099
7362,58.416255
7426,52.931526
7806,52.489986
7972,50.401682
8067,46.080510
8320,44.813750
8370,42.666617
8484,42.615300
8603,40.289010
8924,39.357980
9034,36.699483
9363,33.634482
9389,32.003707
9664,31.564441
9740,30.528638
9773,30.147910
9871,29.420104
9937,29.213622
9945,26.379990
10159,24.174779
10488,22.544672
10556,21.703745
10675,20.506440
10752,18.407452
10804,18.356178
10854,18.107479
10857,15.120198
11080,14.278948
11293,13.810174
11568,13.455458
11817,13.110144
11890,12.120663
11919,11.769784
12064,11.333276
12171,10.994482
12227,10.928487
12357,10.631676
12379,10.524557
12398,9.617488
12675,8.736588
12729,8.391850
12780,7.951930
12968,7.426619
13286,7.036591
13358,6.872528
13595,6.728807
13748,6.667940
13921,6.661410
13937,6.378027
14067,6.008868
14114,5.707767
14227,5.668828
14602,5.622768
14666,5.439506
14680,5.434231
14705,5.221199
