"Evaluations","Fitness"
1,24832796.6769338
2,7346989.83910186
5,1050737.1817465
59,989148.790097586
159,812893.101148921
221,747955.62799567
494,736513.422810117
511,615009.545119299
1105,484133.044708534
2749,459846.564156126
3244,439463.758365391
3344,427591.569956231
8589,314343.584258892
14189,309686.401540511
22279,297371.791866581
23731,294273.154505851
24516,267728.743030009
31897,266991.316862763
31997,230154.760587863
38179,211589.978351544
