Evaluations,Fitness
1,1315.607519
7,1162.278338
147,1105.511251
180,1030.736188
483,993.390950
539,826.458487
947,786.294767
1354,762.411209
1535,758.509928
1585,717.773094
1737,680.183987
2576,679.447577
2652,675.678352
3111,674.873924
3139,627.596827
3719,618.828686
4545,605.372931
6023,600.192083
6373,579.351875
9435,559.549540
