"Evaluations","Fitness"
1,9709026.33389939
2,9064052.01926866
8,8275596.93073833
20,7931153.93531044
30,6601457.5715234
314,6254753.75887748
487,6188824.95830007
621,5821217.38641834
926,5532262.38360855
1829,5513332.81261211
1831,5128106.46715878
2107,5036124.62112104
2144,4469761.0354147
2883,4254346.57722488
3191,4116320.23280672
3651,3329121.48647678
4290,2281989.23667153
5615,2157660.50076182
8496,1985565.4761358
8596,1972877.81481506
10130,1815787.25543158
10890,1400861.85938367
14158,1295470.95227178
14258,1273039.06895276
14766,1218004.66157443
15637,1167453.72688134
15845,987682.161107389
15945,900936.809275695
19853,786836.092096465
20753,707395.21239487
22296,667603.357077406
22403,545685.810590231
24496,544263.38425999
25529,543493.692183574
26328,539326.96648413
26925,450876.030098071
27549,445543.209390036
28873,440775.146692679
28973,427991.6998131
29157,380999.97064237
29930,374624.224713079
30327,366164.817223327
30834,357478.191943966
30934,354794.93019453
31132,337300.109047465
31732,280629.419358431
34103,274196.758873816
34583,259755.857134132
34861,220884.011811585
36653,205426.63980575
37410,203200.045157762
37730,187943.526284603
37876,187467.368563662
38026,174768.802437797
38346,170723.028723356
40091,166480.541659741
40112,154724.29738693
40289,143024.435919544
41920,130185.869377125
42991,127680.968189429
43270,106051.380183213
