Evaluations,Fitness
1,364748.403832
2,360072.997866
4,355642.090744
6,328312.612291
7,322235.611514
9,307541.404828
13,280121.174170
24,258112.016174
31,233941.517120
112,233908.006080
114,197254.173997
396,187034.165173
423,149643.559509
790,127181.804590
955,123495.420015
1189,122036.600971
1248,110616.082122
1277,106823.334926
1437,101706.919550
1464,100760.423763
1536,98716.978415
1654,94041.136913
1702,72615.205860
2149,72062.291028
2215,66894.930689
2219,61935.515357
2399,60093.674592
2419,59166.724335
2433,57683.738994
2717,51107.603419
2862,51058.435439
2970,50896.911129
3027,48548.185821
3105,47155.904260
3107,45301.713243
3340,41339.789886
3462,39959.620862
3543,37019.016093
3681,36120.171811
3799,32610.237561
3951,30617.376633
4142,26448.364601
4565,25355.505729
4676,24389.942609
4813,23244.225143
4833,23048.273920
5009,20168.696276
5215,19061.269409
5562,18710.368432
5655,16343.699347
5814,16145.693780
5872,14446.517375
6048,13257.274892
6129,13193.449035
6202,12744.199443
6255,11672.422458
6690,11467.467090
6751,10701.747037
6825,10175.775192
7094,9722.883066
7275,9394.195803
7495,9017.360024
7504,8767.184195
7577,8349.732427
7649,7639.579137
7857,7584.777362
8003,7337.973882
8198,6864.195410
8315,6710.494682
8408,6632.646187
8432,5763.439007
8444,5412.178087
8939,5348.711445
9122,5168.648658
9229,4739.689108
9499,4301.506048
9669,4014.945271
9710,3827.152808
9903,3824.642943
10056,3461.713287
10401,3225.857965
10637,3140.235779
10645,3109.134723
10652,3059.484557
10734,2873.697185
10900,2652.929219
11132,2509.141304
11255,2467.930716
11305,2414.776858
11392,2162.607758
11894,2065.017571
11914,2027.099018
12037,1846.540108
12308,1797.916553
12401,1780.991045
12641,1650.425030
12999,1622.443000
13024,1577.111655
13139,1565.330599
13142,1432.317036
13165,1354.730531
13268,1349.581305
13378,1302.982217
13406,1223.160033
13445,1200.566824
13621,1076.829428
13891,1033.088763
14021,876.799455
14415,818.639223
14451,718.232452
14700,707.301868
14985,660.602808
