Evaluations,Fitness
1,496545039.748564
2,286068843.770744
15,268669566.046514
37,264721667.761540
61,259316798.656472
87,251143388.403881
144,241071430.543826
315,233662122.951301
337,224825096.507269
375,223164866.305368
395,163575917.663037
567,157990112.216931
700,151898646.505993
714,143344144.292430
778,119246418.879935
882,91395348.995661
984,86966998.164269
1260,77641923.562897
1282,68354451.479650
1293,58148849.221414
1408,56100784.994458
1812,48361152.502608
1968,43823444.544429
2235,37279799.236363
2412,36748417.308107
2459,34029361.100704
2607,31857269.132283
2620,30621934.476341
2778,29095755.589179
2814,28034932.001246
2913,24549121.198503
3009,23846662.984065
3313,22340648.159720
3392,21605828.499867
3522,18213719.060861
3773,17287067.741633
3882,16165970.772277
4322,15099895.666076
4421,14934025.863695
4530,13739255.209141
4557,12548617.899603
4777,11255890.907682
4827,11082723.715408
4957,10304721.854641
4992,10129484.095761
5142,9495703.427345
5158,9205488.153648
5568,8686589.545367
5765,8520804.990328
5902,7678284.453631
5961,7605002.947384
6021,6019270.933476
6101,5879285.293295
6368,5185140.314616
6817,5096782.321521
6821,5081856.953861
6850,4951264.919345
6946,4793849.109913
7118,4190307.714770
7545,4153005.072445
7571,3892942.094302
7620,3410675.388588
7764,3377283.935998
7796,3370631.667775
8023,3093891.968511
8094,2935064.981419
8168,2924258.285636
8349,2764276.595747
8441,2383535.816840
8694,2367189.140203
8804,2174831.374864
9057,2158612.097193
9242,2114953.457680
9257,2112181.197854
9280,1956452.981851
9422,1798295.723481
9698,1693903.826392
9853,1661218.722233
9882,1553989.482864
10093,1540125.256993
10205,1469271.890340
10304,1243050.954242
10736,1227300.177237
10753,1174285.435550
10805,1159809.265993
10908,955252.993059
11304,895187.489711
11557,885974.550577
11614,808961.741455
11703,756948.226187
11988,744449.648899
12045,726251.854996
12057,672369.161843
12464,648804.756882
12609,641046.017052
12679,636680.129205
12707,620388.473561
12733,598007.598085
12782,571315.710301
12820,548386.000374
12968,518747.825744
12986,515298.376985
13026,476135.943624
13601,435179.253880
13936,431152.132036
13968,397167.667337
14066,384388.578585
14101,374688.953571
14309,374496.167480
14386,369673.027885
14407,365499.169268
14519,364949.914390
14540,335630.447328
14595,318991.277144
14770,299270.657850
