Evaluations,Fitness
1,304616.190537
3,282311.026887
8,235439.419376
270,176649.826321
407,153480.487855
698,152159.767588
819,143208.129735
821,137866.971764
850,136115.878808
928,122977.969745
951,100578.920504
1336,87022.915531
1559,86161.087218
1686,85769.729285
1851,80816.981980
1924,73680.034436
2170,65452.504955
2454,46412.522696
2703,44313.253538
2775,43298.772971
3053,42840.820944
3104,40568.948225
3397,39950.314548
3411,39279.723429
3521,37401.602913
3662,33796.768022
3826,31855.747970
3858,30825.021348
3909,28204.647920
4017,26629.417098
4140,26076.676884
4183,22445.962391
4364,17482.599102
5031,17272.969021
5134,16982.440433
5240,16963.464756
5256,16834.438779
5278,15913.755805
5368,14547.321868
5459,14262.211360
5619,13241.580702
5634,11377.583301
5665,9772.117584
5955,8669.216335
6332,7409.361242
6603,6707.965787
6707,6465.845248
6907,5745.233403
6973,4966.979913
7106,4515.004441
7460,4322.631031
7571,4228.247678
7606,4195.677431
7679,3732.910990
7787,3421.244099
7856,3148.264404
8204,3147.348322
8295,2434.896965
8415,2398.252193
8711,2287.428270
9303,2260.182942
9365,2103.416914
9393,1859.073602
9553,1805.738950
9650,1742.659825
9670,1731.606881
9831,1643.044603
9910,1581.937596
9929,1576.550308
9950,1565.021598
10020,1563.957195
10084,1539.449719
10143,1506.523066
10235,1429.348661
10337,1328.196593
10475,1280.935006
10602,1214.273160
10661,1009.451705
11183,1002.334890
11369,952.792070
11499,951.361768
11554,926.577406
11576,911.420921
11821,904.605847
11836,819.317316
11956,789.211382
12057,723.712866
12301,722.974485
12460,709.545836
12523,648.717623
12760,630.325322
12937,626.564649
12965,620.905326
12999,619.039373
13074,568.688464
13152,556.773927
13202,553.186473
13487,530.029013
13559,508.394240
13619,461.540125
13854,451.885654
13962,421.252696
14073,404.156662
14213,392.931647
14406,391.658281
14456,368.563008
14512,362.028439
14717,355.955397
14896,347.379216
14949,336.463712
