Evaluations,Fitness
1,1163.143675
2,1099.185523
4,1009.796117
10,944.720735
57,912.355765
153,901.735765
264,873.995778
419,814.030092
785,782.292468
1016,757.600479
1440,734.569008
1505,734.386722
1733,712.424705
1825,708.138974
1970,655.915279
2292,648.028972
2417,598.218772
3311,577.487127
4215,570.872487
4889,525.090841
9970,516.257782
13577,512.592219
13954,510.335223
