"Evaluations","Fitness"
1,1867.9648049425
2,1346.55422857019
9,1253.63311064801
45,1226.25045993896
918,1145.57197767782
1383,1114.48634147924
3373,1042.39280089748
3473,941.989932385474
5567,916.311019472235
5712,867.435352806386
5766,816.169047368582
7746,814.086995333173
9398,774.141339651979
9498,767.654451402439
10124,757.12923655988
11575,752.570697022717
11851,731.319412996817
13955,721.147574380712
14469,673.255007361087
