Evaluations,Fitness
1,1421.527371
2,1379.069479
12,1096.159794
253,1049.338989
450,1032.372734
474,995.469705
702,945.868614
704,931.727577
787,923.876767
800,854.865712
1110,836.806673
1229,831.927260
1345,805.347077
1603,779.895181
1634,763.786561
1771,697.740694
2390,679.837954
2709,658.939523
2868,646.439624
3530,630.319251
3868,626.029465
4297,620.471517
4407,616.849839
5163,596.123284
6522,595.064937
7806,582.906799
8386,569.507076
8557,560.814522
10859,539.398599
