Evaluations,Fitness
1,3091.225643
2,2931.578716
5,2525.726493
9,2438.782853
32,1907.906648
242,1566.172447
618,1371.930351
792,1269.110626
941,1214.978165
1254,1201.293676
1276,908.562048
1653,766.480093
1812,747.718456
1888,708.873562
1917,645.126021
2325,585.714131
2476,577.883302
2540,537.844447
2697,469.882282
2960,440.085309
3080,429.160197
3235,366.685219
3478,349.560817
3664,345.669350
3717,333.402971
3792,311.885777
4162,305.951674
4183,302.213156
4254,300.988380
4302,298.033726
4320,282.048762
4501,271.482759
4642,238.306450
4781,217.644561
4800,199.910014
5000,193.941765
5147,188.771782
5374,183.504314
5465,178.838895
5620,176.537892
5644,171.569752
5666,162.422935
5940,154.114532
6015,153.933765
6105,152.658965
6111,137.107808
6149,131.036266
6325,126.066388
6643,120.534536
6827,116.742769
6993,114.928920
7058,111.780496
7065,109.355388
7365,100.809315
7532,96.942088
7543,89.016389
7868,80.309477
8065,74.195403
8560,66.239809
8659,65.088179
8897,63.930077
8915,62.412441
8953,61.181514
8994,58.290247
9002,57.541929
9036,57.201501
9066,53.622580
9426,51.901238
9465,48.583803
9855,47.371592
9977,46.651295
10048,45.513741
10209,45.395454
10264,44.470451
10356,44.261901
10406,42.912651
10482,41.911195
10502,40.718693
10763,38.828626
10972,36.461044
11154,35.080750
11435,34.111767
11555,31.685456
11612,29.690090
11871,29.651629
11900,29.409760
11905,28.345700
11988,27.940216
12066,27.576017
12191,27.140618
12251,26.164472
12308,25.936411
12403,22.567660
12592,22.199274
12831,21.394232
13025,21.098739
13086,20.706942
13099,20.174091
13101,19.862389
13432,19.071341
13621,18.548198
13624,17.523985
13705,17.223695
13771,17.104137
13828,16.933704
13836,15.459733
14027,15.336600
14037,14.582039
14210,14.111059
14225,13.468880
14405,13.377693
14458,12.180956
14460,11.915173
14530,11.007595
14542,10.945341
14810,10.539290
14820,10.027325
