Evaluations,Fitness
1,21.596304
2,21.420149
3,21.406037
7,21.276365
10,21.216179
39,21.206158
77,21.130671
254,20.838456
504,20.799612
617,20.686582
744,20.358482
1414,19.967214
1654,19.888372
1878,19.876570
1898,19.791017
2020,19.552476
2075,19.499921
2126,19.359056
2199,19.191251
2275,19.013257
2389,18.987683
2414,18.781500
2566,18.533933
2763,18.533906
2831,17.998036
3137,17.971404
3175,17.784744
3180,17.661936
3282,17.319786
3590,17.215142
3695,17.126996
3798,16.549998
3997,16.408514
4228,16.406599
4241,16.092800
4584,16.038351
4759,16.032558
4784,15.591589
4882,15.403299
5064,15.211757
5137,15.118569
5202,15.020433
5306,14.796007
5424,14.509918
5608,14.431526
5650,13.711485
6030,13.544424
6172,13.289459
6189,12.806692
6392,12.715554
6530,12.572641
6533,12.456212
6701,12.424919
6849,12.130556
6910,12.093666
7091,12.043264
7125,12.010818
7234,11.421424
7480,11.212928
7499,11.055098
7545,10.942792
7648,10.751172
7918,10.638764
8013,10.541655
8372,10.088139
8530,10.070216
8630,9.913689
8763,9.843105
8813,9.684926
9150,9.601819
9245,9.572648
9473,9.558622
9514,9.441698
9607,9.290282
9632,9.247761
9651,8.892720
9940,8.826124
10098,8.756849
10109,8.723136
10186,8.423192
10203,8.414819
10351,8.381236
10399,8.348719
10457,7.977096
10859,7.934357
10904,7.837890
10907,7.806697
11091,7.541667
11338,7.275218
11610,7.269685
11683,7.150041
11741,7.132022
11820,7.023342
11968,6.801113
12014,6.766749
12254,6.548857
12398,6.458822
12689,6.271645
12779,6.231970
13138,6.152317
13143,6.130063
13189,6.100447
13214,6.095323
13254,5.941466
13331,5.623357
13736,5.421846
13912,5.214255
14091,5.130586
14200,5.087772
14597,5.001526
14796,4.855398
14866,4.638014
