"Evaluations","Fitness"
1,27.671491065872
2,8.87628786629261
5,5.45420865852612
7,2.64937365334686
11,0.802414555805212
802,0.518570480553393
952,0.426650456067367
1900,0.405534298983561
2456,0.400951135361208
2925,0.39998494122943
3070,0.398215273547352
3670,0.397939457099545
4741,0.397923924145353
4858,0.397910004813362
5041,0.397888579194625
6207,0.397888217023958
6367,0.397888025374229
6836,0.39788795333418
7284,0.397887886729476
7423,0.397887530897142
7747,0.39788745296897
8035,0.397887426789422
8178,0.397887382989893
8949,0.397887382050055
9051,0.397887363825221
9081,0.397887363214265
9681,0.397887362396219
9992,0.397887361998452
10120,0.397887359327282
10267,0.397887358087203
11158,0.397887357969765
11478,0.39788735775411
11923,0.397887357741636
13127,0.397887357732429
13701,0.397887357732095
14327,0.397887357730465
14911,0.397887357730138
16137,0.397887357730095
16150,0.397887357729779
16438,0.397887357729759
17050,0.397887357729754
17184,0.397887357729738
