"Evaluations","Fitness"
1,1504.52809850189
3,1467.25424114124
12,1261.42079372691
26,1177.36906186952
668,1156.68251097327
768,1147.50604386508
1824,1139.26211711442
2304,1134.6118040172
2404,1085.33760730638
2555,1027.4066740871
3808,984.271388500378
4112,953.958146087157
5747,951.091636878535
5879,915.034091472878
6046,877.631791075033
6210,785.669692168078
6310,767.594220782309
11302,745.441695005839
11402,744.358684320456
12064,717.213463734198
