"Evaluations","Fitness"
1,2404135.76106993
2,2401176.44680965
3,987731.729014856
6,873557.254739614
9,609183.412404637
79,417202.85774022
974,386307.269935422
1263,331520.157544696
9542,293585.750253166
9642,273572.318559068
