Evaluations,Fitness
1,11453510.685870
2,7503927.053559
10,6926661.381054
35,6859789.429410
44,6612198.659817
209,6583552.629287
268,6183839.829780
309,6057353.655100
333,5751821.067286
390,5708849.870938
401,5254035.784472
433,4891669.364221
658,4523091.757017
661,4367491.870107
693,3754570.873350
732,3519999.388713
925,3422835.198565
1008,3359408.540972
1026,3095346.827742
1037,2688737.963635
1233,2687446.727088
1393,2505506.082258
1423,2403641.699406
1613,2352568.712990
1623,2352109.322010
1755,2126421.325942
1959,1916892.220537
2023,1601830.099326
2160,1579799.745419
2390,1483621.208075
2494,1431989.955983
2690,1419527.621117
2691,1346536.655676
2744,1284274.301838
2790,1232700.897859
2833,1097351.153607
2959,894431.090905
3207,894346.973925
3389,878032.588953
3438,716038.536832
3866,663287.552394
3869,621392.227133
4151,620641.794858
4181,495219.078423
4729,484810.452548
4751,467267.853431
5018,462561.706094
5137,458847.718705
5203,413772.125095
5370,409147.516914
5454,390915.493663
5501,383374.855430
5538,353351.334276
5708,295720.645543
5856,285989.436654
6296,282822.696138
6308,253043.552712
6364,246533.285127
6720,237595.645351
6830,232567.814038
6858,224167.354719
6935,220809.818593
6961,213011.807540
7017,194511.811318
7122,177773.878514
7810,145799.414896
8216,145226.063048
8251,140873.178490
8416,131496.571129
8613,129807.478919
8711,129415.213149
8719,124639.883740
9065,119410.409132
9108,111058.571914
9157,109760.480200
9489,108055.447377
9492,84322.184155
10139,82416.651541
10140,80993.105590
10287,78379.157486
10479,71170.692704
10696,69755.899985
10825,68054.902097
10866,63974.629153
10930,62853.278497
11122,60943.662064
11184,59071.105942
11298,55988.951267
11462,55481.802834
11548,54137.570896
11694,53713.506636
11755,52893.218502
11832,50676.489543
12039,49846.519116
12111,49830.627100
12215,46769.934520
12512,46134.759052
12833,42617.846506
12925,39949.063606
13553,38330.551265
13818,35841.649173
14158,34937.365606
14552,33799.800693
14728,33651.629718
14765,33584.889137
14795,33426.667915
14856,32838.573020
14943,32197.053110
