Evaluations,Fitness
1,10583401.143499
4,10141429.166776
5,9024195.170729
6,8360107.399570
24,8021893.800383
25,7951231.421263
31,7732583.759911
44,5576218.830021
223,5205390.315289
471,4656841.414904
507,3675463.345016
615,3187669.924293
758,3174548.904346
801,3083743.886568
906,3081588.649976
1084,3066137.983038
1092,2881189.931744
1187,2647407.786660
1379,2268668.014175
1632,1814967.051557
1931,1697949.561012
2064,1402256.815072
2246,1146054.885617
2527,1084298.521293
2713,1006736.770213
2883,926375.361135
2919,844551.872638
3334,745953.463429
3439,733890.976370
3739,720209.010484
3853,594852.720377
3901,578191.261423
3906,573300.375677
4535,542433.693389
4572,457161.341222
4733,382204.749099
5023,373742.303315
5358,348461.072178
5403,345289.326652
5461,342473.775051
5563,319653.108349
5710,310322.721315
5772,304303.060599
5812,292861.419072
5932,235541.711941
6340,232214.633565
6349,230149.311132
6525,206804.304791
6723,168369.343913
6971,167171.773299
7297,150580.900922
7366,142952.282066
7704,132236.127276
7820,131375.849354
8044,130042.918560
8069,126001.736622
8261,110335.034515
8309,102336.210487
8512,92531.875307
8626,90159.627981
8724,85934.556520
8756,85257.082247
8848,82935.994106
8849,82483.534169
9030,75002.361987
9136,74313.235569
9320,73202.344857
9523,69262.652769
9537,57656.197695
9908,55367.997257
9959,53538.153147
10125,51770.908588
10213,41845.797943
11035,40351.080727
11064,38197.564084
11190,36360.444325
11243,35436.110089
11356,35263.112442
11416,33118.455662
11689,31264.072078
11842,30608.643740
11861,28681.146339
11932,27932.602634
12079,27621.233913
12103,27011.766911
12252,24655.743042
12298,22380.133939
12352,21502.472785
12564,20039.709093
12636,19718.448357
12740,19655.960590
12874,18526.546624
13113,16978.991228
13286,16645.921300
13332,16534.283127
13358,15701.865277
13567,14850.678831
13876,14279.692622
13987,14241.608416
14041,13617.482192
14206,13526.740371
14258,13308.485512
14351,13082.402124
14355,11958.211896
14465,11604.470948
14535,11363.105293
14554,11252.077021
14578,10494.147584
14821,9842.534235
14957,9648.668006
