"Evaluations","Fitness"
1,389300.52243088
2,265441.164714861
3,216617.807391672
1108,211411.841445887
1533,209111.780801674
1673,199316.561588569
1825,196792.714923216
1837,171014.921930096
1879,169911.725630171
2323,156711.607138305
2487,151650.743319145
2587,148906.183152549
3054,127029.583055362
3154,125835.185418172
5764,114390.388699813
6065,110781.455547434
6231,102143.391065425
7226,84289.394718464
9071,80448.3981405803
10121,62419.971952936
11726,60037.4578068643
12999,51610.4986701527
13551,48475.8268910636
15788,47820.4004371517
15972,44450.5579174319
16435,41212.5455227084
16881,35641.6411499591
18988,32778.2278428499
20455,31646.0564465305
20555,31436.4078239635
20931,31396.2794145964
24085,31313.3258545887
24691,27540.034934509
25271,25249.5379171529
25280,24603.0950918745
25735,21509.5303629153
27835,21016.475139524
28276,20987.8796293003
29166,19616.305752787
31723,19237.2349889321
32475,16297.9889458446
33378,13393.6449804222
35901,12726.6435759709
38188,12681.4944689938
38194,11699.3748668861
38757,10843.9956537025
40438,9365.2656601985
42226,8595.7960740558
44758,7862.70888948907
