Evaluations,Fitness
1,1685.276451
2,1255.734566
35,1200.216315
107,1187.652552
202,1168.144686
401,1024.006170
508,1023.184358
552,985.064065
764,972.569302
859,947.067272
951,886.267836
1062,843.072101
1385,811.616600
1568,802.222543
1771,789.400220
2047,788.638920
2048,737.250560
2330,722.107151
2373,711.881955
2854,705.268875
3295,669.370989
3841,644.965868
4602,632.141129
4686,631.433177
4694,607.596461
5341,566.023600
