Evaluations,Fitness
1,2683.949627
11,2565.062055
28,2478.050318
29,2389.930992
38,2083.330108
128,2022.327755
332,2012.322982
345,1527.502092
440,1395.452988
714,1384.546512
730,1357.552773
851,1333.373400
938,1210.154306
1013,1057.721030
1286,985.278457
1605,738.172313
2125,733.560448
2274,672.951403
2360,666.405152
2471,657.582542
2543,512.265344
2904,507.225410
3048,490.012326
3119,484.030319
3154,425.963403
3372,374.989374
3381,324.386274
3803,314.770706
3849,306.476925
4106,303.382885
4133,266.356354
4316,231.445653
4714,221.225223
4809,210.525308
4823,208.424877
4913,196.525533
5157,188.343171
5275,184.853022
5324,170.751370
5351,164.828472
5524,157.073078
5628,150.567564
5675,132.295384
5801,132.024975
5912,123.848739
5925,110.115477
6160,96.441767
6449,85.656923
6696,85.436421
6738,78.961268
6815,62.491135
7445,59.474292
7587,54.158269
7872,53.519267
7944,53.017796
8038,48.801070
8297,47.937512
8306,47.385941
8323,45.673563
8362,45.450140
8554,42.692597
8585,40.213452
8678,37.400464
8992,33.883201
9238,33.280455
9408,31.978870
9428,31.738305
9528,28.116591
9900,27.977608
10042,27.899313
10076,27.415994
10113,27.211459
10122,27.133004
10137,24.613713
10257,24.325614
10316,24.201351
10366,21.438299
10813,20.485672
11052,20.365598
11058,20.357384
11061,19.892315
11113,18.920692
11133,18.690239
11349,17.296764
11508,16.528082
11651,16.416771
11835,15.706764
12000,14.819004
12286,14.318360
12288,13.763496
12382,13.762629
12547,12.938977
12584,12.820010
12707,11.828501
12736,11.572888
13082,11.433477
13150,10.121843
13425,10.031079
13449,9.919476
13561,9.701302
13623,9.603257
13651,9.204559
13713,9.051257
13852,8.776813
13879,8.323470
13881,8.316920
13941,7.715855
14032,7.434513
14336,6.918267
14367,6.614542
14506,6.548670
14608,5.915938
14963,5.899640
