Evaluations,Fitness
1,395722919.285268
4,356288497.012120
5,351943820.985059
9,341829397.187625
12,323966186.528197
13,306788764.644283
27,292743647.002545
28,292584615.999023
34,267412997.386778
36,206745722.647831
331,191289597.933996
354,182697020.785380
442,171571388.767818
454,159281975.243708
539,143145118.148859
567,139352102.281525
571,111658179.831550
806,106848146.866321
866,105897376.506302
876,85263697.950840
1072,70676515.728347
1622,63697754.382956
1666,62076044.659394
1780,50647175.930139
2048,49797528.178411
2080,45198745.358968
2252,34124559.325309
2463,33871713.257610
2505,30193847.250168
2560,27828910.779685
2629,25338774.657448
2940,24898921.527313
3003,22389994.204153
3199,20800005.144837
3418,19504048.495194
3464,18395438.737767
3557,17949109.564462
3598,17730648.148239
3712,17720097.648016
3903,17689056.591607
3976,16327545.730181
4007,16309229.964766
4085,16063971.001447
4130,14725224.891270
4213,13042231.551607
4347,12315302.361959
4457,12229700.747902
4480,11392098.984204
4909,11039700.399207
4916,10842877.839214
4927,9978350.960640
5103,9766022.952804
5178,9757481.089871
5214,9320138.923566
5357,8694781.389955
5506,7653754.551791
5757,7364413.739959
5866,5811788.547329
6453,5633536.531752
6828,5526035.342006
6858,5011220.585502
6891,4797029.104557
7015,4428164.080960
7323,4023246.727326
7369,3932771.434265
7491,3697751.115854
7884,3694514.422332
7906,3435967.084029
8006,3049911.034997
8075,2901615.322391
8284,2191626.151667
8787,2014405.848453
8852,1816481.165838
9032,1731679.329036
9118,1688861.613605
9189,1675561.057928
9242,1636114.247638
9384,1621344.714726
9389,1576479.027086
9408,1555207.713669
9691,1527857.716031
9732,1502557.341340
9881,1453806.909648
9979,1275240.895303
10131,1241812.901744
10252,1155745.478567
10430,1018996.282929
10644,947831.478191
11000,907703.698722
11035,860824.519667
11164,754822.956950
11284,721441.754283
11648,695770.384846
11680,675603.772323
11707,632389.673105
11862,565301.025629
12159,523406.015912
12419,520818.073995
12456,492699.798979
12633,465039.914989
12766,464228.081310
12830,424925.863983
12851,422342.754459
12872,413131.410280
12910,354135.607986
13215,344920.415723
13399,338097.639323
13444,312694.918522
13579,300692.885448
13872,257449.864020
14146,248765.792271
14284,243116.276548
14312,241480.715935
14337,228772.610198
14547,218678.588095
14759,161343.432260
