Evaluations,Fitness
1,20.172908
3,8.109609
8,6.893455
9,5.633951
12,3.456493
29,2.385751
54,2.350531
71,1.747121
175,1.051501
282,0.445519
295,0.403168
700,0.399943
1105,0.398440
1419,0.398030
1538,0.397911
2180,0.397892
2597,0.397888
2674,0.397887
3279,0.397887
3491,0.397887
3591,0.397887
3684,0.397887
3765,0.397887
3999,0.397887
4110,0.397887
4197,0.397887
4329,0.397887
4606,0.397887
4767,0.397887
4835,0.397887
5217,0.397887
5250,0.397887
5335,0.397887
5355,0.397887
5708,0.397887
