"Evaluations","Fitness"
1,0.00201624240869266
2,0.00200067763321345
3,0.00200000436749615
20,0.00200000265580303
25,0.00200000161477325
51,0.00200000020704914
58,0.00200000002112489
77,0.00200000000210557
1259,0.00200000000205623
