Evaluations,Fitness
1,1002.475755
27,964.291836
33,946.822676
204,928.122318
254,919.559986
308,881.342352
404,868.332133
837,816.324829
983,815.120764
1074,773.353792
1089,742.168691
1521,729.751075
1616,660.485530
2541,644.749125
2723,620.872552
3324,607.620779
3465,598.419262
3583,592.727390
5158,557.127027
6765,537.511564
10802,493.274863
14728,488.528769
