"Evaluations","Fitness"
1,0.0021592520171623
2,0.00200823806831677
3,0.00200001292825817
6,0.00200000403851679
13,0.00200000266887727
20,0.00200000260306257
29,0.00200000209026152
53,0.00200000028747476
54,0.00200000002664272
81,0.00200000001339722
90,0.00200000000345656
