"Evaluations","Fitness"
1,1332.1594077572
12,1269.90611361976
46,1179.43234961513
323,1152.15210219047
506,1139.33746254587
606,1126.69196403941
1443,1102.95359154976
1543,1025.73663063917
2588,978.289246239266
2864,936.493207622899
3805,932.404840119043
4084,923.67932086427
4428,916.367685921981
4547,885.148780104375
8047,859.602930411667
8287,855.505124920314
8461,833.970598177545
8772,797.349732631757
8872,792.290144356649
9834,767.985359140726
9934,756.086362766572
12376,658.216935549741
12476,653.91820970221
15003,630.563789869806
17753,629.848323666005
17853,629.618047185439
18978,611.544065889635
19078,603.783457485306
23333,596.735961150822
25824,592.36670932692
29312,584.309907232255
34202,565.947205421614
34733,561.123191680362
34833,541.537465878269
42053,528.613827827443
