"Evaluations","Fitness"
1,812191156.061793
3,662688387.043538
37,645186680.539122
70,596160378.110412
549,579389824.855873
698,522337790.599926
836,514957238.735738
999,483074313.074398
2199,385570858.357556
3224,353021040.83703
6074,312323748.642375
6848,286448966.284442
12524,225051243.651939
14799,218647729.976453
