"Evaluations","Fitness"
1,3508.30221322671
2,3456.68334640626
3,3123.30250236866
5,2962.8721054858
10,2953.18364333509
15,1842.98209529181
2442,1833.15965887545
2750,1693.75394199829
2890,1689.90573342552
3078,1579.57567804259
3080,1557.30562204478
3178,1535.88745160546
3797,1364.4875270799
4438,1350.44390306094
4538,1251.06815238862
5426,1204.82783276496
6383,985.442911013098
8137,979.290793349456
8592,971.128657575247
8920,881.627774211045
9687,825.399387394361
10587,777.100949727222
10687,751.658636585828
11775,744.006467681459
11914,708.056253038619
12075,631.312228494044
13573,535.367562447093
15811,531.790975144911
16675,530.141684482628
17551,506.921797882784
17629,483.607573042505
17729,472.889887566405
18524,458.820987533373
18690,446.697623571523
18837,429.849992714286
19146,419.186246916612
19747,355.902597791908
21066,319.79201573578
23464,298.93733034441
24234,282.672298758719
25571,251.768014246814
26190,246.482846158157
27530,245.778178021081
27630,230.1543273937
28570,215.705774479383
30505,198.414148129274
31358,189.673132412547
31707,162.455681966751
32321,161.143372014426
33547,160.049177152038
34724,154.399919319512
35942,150.813753970014
36074,143.633985209073
36954,136.386986899334
38180,134.989292997179
38280,134.485823063351
38477,129.149434041856
39094,124.424417978653
39222,124.058010295007
39518,120.660323327966
39825,117.448890579659
40150,95.1174681627404
43581,94.7936214074072
44015,83.1910995851785
