"Evaluations","Fitness"
1,35.5085875628045
2,23.2392123720629
3,22.2725909759177
5,8.01764985765474
9,1.97254969811857
34,0.855015144322238
49,0.568533304762617
978,0.413081589801003
1263,0.412739894129967
2049,0.40052879206376
2349,0.399151940985377
2613,0.39834249794778
3527,0.398077054678128
3539,0.398009948142574
4144,0.397981406907808
4855,0.397897030587412
5766,0.397894315217703
5914,0.397890089824458
6203,0.397889591065052
6233,0.397887476707288
7884,0.397887379040707
8928,0.397887377451124
9083,0.397887368362483
10421,0.397887358768005
10590,0.397887358516572
10863,0.397887358348445
11034,0.397887358334605
11479,0.397887357882993
11903,0.397887357821144
12656,0.397887357769051
13142,0.397887357762929
13560,0.397887357750854
13865,0.397887357743876
14451,0.397887357739693
14482,0.397887357730557
