Evaluations,Fitness
1,2496.479615
2,2322.592194
15,2209.346101
34,2135.197371
161,2126.104352
184,1951.111100
217,1761.279463
311,1645.246414
489,1434.058754
757,1400.490726
771,1308.206839
934,1151.332212
963,1143.010719
967,1064.973116
974,1026.616760
1014,952.153001
1111,768.661718
1686,737.955971
1774,729.828393
1785,647.128808
1942,645.945071
2266,628.801756
2305,599.027023
2316,551.429471
2358,520.057282
2404,465.043939
2828,435.645311
2935,407.360805
2968,390.061485
3035,339.252110
3049,262.156944
3813,212.561814
4123,190.603689
4482,186.869580
4694,186.620076
4699,173.728408
5074,167.780689
5165,163.460178
5179,145.201044
5269,134.494677
5452,134.278603
5596,125.821008
5711,108.262703
6182,100.953473
6196,99.467538
6282,94.761775
6305,87.622493
6643,84.692773
6746,76.132591
6951,76.109719
6993,75.162228
7092,65.865878
7312,58.775145
7569,58.360828
7592,56.279602
7621,55.908699
7814,55.663484
7909,55.224699
7936,48.991089
7964,47.118469
8263,43.786194
8361,42.935244
8490,40.777343
8564,39.865992
8611,39.678272
8673,37.847077
8897,36.934112
8925,35.125941
9052,30.396743
9247,30.030255
9252,27.576606
9762,23.504742
10217,23.394956
10251,23.333552
10289,21.385344
10643,19.412688
10747,19.133797
10851,18.192620
10942,17.923720
11062,16.984943
11262,16.970743
11359,15.830656
11509,15.420440
11651,15.353210
11784,15.199120
11834,14.853202
11937,14.118688
11968,14.013260
12041,13.897913
12224,13.382763
12439,13.337071
12445,12.923833
12451,12.898185
12508,12.601312
12549,12.513825
12554,12.323237
12579,12.134751
12689,12.100628
12740,10.535155
13039,10.527057
13127,10.523760
13198,9.574087
13385,9.096731
13420,9.032155
13665,8.981734
13714,8.497379
14009,8.310005
14050,8.218441
14066,8.158129
14082,7.376913
14141,7.333812
14387,6.852194
14611,6.816638
14613,6.350280
14814,6.319097
14970,6.170295
14971,6.122204
