Evaluations,Fitness
1,1243747.0813405374
4,1014065.9201234292
9,950078.3949902485
13,565074.2734820299
14,551648.8536104842
133,519423.7397904748
237,509598.345444558
251,290934.8778316322
442,247937.77944619601
592,211625.65000552713
1484,171325.0280901167
2038,119783.50238643972
4460,117274.96647503681
4584,89249.06418445187
7412,66446.1254402037
9191,63325.92828091549
10895,58623.847760598575
13187,55859.09323187744
13941,51865.585957836425
