Evaluations,Fitness
1,21.684278
2,21.482640
4,21.456316
5,21.405089
6,21.267978
14,21.251814
88,21.245563
91,21.213277
119,21.039465
140,21.039060
657,20.954320
678,20.796777
733,20.769371
978,20.632953
995,20.557932
1065,20.551779
1153,20.294321
1291,20.158949
1604,20.122830
1758,19.980772
2213,19.805286
2353,19.686368
2440,19.628536
2491,19.260054
3102,19.066581
3122,18.485015
3550,18.031276
3765,17.775540
3826,17.466180
4170,17.148649
4444,17.075743
4555,16.962335
4778,16.629120
4964,16.488810
5034,16.430253
5131,16.082860
5134,15.995908
5183,15.787730
5547,15.483202
5709,14.462542
6224,14.143752
6565,13.999206
6674,13.947553
6732,13.683587
7379,13.236208
7694,13.210200
7710,12.759073
7887,12.717995
7899,12.183225
7908,12.160936
8172,12.143196
8232,11.786025
8299,11.203632
8595,10.987707
8634,10.927557
8863,10.823029
9063,10.647911
9156,10.389943
9167,10.298255
9212,9.758092
9860,9.109877
10025,8.759751
10416,8.538397
10611,8.470997
10821,8.284001
11029,8.246450
11115,8.072078
11157,8.066011
11241,7.594220
11673,7.566455
11920,7.374396
12230,7.322186
12305,7.258216
12323,7.182595
12337,7.120706
12364,6.854218
12842,6.814720
12887,6.785892
12899,6.685030
12949,6.539329
12984,6.477121
13334,6.281004
13717,6.196920
13760,6.156726
13909,5.925082
14274,5.920361
14363,5.892965
14400,5.518388
14815,5.408200
14977,5.373396
