"Evaluations","Fitness"
1,5240050.63415118
3,3338011.13409261
5,1047852.15881987
16,943759.020918362
55,900321.352384543
218,809041.022478395
318,565790.206815362
1439,545952.038578183
1539,474067.875371892
3241,457843.265945107
4236,382729.507614577
14266,304880.847245963
