Evaluations,Fitness
1,1445282.3012294602
4,1405980.227554601
8,524265.64036125987
81,515456.8575091875
340,436264.5824566508
654,390524.7905294482
1054,342947.9458571478
1422,318462.2567971001
1504,207498.46788449152
4717,179478.4111005679
8829,177969.34580534033
10175,159700.3300484911
11345,144636.64407969188
14832,95325.28316706361
