Evaluations,Fitness
1,32.19394237844775
2,1.3027502189010396
39,0.2533536882092611
54,-0.35897444755517877
83,-0.7574997516183195
95,-0.7771503226572507
143,-0.825143602670665
193,-0.9719606242974459
308,-1.0033815883695274
352,-1.0061951735755328
404,-1.020042790792749
458,-1.0252833745159764
562,-1.0268550932588985
563,-1.0290464568816267
593,-1.0310948437264038
669,-1.0315267091648999
5119,-1.0315282765788392
9719,-1.0315285176173499
