Evaluations,Fitness
1,50.34592236172806
3,0.8875522758494778
87,0.5786181201357898
100,0.4888751336827717
227,0.47512297450790086
570,0.4394055772058696
761,0.42295779755750473
1011,0.40198778532624146
1331,0.39918075331578784
1501,0.39797371091703937
2047,0.39795028532908105
2108,0.39791648296816007
2133,0.39790265933079993
2193,0.39788870538925813
2559,0.39788789949053616
2705,0.3978874651460753
2845,0.3978873630418285
2943,0.39788736217673737
3044,0.3978873621210841
3065,0.39788735905911743
3219,0.3978873577347084
3632,0.39788735773057304
3899,0.39788735772988026
4067,0.397887357729827
4176,0.39788735772980566
4372,0.39788735772980033
4373,0.3978873577297932
4423,0.39788735772977546
4425,0.3978873577297417
4747,0.39788735772973993
4899,0.39788735772973816
