Evaluations,Fitness
1,3732.752401925804
2,2590.28372567373
3,2009.7411196849587
226,1861.4051722189622
337,1814.15754158276
451,1471.018770379513
655,1227.6587371184678
866,1059.9357994517204
1109,978.8387424573446
1163,973.4961439586349
1171,771.9503345068272
1790,648.3745492228195
1992,627.2209667857525
2131,566.4904645034452
2409,548.6210522581276
2488,481.338966440292
2674,449.2130712446199
2707,417.73928044109516
3117,351.3730710013152
3370,339.5470351715659
3382,286.8892366176614
3602,285.6898448704297
3703,281.86045570434226
3729,248.38984851821095
4160,228.0868599014766
4358,196.4287050164645
4584,192.25384245073056
4910,174.52020012850636
4973,152.65386432411597
5411,152.13295055691142
5452,148.64604732521553
5813,147.08806659366155
5949,132.68236966000495
5979,124.12286743008606
6020,107.7893665047145
6570,100.47156752033396
6903,96.70974033682904
7136,83.43509906505648
7254,81.23475380345596
7512,71.3295083328639
7684,68.45561602505174
7725,64.50709250838646
7777,63.04539735330587
7930,61.842163172775955
8293,58.99883233326956
8408,57.663956436547316
8473,49.0237958036428
8723,46.26443322236009
8858,44.88585474704968
9398,44.83793779808413
9412,40.14163072302992
9494,39.241985182739484
9755,31.633473559248433
10090,30.752910140703175
10503,30.366535115519948
10649,26.64723952302268
10766,24.103315696148833
11055,20.82648960718821
11804,19.272808999935066
11856,16.939702105310403
12270,16.662119911877664
12305,16.290904770187687
12368,14.852084655975677
12748,12.875622157774002
12841,11.992721477543942
12972,11.265232352671692
12998,9.806101392226754
13775,8.859030927680138
13960,8.354528437557654
14019,8.349629322983716
14106,7.5951346226380885
14276,7.3577148678804045
14562,7.354304107947398
14599,7.325409966407702
14610,7.171210215400892
14646,7.057630609160405
14693,6.736367220058521
14833,5.995958025928498
