Evaluations,Fitness
1,23.75799353590185
3,4.428798677989839
5,2.1878021228081073
13,0.7720416947532538
180,0.6094963605405024
207,0.5493971931162651
249,0.45552155501413694
500,0.45324924420917156
601,0.4279478022239136
636,0.4111676947065952
781,0.4087360778344422
844,0.40401032577584317
927,0.39944467432185604
1305,0.3987255584780023
1317,0.39809139080627
1376,0.39794715638622513
1587,0.3979423639635158
1691,0.3979225439211138
1696,0.39791732818095404
1718,0.3979092772769537
1722,0.3978967024318365
1847,0.3978911544445136
1925,0.39788736812966796
2584,0.3978873613080598
2675,0.3978873591053613
2828,0.39788735845798406
2865,0.3978873580260789
3014,0.3978873577724382
3051,0.3978873577537545
3169,0.3978873577340565
3312,0.3978873577340085
3421,0.39788735773066364
3528,0.39788735773059436
3589,0.39788735772990513
3626,0.3978873577297861
3840,0.39788735772977724
3844,0.397887357729763
3898,0.39788735772973993
4134,0.39788735772973816
