Evaluations,Fitness
1,1553.7648963194738
2,1304.9231378873342
14,1281.7564513810185
47,1203.0243629698448
76,1182.6892165933868
217,1176.9015919613807
247,1151.5438268951762
311,1017.4930655223786
718,895.5544469716685
1129,894.8743215506918
1144,872.4361062550558
1300,864.0480078361967
1399,753.6589001948388
2449,711.1432899480168
2917,646.3844620704033
4200,622.4767320703511
5588,615.4142394095743
6934,573.5192272366014
9136,558.9157352997934
13421,539.8670716327968
