Evaluations,Fitness
1,2614.7748259693008
10,2474.199288482462
18,2370.2226113522447
33,2320.2427026684145
34,2038.7288283440128
50,1977.921571587264
230,1558.443613427522
555,1431.178830525967
755,1422.2245187033675
884,1391.2662561171603
886,1297.517426207268
887,1277.8988764240721
986,1207.200836796364
1026,1195.8342664658878
1086,1042.2151742488797
1117,1006.1820344119793
1195,916.7013684963957
1619,910.5377770804752
1638,810.8452556024322
1642,776.924900701489
1757,776.7108016102954
1771,718.8910441329078
1810,548.7784018162412
2101,494.3617463471253
2593,479.3053149251604
2754,454.4486322020972
2968,420.7862716989047
3108,378.07222107237806
3268,307.05489043479497
3758,296.20702140423816
4002,281.1819718919244
4413,277.53483139493005
4531,254.68260748595978
4619,232.5992615739611
4988,227.73504813814753
5009,211.64182533788042
5038,193.07694420094953
5386,186.78043557037861
5522,185.0777329932037
5558,168.2525715196532
5757,167.90500863069894
5872,159.80669564272455
5946,151.34315036271533
6247,138.38555792764157
6443,131.88255109818763
6781,114.59577213917183
6810,112.48555811475055
7088,81.33181936792249
7639,72.29659851175889
8323,70.25107691602345
8395,64.07780014100032
8573,57.9179607215771
8813,55.267907085387726
8911,50.38675429180893
9161,44.15626933978608
9467,41.730866856985024
9815,40.87663305888461
9854,39.53569529251234
10023,38.43754279748883
10138,37.85125029898342
10692,36.94772297853975
10733,35.21627765411869
10763,27.065771121279674
11533,24.1587984307453
11656,22.455132141101856
11913,21.219164187959763
12181,18.971799900334062
12214,18.625956974532475
12395,18.551730060819118
12576,18.42150566815462
12605,18.104782912548053
12630,17.99889866441792
12660,16.56259979486164
12821,12.879359167036144
13121,12.814389249958115
13293,11.446161366862505
13454,10.341097223461782
14224,10.308700798544379
14254,8.24379895871417
14360,8.03809961983839
14602,7.045947609268086
