Evaluations,Fitness
1,-0.384055
2,-0.810495
4,-1.846108
5,-2.680639
16,-3.302503
55,-3.557303
216,-3.611279
334,-3.849252
834,-3.849697
1191,-3.851681
1272,-3.858983
2165,-3.859097
2166,-3.859651
2342,-3.861011
2377,-3.861989
2548,-3.862341
2555,-3.862623
3348,-3.862652
3465,-3.862752
3834,-3.862765
4515,-3.862776
4634,-3.862778
5315,-3.862779
5507,-3.862779
5665,-3.862782
6265,-3.862782
6750,-3.862782
7715,-3.862782
7813,-3.862782
8515,-3.862782
8663,-3.862782
8802,-3.862782
9302,-3.862782
11077,-3.862782
11658,-3.862782
13058,-3.862782
13450,-3.862782
14208,-3.862782
14858,-3.862782
