Evaluations,Fitness
50,137.163693
100,5.929577
150,2.495348
550,2.495215
1100,1.469327
1350,1.426444
2200,0.999044
2950,0.998027
3150,0.998006
3950,0.998004
4100,0.998004
4550,0.998004
4800,0.998004
5350,0.998004
7250,0.998004
7450,0.998004
7600,0.998004
7950,0.998004
10000,0.998004
10600,0.998004
10700,0.998004
11500,0.998004
12100,0.998004
12450,0.998004
12850,0.998004
13100,0.998004
