Evaluations,Fitness
1,8850.558224
6,880.127637
7,102.129501
26,70.761347
61,35.157573
149,32.267116
150,20.544020
176,8.354724
228,8.348294
273,3.044084
591,3.043702
873,3.027749
916,3.026734
956,3.013099
958,3.007851
989,3.003361
1014,3.001839
1105,3.000184
1219,3.000025
1477,3.000000
2069,3.000000
2171,3.000000
2266,3.000000
2291,3.000000
