Evaluations,Fitness
1,21.1876
2,21.1044
7,20.9307
53,20.9297
63,20.8956
67,20.8659
81,20.8145
91,20.7036
92,20.6775
118,20.6335
120,20.6131
148,20.5616
156,20.4989
183,20.2947
254,19.8331
650,19.5749
903,19.1733
1074,18.6475
1635,18.3457
1856,18.0786
2052,18.0566
2066,18.0281
2178,17.4444
2208,17.2794
2703,15.4083
2997,15.2922
3531,15.1975
3655,15.1125
3663,15.0708
3876,15.0038
3921,14.5481
3963,14.2946
4130,14.2733
4276,14.1444
4527,13.8403
4591,13.5424
4815,13.3599
4914,13.0414
4986,12.9211
5116,12.8668
5387,12.2105
5864,11.7373
5932,11.5908
6219,11.3383
6477,11.0659
6545,10.9097
6604,10.8623
6841,10.6465
7002,10.3531
7377,9.9476
7667,9.80519
7676,9.70904
7756,9.66817
7836,9.24839
8140,9.1635
8165,9.06248
8216,8.99212
8311,8.88447
8413,8.8623
8457,8.6119
8592,8.41608
8651,8.38302
9060,7.92934
9556,7.84334
9591,7.62431
9751,7.35536
10029,7.31368
10218,7.03619
10291,6.6972
10711,6.55407
11055,6.52795
11067,6.52765
11138,6.20629
11507,6.17675
11527,5.80422
11948,5.78961
12007,5.75016
12214,5.46165
12376,5.29873
12944,5.03562
13621,5.01681
13628,4.99435
13682,4.98395
14022,4.95783
14326,4.76223
14638,4.75316
14801,4.69183
14853,4.63748
