Evaluations,Fitness
1,11407420059.796179
2,4264410270.606802
3,1510019117.418328
11,1455150929.060718
13,1050128173.079991
25,885243881.840641
67,841747526.682653
84,713372963.507810
98,594969185.994193
284,380504779.386010
617,324158951.072229
825,261362763.225412
1938,260151998.899094
2073,171812732.691786
5340,169149158.902819
5421,157666863.445849
5896,148080243.474461
5961,140645981.162463
6861,139764960.430475
7615,111458163.460264
9133,108761076.353393
10277,102462673.316376
10441,97592359.833191
10601,86810987.704356
11142,85450415.692098
11560,80219622.632061
11602,79516790.253497
11748,67615436.991314
12612,64625585.286320
13222,59916508.884680
14357,57335965.149105
14395,53978528.630596
14494,53201890.920655
