Evaluations,Fitness
1,985.721291
19,912.538020
92,782.078667
345,780.455778
364,724.900911
622,676.308062
1051,659.505189
1906,644.292888
2869,623.745601
3627,594.330509
3819,593.769884
4387,572.870960
5033,565.314981
5499,488.821855
11593,487.265615
