Evaluations,Fitness
1,1072.996929
2,999.818552
21,996.564912
51,973.425685
54,881.320584
71,669.524558
1206,571.473228
2952,569.932735
5368,548.514114
7064,539.094977
8356,521.837813
10002,485.363163
