Evaluations,Fitness
50,4532272.201092
150,3591440.970834
200,3495124.248186
250,3088994.253075
300,2715228.379563
350,2524919.410216
400,2117451.590743
500,1804815.388449
1000,1730400.300975
1050,1326865.249871
1500,1153283.615041
1800,1029740.525037
2100,880285.547539
2950,675255.175272
3650,640288.567456
4050,409252.087913
4300,335321.601467
4400,317036.261519
4450,278861.199024
5700,223926.232065
6500,167384.169191
7550,119171.414271
8450,116668.248438
8700,89770.614232
9650,88955.487214
9700,78031.917239
10250,71671.360885
11750,64661.687184
12250,61479.345390
12450,60742.579044
12600,60694.790192
12650,58735.584776
12700,56597.441013
13550,55023.174282
14200,53666.282284
14250,52010.536298
14600,48833.918260
14650,46013.945619
