Evaluations,Fitness
50,508430334.367548
100,261979216.037828
500,137120653.384350
1000,120060997.531773
1050,118340097.753618
1150,55045712.811172
2000,30299756.870009
2250,28741655.154310
2850,24973284.202888
3250,24597773.839817
3350,17070161.201719
3500,14235330.513622
3650,8246100.462692
4500,7478815.640092
4750,6169755.280500
4850,4443212.167640
5350,3434947.578132
5550,2639788.719462
6650,1595795.510057
7600,1352972.349096
7700,1236451.342315
8050,967768.255770
9300,745083.157215
10050,725073.821256
10300,592108.983732
11050,522241.440354
11500,509355.151078
12000,482865.424247
12300,445218.829384
12650,365745.356251
13550,322313.243453
13850,307047.583995
13950,302493.128909
14000,284505.419437
14250,261845.986733
14900,240717.599990
