Evaluations,Fitness
50,-0.002636
200,-0.778761
450,-0.804619
500,-0.885724
550,-0.971839
600,-1.016094
850,-1.030702
2100,-1.030916
2300,-1.031089
2450,-1.031331
2600,-1.031597
3250,-1.031606
3750,-1.031607
4150,-1.031610
4250,-1.031628
4500,-1.031628
5750,-1.031628
7450,-1.031628
7900,-1.031628
9400,-1.031628
9750,-1.031628
9950,-1.031628
10500,-1.031628
10950,-1.031628
12550,-1.031628
12750,-1.031628
13000,-1.031628
