Evaluations,Fitness
1,21.4092
5,5.54749
11,1.27186
13,0.546736
23,-0.072087
67,-0.945016
258,-1.02355
269,-1.02554
504,-1.0257
652,-1.02699
709,-1.03039
725,-1.03075
797,-1.03157
1308,-1.03161
1707,-1.03162
1762,-1.03162
1816,-1.03163
2161,-1.03163
2209,-1.03163
2483,-1.03163
2947,-1.03163
2985,-1.03163
