Evaluations,Fitness
1,1051.011675
2,1050.629468
10,926.343851
102,842.936359
337,800.130639
366,744.483236
702,724.802589
1130,674.887729
1594,660.583975
1691,656.322827
2141,571.487333
5816,551.894103
6354,524.522718
10303,518.599015
12153,509.637273
13504,508.993701
