Evaluations,Fitness
50,3449822.995465
100,3399409.705719
150,3014652.296759
200,1746805.712467
650,1622619.263849
950,1351324.583961
1250,1200390.837057
1350,1092628.296469
1550,972437.453209
1700,933871.865137
1850,829388.528860
1900,810209.256700
2150,662182.092563
3350,526794.125156
3700,478839.913720
3950,381696.641522
4700,365323.658396
5150,357342.232125
5200,278279.210231
5300,264724.418196
6050,262205.959449
6300,207675.365046
6450,199680.068371
6550,140326.278267
8050,127858.961373
8500,121405.336971
9050,118945.735529
9150,118400.165806
9450,114690.992327
9600,111554.889997
9850,110028.219099
10300,91419.029090
10350,83379.762624
11600,80677.152516
12050,78861.072000
12250,76986.782284
12300,72204.154865
13000,70823.280229
13550,66238.722483
