Evaluations,Fitness
50,-3.619304
250,-3.774892
400,-3.851744
1250,-3.854919
1750,-3.857581
1800,-3.858619
1850,-3.861504
2100,-3.861870
2200,-3.862470
2400,-3.862560
2450,-3.862719
2750,-3.862749
3200,-3.862758
3900,-3.862764
4000,-3.862767
4050,-3.862770
4450,-3.862771
4850,-3.862773
5150,-3.862775
5200,-3.862777
5500,-3.862779
5650,-3.862781
6150,-3.862782
6800,-3.862782
7050,-3.862782
7200,-3.862782
8100,-3.862782
9100,-3.862782
9150,-3.862782
9550,-3.862782
9650,-3.862782
9750,-3.862782
10050,-3.862782
10150,-3.862782
10250,-3.862782
11250,-3.862782
11800,-3.862782
13600,-3.862782
14150,-3.862782
14200,-3.862782
14750,-3.862782
14850,-3.862782
14900,-3.862782
