Evaluations,Fitness
1,[1287.76425738]
5,[704.64507015]
6,[133.74649953]
8,[89.36081427]
14,[33.73855974]
15,[6.89888582]
16,[4.60127729]
24,[1.92798076]
40,[0.58442249]
153,[0.17586855]
161,[-0.75887027]
226,[-0.88059459]
276,[-0.97182309]
493,[-0.98660185]
513,[-1.00024373]
516,[-1.01334463]
722,[-1.01521513]
777,[-1.02353193]
854,[-1.02857259]
983,[-1.02945854]
1068,[-1.03035272]
1240,[-1.03133305]
1404,[-1.03149814]
1656,[-1.0315269]
1664,[-1.03159284]
1810,[-1.03159348]
1886,[-1.03159769]
1925,[-1.03162236]
2018,[-1.03162718]
2082,[-1.03162734]
2151,[-1.03162737]
2157,[-1.03162772]
2207,[-1.03162821]
2212,[-1.03162834]
2332,[-1.03162842]
2424,[-1.03162844]
2508,[-1.03162844]
2590,[-1.03162844]
2662,[-1.03162844]
2693,[-1.03162845]
2844,[-1.03162845]
2883,[-1.03162845]
2890,[-1.03162845]
2939,[-1.03162845]
2953,[-1.03162845]
2984,[-1.03162845]
3036,[-1.03162845]
3062,[-1.03162845]
3189,[-1.03162845]
3366,[-1.03162845]
3407,[-1.03162845]
3771,[-1.03162845]
3855,[-1.03162845]
4054,[-1.03162845]
4261,[-1.03162845]
4350,[-1.03162845]
4705,[-1.03162845]
4812,[-1.03162845]
6044,[-1.03162845]
