Evaluations,Fitness
1,499.999038
2,497.750911
11,434.734295
14,228.259949
97,170.931826
125,15.395542
188,10.418124
563,10.274397
825,8.702642
838,3.984868
1075,3.966185
1369,3.030895
1630,2.982107
1643,1.076295
1743,1.040206
2025,1.005213
2275,1.002999
2475,0.998069
3995,0.998006
4695,0.998004
5075,0.998004
5645,0.998004
6712,0.998004
8313,0.998004
8579,0.998004
10983,0.998004
12690,0.998004
12955,0.998004
12990,0.998004
