Evaluations,Fitness
50,3925410.888731
100,2596038.181388
150,2105664.742677
900,1510968.116219
1050,1272103.009219
1650,1061180.424889
2000,1058835.005463
2200,795426.163515
2550,723070.658194
3050,629620.411856
3200,467049.165872
3750,424530.392236
3900,382139.655063
4350,323733.939220
4850,275371.447819
5350,232358.335204
6200,189373.912783
6900,186977.088950
7400,160269.696032
7550,158785.228461
7600,151218.104484
7850,137320.452846
8150,125998.949287
8450,110584.799597
8650,97891.286832
9400,94658.778479
10250,91096.089433
10600,90985.393901
10650,89327.529661
10700,79574.513208
10750,75038.400990
10950,71959.337076
11750,63061.913657
12600,61106.927812
12750,59217.045153
13300,58393.802373
13600,52865.194060
14500,52616.006752
14600,49732.919964
