Evaluations,Fitness
1,176373.767658
10,169791.822015
15,159448.968556
24,139968.019221
111,101765.688943
163,93474.158035
334,75265.124914
463,62275.248556
1082,46741.042696
1553,42169.814531
1791,31198.977846
2016,30664.021031
2138,26889.571628
2404,22312.906592
2549,17446.654327
2999,16937.779751
3022,16098.859713
3095,15466.087817
3125,11157.552617
3525,8510.511357
5022,7279.123476
5372,7069.865875
5885,6122.020036
6285,4743.253325
6385,4666.401972
7125,4206.430497
8474,4052.216361
8575,3936.549542
9299,3735.017805
9535,3574.955219
10035,3365.172797
10252,3352.731814
10342,3130.510331
10592,2950.453757
10642,2848.817050
10974,2661.164007
11945,2520.971939
12703,2510.696166
12736,2351.214377
12936,2135.875497
13178,2021.000532
14988,1996.316085
