Evaluations,Fitness
1,5281354.934331
2,2350846.932424
3,1831327.666106
14,1658270.096862
15,1028734.211071
38,699851.293037
137,637091.485163
239,561632.701544
409,451823.785160
561,451756.034157
630,419463.896488
862,415304.008460
908,408721.527308
1032,393918.149101
1209,372411.353471
1487,332755.554937
1859,303147.889843
2109,292766.857323
2179,221611.143703
4279,212654.845673
4688,187345.636313
4791,162466.198917
4841,145978.374014
5238,143452.694158
5243,129648.993653
8988,114724.784048
10442,105320.722378
11109,98166.848512
11580,95993.184887
12042,87819.673158
12503,78778.660847
12542,77016.034559
