Evaluations,Fitness
1,46.867412
6,25.055366
9,0.407557
1282,0.405560
1359,0.404656
1501,0.403855
2173,0.401029
2946,0.399870
3086,0.398059
4324,0.397986
4351,0.397963
5397,0.397906
6097,0.397906
7036,0.397888
10513,0.397888
10539,0.397888
10914,0.397887
11582,0.397887
13445,0.397887
14113,0.397887
14963,0.397887
