Evaluations,Fitness
1,21.16291773799128
118,21.11838320936379
212,21.052915819699532
271,21.040610415353232
291,21.003238056266103
484,20.92567458805771
588,20.868656426952548
710,20.60672499549855
858,20.52354966995467
952,19.896370044516477
1626,19.888843398361036
1643,19.831303167565046
1703,19.589823543978643
2026,19.487933967056943
2086,19.315485591159984
2312,19.146654498238927
2442,18.96543849549806
2474,18.80766095387354
2565,18.805979339409575
2590,18.156826160558865
3344,17.81793965295999
3413,17.774318581207567
3663,17.741099529495912
3679,17.576528578791923
3884,17.555540079535213
3974,17.540718338308633
4023,17.420299242041867
4083,17.167176044410706
4168,16.318128693802674
4580,16.20813861495478
4625,15.961616842375355
4679,15.796989772555836
4925,15.160208961009339
5105,15.113675281439551
5398,14.925904394288615
5420,14.747793148655436
5602,14.736572948173558
5635,14.472722565612978
5647,14.452676306120127
5707,14.436443972788556
5738,14.385169614485228
5771,14.339307445553112
5838,14.245160070267914
5907,13.779015595328524
6056,13.426759978870264
6288,13.238816518769784
6503,12.957815455872883
6754,12.298762666577483
6801,12.240803237492768
6847,11.994704326821049
7261,11.790172598592466
7512,11.740523357482957
7574,11.345631965991426
7654,11.028854343734265
7937,10.77575711734125
8208,10.414865866653473
8524,10.366012675407669
8531,10.154488136006503
8932,10.114144126291965
8933,10.044236665626377
9092,9.973574866862396
9234,9.87022347220399
9386,9.76830364605083
9429,9.235254810776775
9648,9.043813686801132
9811,9.017383590886226
10206,8.712059722638243
10565,8.593995484212249
10793,8.556034911910706
10865,8.232600543770952
11097,7.570162577887761
11496,7.484637135187684
11772,7.430585474147797
11822,7.316888519497846
12144,7.151549262736019
12312,7.055949045677382
12400,6.920577785993656
12618,6.79289738992011
12656,6.775746812856685
12722,6.674020073782145
13166,6.668418236483117
13177,6.618756812948028
13211,6.580957957553803
13216,6.235982223878654
13563,5.994139063843512
13779,5.785772224880468
14407,5.75683924249023
14575,5.6551955753986896
14586,5.648423486195956
14725,5.636984304599292
14844,5.534771179477566
14949,5.3938433129257035
14990,5.322576935109616
