Evaluations,Fitness
1,7.37146
145,3.93625
546,3.79001
599,3.5162
624,3.35811
695,3.33998
707,3.11092
725,3.08248
760,3.06896
835,3.05628
850,3.01348
889,3.00435
1033,3.00038
1073,3.00038
1078,3.00038
1210,3.00033
1283,3.00031
1296,3.00002
1564,3.00001
1584,3
1763,3
1871,3
2149,3
2301,3
