Evaluations,Fitness
1,24.835322
2,-0.146317
123,-0.412061
163,-0.450954
243,-0.461844
323,-0.924774
324,-0.959161
531,-1.004692
1013,-1.017752
1024,-1.029125
1116,-1.030944
2172,-1.031367
2324,-1.031389
2905,-1.031618
4412,-1.031618
4419,-1.031628
5472,-1.031628
7464,-1.031628
8864,-1.031628
9612,-1.031628
9812,-1.031628
10014,-1.031628
11014,-1.031628
11464,-1.031628
11516,-1.031628
11969,-1.031628
14212,-1.031628
14464,-1.031628
