Evaluations,Fitness
1,221422.521358
2,216224.705097
3,189272.956745
4,180196.869112
8,159522.334010
56,100842.089613
101,98819.318708
429,96878.943079
486,77025.961747
506,69039.350230
836,62467.157182
926,57637.509244
1174,38561.853820
1668,34658.317819
1831,33472.853337
1926,25785.510499
1976,22773.767991
2524,21154.823553
2974,14433.668743
4574,13288.199870
4954,12252.246483
5226,8588.615703
6226,7749.672970
6781,7659.680473
7104,6552.560711
7726,5235.087733
8323,4800.519041
8725,4706.585162
8747,4638.618275
9060,4469.355417
9225,3687.886072
9375,2986.881077
9625,2888.369884
9909,2860.986686
9959,2572.173352
11273,2078.230717
11455,2076.438848
11561,2002.985008
11890,1691.614043
12540,1634.840447
12640,1554.099416
12990,1526.525995
13290,1499.612643
14174,1430.522329
14563,1321.477273
