Evaluations,Fitness
1,21.633376
2,21.598657
3,21.291873
24,21.267007
77,21.239318
85,21.209748
256,21.101549
435,20.844223
463,20.806686
632,20.798297
633,20.382781
2183,20.199336
2433,20.004828
2683,19.917097
3585,19.856802
3716,19.764566
3785,19.552752
4285,19.513600
5083,19.418376
5257,19.345114
5663,19.043091
5707,18.759694
6657,18.657978
7374,18.644481
7628,18.334779
8124,18.321983
8478,18.284122
8657,18.212611
8724,17.996608
9427,17.975348
9907,17.666963
10303,17.565623
10366,17.545041
10716,17.309249
11105,17.114586
11905,17.000440
12005,16.957040
12486,16.862665
12655,16.611763
12667,16.530961
12978,16.456329
13155,16.445983
13224,16.361541
13367,16.216414
13528,16.114155
13586,16.079226
13777,16.048701
14028,15.875168
14285,15.544180
14857,15.291218
