Evaluations,Fitness
1,21.142257
5,20.893572
6,20.878600
87,20.563378
88,19.922256
187,19.138695
987,18.314808
1294,17.983964
1338,17.621387
1510,16.859176
1710,16.616826
2110,16.263367
3044,15.344142
3332,13.853492
4858,13.841718
5144,12.969348
6208,12.762724
7165,12.474692
7458,11.763500
7608,11.760610
8203,11.729134
8398,11.666386
8714,11.047331
8998,10.949152
9348,10.909157
9964,10.609191
10532,10.526886
10614,9.917198
10835,9.728184
12435,9.516477
12708,9.339083
13183,9.309055
13275,9.038599
13658,8.893540
14358,8.701595
