Evaluations,Fitness
50,1427.051231
100,890.575767
350,757.101940
500,750.006795
600,705.871638
850,580.365221
1000,474.854879
1100,318.577492
1650,243.126549
1900,176.987366
3700,139.306448
3950,128.637281
4700,124.133046
4800,105.194902
4850,104.361921
5600,92.863708
5800,89.918284
6300,70.453786
7200,67.651594
7350,66.720284
7550,63.698583
7750,61.129789
8450,53.158786
9250,51.663585
9350,46.521975
10400,39.232590
10500,38.549086
10700,38.323956
11450,37.182207
12000,36.833267
12050,34.521147
12500,33.807434
12650,32.376917
12900,31.839868
13500,31.033928
14000,29.340636
14850,29.258212
14900,29.168738
