Evaluations,Fitness
50,33.539027
150,10.655887
200,4.445869
750,3.618614
950,3.387556
1250,3.203237
1400,3.003334
1900,3.001700
2100,3.000842
2700,3.000787
2750,3.000778
3300,3.000163
3600,3.000152
3750,3.000139
3850,3.000004
4600,3.000002
5750,3.000001
6100,3.000000
7500,3.000000
8100,3.000000
8350,3.000000
8500,3.000000
8750,3.000000
8850,3.000000
9600,3.000000
10200,3.000000
10950,3.000000
11050,3.000000
11300,3.000000
12200,3.000000
13050,3.000000
