Evaluations,Fitness
50,1122.773471
150,1118.727847
200,973.065283
750,959.312415
950,900.367911
1350,860.664640
1600,832.950112
2700,821.042389
3450,819.947156
3650,757.305636
5300,707.134869
5650,675.382535
