Evaluations,Fitness
1,1552.206017
2,1525.295288
3,1500.941392
4,1469.100445
6,1342.976775
44,1332.298240
168,1124.273789
422,1084.126376
928,1055.661341
968,1001.247238
1468,943.417298
1717,918.502902
1873,881.699841
2210,871.846060
2660,805.747280
3997,800.688286
5214,795.232482
6054,777.302050
6364,759.373851
8387,747.995852
10603,707.426918
11443,676.020680
