Evaluations,Fitness
1,-1.905562977077154
7,-2.9803946457006756
25,-3.4120326032094557
27,-3.694159923855956
161,-3.7109982000183313
308,-3.811761067727513
503,-3.83292195292131
552,-3.8561758792288696
761,-3.860685486242522
903,-3.8610700181780393
973,-3.8615857880643385
1051,-3.8616348794945807
1068,-3.862378831972331
1128,-3.8626003223972685
1337,-3.862605043112588
1345,-3.862679533838932
1461,-3.862698579573963
1496,-3.862719592135364
1552,-3.8627752405625024
1724,-3.862775695467964
1862,-3.862775789803834
1890,-3.8627786071855676
1915,-3.862779638474901
2024,-3.862779689492605
2027,-3.8627801241010813
2061,-3.862781711841146
2129,-3.8627818400623166
2217,-3.862781894375154
2314,-3.86278196588518
2318,-3.862782131756542
2621,-3.86278213528902
2868,-3.8627821362533323
2877,-3.8627821431556333
2958,-3.8627821454848146
3041,-3.8627821465603134
3127,-3.862782147495336
3192,-3.8627821475767683
3226,-3.862782147645971
3475,-3.8627821477640447
3578,-3.862782147765553
3628,-3.862782147811787
3719,-3.862782147812214
3809,-3.8627821478198205
4351,-3.862782147820201
4411,-3.8627821478202695
4483,-3.8627821478203197
4531,-3.862782147820722
4710,-3.8627821478207234
4749,-3.8627821478207394
4969,-3.8627821478207514
5105,-3.8627821478207522
5135,-3.862782147820753
5206,-3.8627821478207545
5390,-3.862782147820755
5704,-3.8627821478207554
10361,-3.862782147820756
