Evaluations,Fitness
50,4469846.129987
150,2535242.880250
250,1980118.865046
550,1479859.955225
1050,1459329.868002
1300,1160073.995522
1450,572534.150366
2750,493790.873334
3500,422603.078940
3550,314362.162291
4450,261295.228361
5500,202099.222516
6550,186965.515750
6750,142925.564467
7800,123332.649884
8000,123308.078931
8550,118304.712909
8900,97868.926476
9400,96131.872063
10350,81314.676132
11100,72314.886727
11550,67926.142983
11700,60401.489341
11950,58045.716145
13650,53984.496512
14650,52408.193921
14750,45024.631078
