Evaluations,Fitness
50,38.415263
100,16.474302
200,13.352631
250,3.416058
600,3.143905
750,3.018751
1800,3.004683
1900,3.001796
1950,3.001609
2200,3.000714
2350,3.000026
2400,3.000000
4650,3.000000
4750,3.000000
5500,3.000000
6250,3.000000
6950,3.000000
7500,3.000000
7600,3.000000
7850,3.000000
8050,3.000000
8200,3.000000
8950,3.000000
9000,3.000000
9100,3.000000
9450,3.000000
9600,3.000000
11300,3.000000
11600,3.000000
11750,3.000000
12550,3.000000
13350,3.000000
13500,3.000000
