Evaluations,Fitness
1,21.2376
2,21.1282
8,21.0686
12,20.9825
15,20.8116
62,20.5561
123,20.26
209,20.213
223,20.0409
270,19.9321
321,19.5029
361,19.4443
370,19.0204
689,19.0011
1128,18.6956
1153,18.6322
1381,18.5104
1472,17.3291
2027,17.2019
2242,16.731
2472,16.5232
3044,15.6791
3567,15.6458
3677,15.5295
3735,15.2732
3765,15.1178
3791,15.0978
3815,14.5814
4025,14.457
4032,14.3259
4365,13.4827
4659,13.0516
5199,12.5238
5628,12.4057
5972,12.3608
5993,12.1278
6170,11.9468
6398,11.5369
6434,11.374
6773,11.2004
6970,10.9886
6987,10.9481
7068,10.8263
7323,10.6763
7399,10.4383
7513,9.9681
7892,9.92439
7974,9.84662
8362,9.77271
8376,9.62668
8459,9.60386
8472,9.18897
8718,9.03377
8756,9.02476
8957,8.79217
9213,8.64658
9386,8.49658
9456,8.44289
9625,8.42348
9704,8.40207
9779,8.02523
9811,7.95075
10015,7.93644
10211,7.89574
10238,7.89514
10260,7.85362
10273,7.77904
10279,7.07706
10317,6.90935
10794,6.7095
11144,6.67203
11205,6.64616
11370,6.61297
11456,6.576
11481,6.49809
11555,6.40274
11624,6.29947
11631,6.25954
12097,6.23178
12252,6.19297
12493,6.15244
12544,6.1404
12569,6.13716
12733,6.10958
12749,6.06724
12882,5.86433
12974,5.48471
13043,5.45049
13143,5.4275
13343,5.3338
13670,5.26652
13886,5.13685
14075,5.0663
14260,4.93301
14594,4.9024
14981,4.89967
