Evaluations,Fitness
50,1363.559254
100,870.684184
250,868.300843
300,614.621371
600,562.476362
1250,426.792455
1900,408.860072
1950,226.286482
2050,214.769002
2150,182.934052
2750,169.995196
3100,124.044692
4450,110.021476
4500,91.335215
6550,78.377832
7550,68.365526
8450,65.414901
8700,61.995174
9150,58.992316
9350,55.053850
9400,53.094443
9800,50.572857
10050,48.159744
10200,46.090782
10250,42.322506
10400,41.539775
11250,40.067624
12100,39.182479
12200,38.637217
12500,36.911862
12700,35.924614
12850,33.455826
13150,31.973853
13900,29.831198
14050,29.240714
14300,26.784185
14350,26.482078
14600,24.699300
14650,24.562866
