Evaluations,Fitness
1,21.279112
3,21.279080
5,21.275387
7,20.964148
40,20.692008
83,20.644124
99,20.604897
107,20.593429
129,20.539924
157,20.237419
271,20.212923
297,19.961742
389,19.898725
390,19.147185
507,18.687609
1047,18.517217
1191,18.510059
1317,18.308476
1680,17.689142
1780,17.609827
2399,17.322758
2435,17.299598
2446,16.968643
2528,16.387284
2877,15.931526
3085,15.826396
3258,14.609995
3605,13.966820
4280,13.412998
4283,13.268721
4824,13.058679
5017,12.949730
5207,12.882870
5307,12.674561
5535,12.567894
5540,11.926634
5719,11.828914
6298,11.381468
6336,11.094532
6503,10.963614
6512,10.922720
6814,10.762483
6836,10.642727
7052,10.499303
7161,10.430961
7167,10.033614
7405,9.978186
7620,9.854748
7774,9.721963
7826,9.228221
8156,8.567531
8599,8.530560
8736,8.480881
8970,7.871452
9128,7.570187
9532,7.555770
9609,7.520772
9682,7.386928
9718,6.988360
10217,6.466343
10570,6.343258
10734,6.309175
11153,6.205921
11188,5.923175
11529,5.898045
11585,5.819453
11805,5.814769
12011,5.775287
12036,5.677398
12136,5.658543
12212,5.607655
12398,5.537463
12510,5.494505
12546,5.492506
12673,5.457086
12741,5.455263
12764,5.293621
12791,5.201079
13244,5.181032
13292,5.103166
13607,4.855270
13739,4.827065
14021,4.698827
14077,4.678047
14087,4.618440
14310,4.577359
14326,4.512051
14567,4.312644
