Evaluations,Fitness
50,337095.532424
450,335279.301445
500,252195.257213
550,231468.338938
750,184229.401538
1100,152830.861617
1200,149220.319390
1450,130047.679958
1600,126108.355782
2350,114617.068197
2500,107636.449567
3100,99052.328601
3900,81444.316979
4500,60745.173862
6200,57484.002633
6400,34260.833052
8500,24175.410276
9000,22735.458150
10300,20092.828878
12950,17301.514073
13500,16674.306776
