Evaluations,Fitness
1,12931958.132459
2,2087559.309859
3,1338038.647242
12,861855.864091
35,708022.595661
73,681985.443542
257,585056.526426
363,538250.077190
463,500280.396648
473,441125.517019
685,353174.392130
979,348560.813775
1079,322660.190530
1123,269776.847430
1212,260668.090941
1812,234119.479623
2073,232656.959893
2212,217714.024048
2579,169763.007620
4088,165501.445181
4357,139262.827190
4957,122331.094489
5351,106279.793028
8008,97476.865517
8351,93437.174034
8357,93327.816159
8707,74094.856708
8857,70170.875597
11157,69642.964045
11704,64822.154738
