Evaluations,Fitness
1,[2.95485298]
7,[0.87637309]
9,[0.75553173]
300,[0.51185695]
450,[0.49535349]
483,[0.41282018]
587,[0.40047248]
1235,[0.40018058]
1355,[0.39843614]
1503,[0.39802218]
1950,[0.39791567]
2029,[0.39790958]
2270,[0.39789217]
2533,[0.3978886]
2765,[0.39788834]
3216,[0.3978876]
3348,[0.39788739]
3671,[0.39788739]
4073,[0.39788737]
4366,[0.39788737]
4376,[0.39788737]
4397,[0.39788736]
4491,[0.39788736]
4514,[0.39788736]
4694,[0.39788736]
4733,[0.39788736]
5026,[0.39788736]
5088,[0.39788736]
5280,[0.39788736]
5313,[0.39788736]
5411,[0.39788736]
5515,[0.39788736]
5518,[0.39788736]
5601,[0.39788736]
5849,[0.39788736]
5986,[0.39788736]
6108,[0.39788736]
6689,[0.39788736]
6840,[0.39788736]
