Evaluations,Fitness
1,1165.252098
2,976.589728
56,894.909949
172,890.886086
298,793.543651
325,667.435538
2080,625.424279
2380,605.914048
2441,544.501995
7106,535.420475
10078,526.193254
11692,459.754032
