Evaluations,Fitness
1,4546776.165669
2,296410.391903
314,196208.850714
752,159002.136079
871,140217.732859
1094,117363.096182
2494,115021.611579
2721,87761.263148
3621,73397.566661
3798,66886.208407
3944,52465.941667
4571,35192.487115
6444,32664.369587
8571,31115.562880
8835,30011.633784
9082,26983.274547
10135,24799.207466
10935,21138.649518
12732,20143.524254
12765,13036.686328
14366,12243.374603
