Evaluations,Fitness
1,2986.258867
3,2547.277332
9,1881.378074
47,1729.073229
63,1545.174805
474,1500.334114
674,1493.757997
894,1389.887000
957,1389.663828
994,1371.194009
1157,1249.727048
1192,1244.740752
1435,1238.564124
1460,1067.792982
1907,891.911884
2164,776.595006
2822,750.474719
2960,735.453090
3460,727.602240
3510,711.554541
3764,710.869493
3960,641.658760
4971,583.168953
5071,565.253520
6015,538.574374
6527,512.939142
6577,473.084757
7415,472.549864
7431,464.841439
7560,440.120706
7760,391.422937
9415,373.137159
9544,372.977974
9637,369.738648
9844,354.279139
10018,329.161428
10587,325.536879
10747,318.355043
10800,305.114567
10960,295.012042
11392,284.293239
11410,275.837858
11687,274.767760
11787,270.887389
11790,257.772186
11937,253.441314
11987,231.907161
12463,227.696034
12663,225.792886
12737,213.534064
12937,200.174426
13850,196.804059
14021,190.104346
14171,180.566133
14535,179.701540
