Evaluations,Fitness
1,5713211.036081
2,5379174.544375
6,5376999.011011
8,4869037.249096
14,4590357.095462
44,4021257.454127
68,2963798.632529
74,2769026.846657
168,2463088.151910
178,2321871.530791
356,2203116.779137
478,1821311.187622
923,1536440.137588
1050,1459810.114946
1223,1028717.696622
1378,887015.225044
2308,734422.077840
2708,468858.760657
2978,413102.974282
3824,338742.447905
4150,331733.673631
4600,291514.400087
4684,283653.319762
5105,245901.434431
5379,243299.349949
5534,207839.191969
5700,179506.871753
5879,170587.109510
6247,170573.783663
6384,144690.938233
7034,140547.943132
7884,139972.550123
8144,131455.436632
8200,117525.503946
8652,112082.555630
8878,111339.840397
9198,106177.771606
9199,90209.871050
9725,89527.472009
9778,75568.329006
10184,73769.170585
10569,70276.447986
10684,70148.993424
10869,69706.504903
11084,67119.709549
11434,59743.074250
11584,59488.176429
11784,57922.951915
12469,57128.332923
12869,50819.418192
13419,49344.386155
13919,43811.580951
14257,42052.865838
