Evaluations,Fitness
50,4041366.349949
100,1871251.674117
650,1421415.574070
1100,1075218.138074
1650,1037868.657840
1750,1009918.047634
2150,886082.376711
2550,748743.228598
2600,598478.630489
3100,442418.287297
3950,307440.413489
4350,222858.832329
5450,194331.503604
5950,186514.624034
6300,159760.710074
6600,139631.857466
7550,125505.971775
8700,107242.395009
9150,105985.644547
9750,104560.024512
9950,99546.288865
10550,94463.942963
10650,88706.705923
10800,80855.032282
11100,79200.811552
11300,76901.423986
11500,76055.683756
12050,69366.499922
12200,66762.845574
12350,62855.900759
12800,62101.211463
13550,61262.521751
13600,58846.002466
13950,58750.173200
14050,58143.244231
14150,55746.549503
14600,48286.510677
