Evaluations,Fitness
50,621525.779229
150,480332.631692
350,361744.151354
650,310345.163411
1000,263034.087224
2050,260290.044322
2100,166920.135492
4550,146834.997525
5300,128742.632487
5650,124138.817644
6450,122874.484100
6600,105232.176704
7350,101019.227168
9000,92047.759252
9150,91914.886864
9800,84294.200796
10950,78411.655366
11350,65288.939998
11400,65221.637763
12700,65113.779134
12900,63060.684493
13500,60727.713326
