Evaluations,Fitness
1,1386.861571
2,1377.137044
4,1298.148043
10,1261.778073
43,1243.653286
56,1222.531518
70,1182.041219
100,1164.840725
113,1143.156744
120,1076.869100
175,1045.974580
219,998.788031
489,903.921074
616,880.272930
908,862.903291
1013,839.728874
1357,786.777296
2205,723.300136
3070,709.206531
4138,659.664680
4303,657.435752
4969,591.328296
7958,583.307310
12675,565.033654
