Evaluations,Fitness
1,2901.898205
2,2897.416772
3,2594.381285
6,2324.895976
19,1732.596067
70,1559.370177
365,1403.379821
453,1372.424459
568,1283.628065
646,1178.989014
804,1074.446921
937,1053.647956
972,1021.873765
1042,992.617085
1352,975.776328
1387,861.634634
1423,860.308908
1427,848.092874
1679,822.719947
1724,780.908812
1799,691.226576
1992,655.931781
2000,628.537294
2022,616.096321
2045,565.782474
2508,548.818288
2522,439.721982
2725,432.418865
2970,429.347388
3063,412.221462
3081,378.517985
3163,309.169482
3733,303.655856
4034,267.665187
4248,243.437438
4431,243.343430
4625,241.770401
4628,237.280881
4631,195.312449
5043,187.812187
5331,134.101797
5901,127.990091
6247,127.358138
6381,120.645210
6568,119.841789
6608,116.239620
6706,112.829146
7043,112.500702
7109,106.868307
7155,95.570174
7157,86.205205
7877,81.581222
8001,79.183509
8089,77.453330
8118,70.807497
8336,66.938696
8462,66.752235
8498,66.009898
8523,65.651185
8638,62.823379
8642,61.665582
8783,60.999969
8791,60.886824
8845,60.375780
8889,57.793855
8973,57.523388
9075,56.307794
9226,53.048577
9348,47.952872
9714,43.163203
9889,42.481204
10325,40.501579
10610,38.720269
10641,34.777029
10774,33.217020
11298,32.015546
11431,31.692947
11457,29.539545
11870,28.814235
12113,28.337341
12133,27.780562
12303,27.426965
12321,26.353022
12362,26.065662
12393,25.138902
12431,24.958525
12445,23.512535
12600,23.211213
12601,22.204488
12650,21.864639
12659,21.583993
12751,20.804702
12918,19.809273
13155,19.448238
13469,18.679988
13607,18.659510
13640,17.945972
13773,17.243272
13817,15.410398
14055,15.352295
14365,15.347889
14408,15.041965
14547,14.413551
14647,12.405561
