Evaluations,Fitness
50,147225.513360
100,105347.236478
150,95734.691532
400,87575.042243
450,79796.530360
500,60128.063287
650,50754.953549
1150,47937.412487
1400,35356.816239
1700,31550.640148
1850,21631.685435
2850,21448.045354
3050,19153.402118
3400,11825.619362
3900,10069.267517
4800,9774.574173
4850,9070.745257
4900,8915.300577
5550,8227.557945
5800,6260.367477
6000,6180.548925
6300,5309.142839
7600,5240.564316
8050,4878.575222
8100,4516.665977
9200,3543.022067
10350,3438.759978
10700,3371.227715
10900,3189.541151
11400,2930.243606
11850,2486.988712
12500,2450.795079
13400,2333.466804
13750,2240.390753
13950,2206.397097
14250,2201.928389
14350,2036.981151
14500,2015.324175
14700,1856.205374
14750,1817.364362
15000,1752.502249
