Evaluations,Fitness
1,38.3302
3,18.7307
4,0.486905
378,0.45145
839,0.429362
1093,0.40988
1133,0.399329
1514,0.398273
2324,0.397888
3746,0.397888
4141,0.397887
4461,0.397887
4793,0.397887
4835,0.397887
5019,0.397887
