Evaluations,Fitness
1,4373.426908
2,32.708062
145,8.693148
342,5.724232
492,3.084176
742,3.052273
1292,3.039134
1342,3.005965
1992,3.002920
2187,3.002253
2190,3.001193
2461,3.000533
2901,3.000488
2942,3.000283
3364,3.000162
3661,3.000035
3840,3.000020
4364,3.000005
4414,3.000005
5076,3.000001
5298,3.000000
6587,3.000000
7035,3.000000
7930,3.000000
8437,3.000000
8714,3.000000
9377,3.000000
9880,3.000000
10264,3.000000
10292,3.000000
10442,3.000000
10692,3.000000
11287,3.000000
11337,3.000000
11687,3.000000
12961,3.000000
13761,3.000000
13772,3.000000
14637,3.000000
14795,3.000000
