Evaluations,Fitness
1,1098.194250
3,339.937105
6,0.304215
43,-0.718124
100,-0.967042
393,-1.015210
551,-1.022100
1200,-1.025789
1301,-1.030603
1444,-1.031421
3004,-1.031609
3404,-1.031628
5551,-1.031628
5851,-1.031628
6101,-1.031628
7451,-1.031628
9054,-1.031628
10154,-1.031628
11502,-1.031628
13302,-1.031628
13927,-1.031628
14235,-1.031628
14356,-1.031628
14785,-1.031628
