Evaluations,Fitness
1,642.877336
2,7.374239
19,2.411620
29,-0.590368
93,-0.595920
109,-1.011942
950,-1.028767
1479,-1.029429
1596,-1.030788
1600,-1.031209
2096,-1.031269
2121,-1.031504
2300,-1.031548
3350,-1.031564
3550,-1.031616
3559,-1.031616
3800,-1.031626
3850,-1.031628
4946,-1.031628
5796,-1.031628
6858,-1.031628
7255,-1.031628
11200,-1.031628
11502,-1.031628
11596,-1.031628
13159,-1.031628
14197,-1.031628
14955,-1.031628
