Evaluations,Fitness
1,3977.1
2,2528.35
7,2136.85
25,1679.86
242,1585.74
283,1583.72
321,1353.99
589,1296.09
643,1242.99
752,1102.69
856,998.076
1149,895.331
1314,835.293
1568,779.09
1625,737.57
1711,730.057
1950,697.212
2243,695.42
2348,674.728
2410,639.059
2527,629.715
2613,519.133
2680,513.856
2686,499.256
2943,449.085
3300,426.219
3366,414.097
3443,406.793
3524,405.609
3711,398.678
3721,385.538
3789,377.406
3917,318.863
4227,303.901
4300,267.975
4539,265.191
4692,217.955
5025,200.897
5487,200.348
5503,189.869
5624,161.128
5918,144.047
6169,141.674
6183,139.534
6301,126.684
6443,124.066
6777,120.027
6905,119.197
6958,114.119
7058,110.127
7184,107.401
7226,104.753
7233,92.9702
7547,89.9342
7578,83.5004
7905,78.5378
8041,74.3502
8213,72.0063
8308,65.7812
8383,64.3486
8428,63.5009
8486,61.7679
8568,57.8499
8643,57.5109
8788,53.1356
8854,52.5139
8856,45.9896
9240,38.1653
9309,35.8682
9507,34.1728
9510,30.314
9586,29.5808
9778,29.4563
9829,28.9776
9913,28.9584
10028,27.1831
10096,24.861
10112,24.1105
10381,23.8829
10416,22.7551
10563,22.2436
10572,22.2205
10657,22.0025
10722,19.7552
10785,19.1271
10825,18.5038
10952,17.0642
11097,16.9577
11196,16.9563
11209,16.5716
11281,15.2707
11508,14.4383
11523,12.343
11877,12.1249
12011,11.9456
12015,11.8952
12167,11.4009
12185,11.0022
12227,10.4264
12354,10.059
12471,9.29709
12841,8.03991
12875,6.88336
13563,6.75864
13573,6.04345
13701,5.83261
13752,5.78018
13757,5.75331
13838,5.60828
13974,5.54863
14155,5.28466
14231,5.15803
14286,4.90271
14396,4.6927
14534,4.50771
14625,4.17625
14803,4.14286
