Evaluations,Fitness
1,6390622.767134
2,5353720.284896
5,5150877.357480
9,4610778.224869
22,4559151.030221
44,3946764.797614
140,2938285.118409
240,2376232.593330
509,2101029.475774
759,2048047.425057
1061,1862461.520096
1159,1488425.658278
1209,1395357.908461
1463,1358515.418783
1613,1356069.109912
1938,1308483.504877
2412,879374.024648
2568,850504.291055
2880,742102.747189
3110,675444.728474
3168,644484.511319
3410,610435.187380
3421,474397.856247
4185,439760.929280
4415,436534.890955
4451,395613.579264
4733,307293.614102
4998,305032.445241
5283,282421.826935
5301,224870.967834
6572,176958.384971
7251,168480.986646
7470,168231.949502
7764,140941.023399
8035,139190.718394
8085,135721.305524
8796,133408.905688
9062,129665.428663
9196,120992.394995
9894,118898.297908
10060,108184.258911
10410,104596.490330
10665,98762.931693
11114,95185.169575
11302,92562.854930
11402,91475.192208
11618,84302.880748
12802,80287.533937
12930,74618.896853
13302,71666.166701
13380,63745.639219
14407,63598.286841
14586,63351.499020
14598,61952.321566
14615,61765.042389
14765,60747.093003
14838,57082.540571
