Evaluations,Fitness
1,1739.697718
7,1627.735838
13,1550.568090
21,1517.936786
27,1503.933396
28,1320.600362
68,927.556393
147,629.119695
718,618.753121
938,371.421728
1284,368.340430
1810,217.604756
2138,196.475855
2295,160.166348
2963,129.644445
2993,95.569265
4585,94.877358
4602,94.237330
4952,80.349244
5035,63.666263
5810,62.512518
5813,57.315185
6886,46.627188
7436,43.356893
8414,39.379593
8514,33.498728
9242,33.214842
9615,27.972749
10265,26.984897
11963,22.727742
12488,21.637173
12688,18.471951
13388,16.716498
14338,16.123561
14536,14.967367
