Evaluations,Fitness
1,1183.567842
2,1018.333226
8,879.665605
186,845.012673
291,770.565602
391,741.162737
1578,695.597909
1737,650.005468
2316,646.751852
3128,641.710113
3537,635.687811
4725,545.897026
13395,540.993980
14318,534.867311
