Evaluations,Fitness
50,665804.861445
150,206347.630844
900,191143.571537
1150,170192.117310
1350,137943.410022
1450,122307.000582
1600,72769.934843
2750,62633.660787
4550,48991.425040
5900,46395.123282
7200,39559.205110
8600,26942.664444
9450,26421.544232
11550,23907.145819
11600,16881.175960
11800,13853.393123
12700,11117.037417
