Evaluations,Fitness
1,875196748.667025
8,837435363.696547
10,683554668.963119
18,655350648.848954
46,637640257.855296
57,410134167.137041
168,208777043.363330
495,98708206.948162
957,44252736.460512
2018,41840640.845053
2908,41640560.467705
3008,31985922.301358
3161,26348819.800793
3718,13710183.248347
3854,12627737.635846
4568,7792361.297986
5158,6774489.947694
5498,4999357.802481
5895,4468358.821559
7004,4077944.920228
7254,3994526.890600
7348,3924154.021176
7504,3279605.476177
7704,2540564.396595
8753,2185365.151920
9148,1920165.719424
9198,1709843.867551
9348,1347163.688841
10418,1262997.036243
11107,1073121.094060
11118,841147.605677
11468,776487.074205
12018,748237.011759
13168,548401.494907
14168,526368.131137
14218,456224.657977
