Evaluations,Fitness
1,8474487.545328
2,563253.884421
13,447769.840886
52,388780.381561
168,363819.604046
174,176430.783842
1171,173219.377934
1345,155274.552063
1725,154986.417732
1727,120529.645513
2989,116054.451192
3101,78276.026578
4452,60001.277918
5857,50904.319646
6757,46703.726705
8531,31821.300628
10504,29572.244649
11404,15340.004483
