Evaluations,Fitness
1,3305.002068
2,3218.204454
3,2534.579167
4,2494.359017
18,2174.155757
19,2078.904227
42,2002.359472
56,1984.816034
126,1884.004746
127,1852.930765
129,1685.936182
143,1453.313372
156,1306.233693
418,1243.891456
476,1220.422993
517,1048.616524
685,953.973870
958,938.553585
1031,917.570169
1049,887.982311
1137,882.885363
1160,839.670541
1568,693.617654
1867,612.024388
2342,607.473832
2596,579.965520
2604,520.187505
2733,501.745692
2773,465.423629
2923,401.315702
3281,380.629478
3849,353.140451
3855,322.145167
3912,296.617676
4367,289.410722
4371,273.304067
4402,270.849560
4607,269.077596
4631,240.670270
4868,230.380392
4997,227.907753
5183,205.387345
5622,184.799028
5708,156.750447
5956,145.444424
6041,134.147277
6420,132.129214
6543,121.504196
6643,110.654588
6800,106.252659
7110,102.774644
7202,95.952976
7785,94.601900
7850,92.890627
7913,91.474196
7937,88.572301
8002,86.588662
8105,83.674954
8255,83.673219
8261,83.544057
8356,67.615359
8722,64.036345
9023,60.128320
9184,58.883582
9205,58.627926
9298,58.481164
9300,57.328073
9331,56.405883
9368,55.610687
9371,55.202895
9437,54.398413
9478,53.843209
9490,52.846958
9505,52.034353
9546,51.605803
9601,50.442733
9721,50.360582
9739,47.051680
9786,41.905771
10186,41.590193
10198,41.523891
10208,40.774326
10238,39.856668
10267,39.217721
10340,37.117216
10551,36.380323
10787,35.220213
10810,34.265448
10850,33.722243
10939,33.224472
11028,33.000375
11200,30.740589
11250,28.610793
11579,27.627101
11769,26.819457
11818,24.549963
12168,23.761393
12329,23.527659
12363,22.406163
12522,22.174166
12724,21.344101
12739,20.632874
12767,20.319377
12906,18.745796
13145,17.443742
13457,17.418170
13608,16.241905
13622,15.852144
13702,15.281024
13835,14.855144
14042,14.227140
14074,14.140190
14141,13.178337
14175,11.297772
14668,11.262309
14812,10.610788
14991,10.198200
