Evaluations,Fitness
1,3284019.452992
3,3270582.257225
5,1900152.239608
8,741564.766859
42,590691.075263
179,457363.344129
621,290929.314936
816,268369.402535
1716,245279.636306
1871,192980.244353
2316,185202.191326
3271,181615.651033
3871,176226.763565
3925,137100.231343
5366,119690.510520
6845,112561.764412
7408,110865.631417
7445,90490.130160
8308,81951.661333
9408,59358.864899
