Evaluations,Fitness
1,1463.111813
2,1262.917560
29,1241.278700
85,1123.520823
86,1120.998358
114,1080.196987
175,1060.068818
305,1046.347473
317,1036.882935
330,944.828633
682,896.475364
1319,881.436466
1655,866.675880
1837,835.175030
2316,800.340230
2775,757.850089
3132,744.881045
3666,699.479901
5051,643.948204
5390,624.200952
6102,610.904760
7353,587.842460
8454,583.495043
8463,575.547887
9202,564.900153
10447,551.157179
13267,541.729192
