Evaluations,Fitness
1,51.005461
5,3.820195
9,2.651289
34,2.043641
50,1.940665
166,0.406621
1429,0.405521
1623,0.404561
1700,0.401003
1792,0.400361
1916,0.398744
2079,0.398411
2936,0.398335
3036,0.398229
3344,0.398076
3644,0.397888
6044,0.397887
6666,0.397887
10343,0.397887
13679,0.397887
14444,0.397887
14713,0.397887
