Evaluations,Fitness
1,277117.042990
5,266773.664162
11,215232.533499
47,202469.087218
247,130606.487620
1291,129520.794193
1357,118663.400506
1427,114740.799238
1467,91216.868750
1717,90949.077443
1817,80498.016074
2441,77096.371289
2614,75019.482205
3131,74101.844090
3330,68930.763041
3680,62624.141793
4204,59376.561892
4585,59320.483386
4672,54873.603557
4989,52619.267917
5289,52484.928944
5307,50273.263093
5522,48487.180078
5619,38361.896037
6877,36285.097328
6981,35707.975109
8007,33956.595134
8422,31892.248412
8881,31432.592113
9194,31320.208538
9422,30005.648283
9641,28959.083428
9657,28612.106956
9972,28414.616698
9998,26208.164571
10072,25519.279757
10098,24635.845268
10148,24487.081162
10222,23212.284387
10968,23211.298669
10987,23102.592661
11248,22899.965136
11287,20885.870707
11569,20760.353208
11722,20465.727887
11887,19675.554531
12098,19376.816464
13122,18813.589868
13547,18804.396627
13619,18676.060445
13661,18512.357317
13772,18167.257965
13822,17153.290320
14056,15156.907407
14766,14882.903671
14785,14817.849686
