Evaluations,Fitness
1,2849.118624
3,2652.907763
7,2571.810125
11,2380.353369
12,2202.571673
15,2160.955304
142,1752.494815
357,1521.336100
404,1332.785556
504,1330.904155
704,1258.116489
1204,1127.399774
1504,1109.970555
1688,1033.424615
2254,984.590355
2271,867.154252
2721,812.545801
3071,694.413302
3635,624.561611
3808,614.826735
4600,587.030855
4708,531.799613
4908,493.610932
4935,465.496680
5219,449.347031
5611,443.391958
5619,420.388056
6019,388.802854
6162,380.336647
7012,363.529905
7682,357.355167
7720,331.576704
7909,324.092607
8335,278.612273
8461,278.063907
8609,266.911586
9046,255.715886
9340,212.434193
10508,208.545957
10608,207.875815
10690,189.694364
10990,180.719593
11490,175.185305
11658,173.646527
11710,147.105317
12025,145.414162
12058,143.924108
12225,137.726581
12560,136.001502
12810,128.489350
12837,122.305516
13560,120.048596
13600,113.928092
13661,110.312686
13711,107.542991
13883,98.796441
14575,98.340211
14625,96.525281
