Evaluations,Fitness
1,1573.792849
6,1520.369459
10,1516.781132
21,1482.124698
137,1102.923950
209,811.156862
265,718.094991
314,599.805298
599,433.273354
614,305.376330
906,286.007810
1174,224.244611
1727,206.714672
1806,183.135557
2339,127.100879
3056,117.570300
3427,91.928604
4287,86.596135
5494,67.356679
5889,61.176063
6111,53.026513
6357,46.700901
6427,46.532955
7057,43.612944
7407,41.140657
8027,31.794060
9077,31.488251
10409,26.310322
11109,25.750815
11423,22.952694
12173,22.314989
14268,22.021246
14609,21.477874
