Evaluations,Fitness
1,1531.375579
2,1526.995456
3,1215.744877
65,1075.209990
211,1070.366179
568,944.013453
918,930.495598
1639,865.230591
2316,853.745629
2965,844.006184
3483,827.793804
3531,790.780666
4133,783.688462
4681,776.712480
5133,773.786410
5503,753.196993
5518,743.294773
6994,703.072447
7963,702.322441
8444,695.749469
9423,676.964930
13264,652.180255
