Evaluations,Fitness
50,-0.106973
150,-0.224411
250,-0.488897
300,-0.929520
400,-0.948216
450,-0.964241
500,-0.975665
550,-1.009522
600,-1.023479
750,-1.026069
800,-1.027890
1400,-1.029312
1650,-1.029648
2050,-1.030931
2100,-1.031464
2500,-1.031534
2550,-1.031619
3650,-1.031621
5200,-1.031627
5550,-1.031628
9050,-1.031628
9500,-1.031628
10100,-1.031628
12300,-1.031628
14350,-1.031628
14700,-1.031628
