Evaluations,Fitness
1,1970.25
130,1868.19
137,1865.48
154,1848.43
210,1793.18
253,1707.01
266,1580.59
296,1540.37
356,1504.09
394,1470.82
453,1362.19
467,1187.27
595,1098.79
730,1067.86
838,1018.23
1095,914.213
1109,842.226
1235,782.079
1406,758.448
1685,736.208
1701,731.621
1853,724.664
1935,719.566
2062,697.451
2140,697.424
2182,631.409
2300,499.653
2700,490.939
2823,465.416
2965,462.837
3085,450.197
3510,449.359
3743,449.27
3748,443.321
3752,436.116
3769,417.773
3878,380.953
4068,362.08
4083,350.931
4118,303.132
4360,250.269
4466,231.395
4561,228.017
4941,214.92
5185,211.224
5191,197.98
5241,177.464
5323,156.667
5997,151.216
6061,149.279
6213,149.188
6288,148.369
6323,147.864
6340,146.069
6359,145.556
6394,144.042
6406,140.788
6459,131.062
6523,128.055
6658,124.876
6822,116.135
6894,113.099
6903,106.829
7019,95.7673
7213,86.4314
7508,85.5024
7531,77.6848
7764,73.5634
7793,65.6206
8118,60.0739
8458,55.8392
8695,52.8836
8721,52.0899
8861,50.7623
8907,49.7287
8939,49.2926
8989,43.6218
9332,41.1058
9448,40.8132
9597,40.0594
9677,36.3507
9921,35.7419
10005,34.354
10099,33.7198
10114,32.984
10196,31.4649
10591,29.9833
10687,29.2589
10725,28.8508
10839,28.1644
10927,27.451
11034,25.4261
11445,24.9079
11598,24.3564
11680,23.5227
11898,23.0986
11904,19.7106
12059,19.0302
12166,18.1868
12234,17.5631
12360,15.8141
12882,13.5668
13365,12.9486
13431,12.6632
13461,11.7345
13598,11.7202
13660,11.6675
13718,11.373
13811,11.1983
14088,10.922
14129,10.8187
14266,10.0463
14349,9.49345
14361,9.43267
14448,9.08013
14501,8.72569
14819,8.72218
14893,7.59719
14968,7.1655
