Evaluations,Fitness
1,5333270.313196
2,2023069.009662
9,914696.592035
38,438908.791527
598,365436.374088
1198,236076.057146
2555,225609.852930
2593,200165.261913
2960,190920.917920
3410,169140.556051
4797,163272.000579
5331,135953.456036
5531,130283.857822
6293,127169.033538
7313,109784.572300
8010,108790.098389
8460,101113.959559
9311,84749.096517
10261,84738.161759
11240,75022.431551
13232,64376.307802
