Evaluations,Fitness
50,3767374.140652
200,2637707.446883
350,2320476.123135
400,1793108.422375
850,1729933.021902
950,1394388.963763
1400,716078.658772
2800,600957.291770
3450,535861.903312
3650,424131.904055
4500,386125.765318
5200,359887.206092
5300,305978.000373
5450,283873.419697
5700,269750.359950
6000,231681.848550
6050,184693.269832
6850,183408.408782
7250,151968.595404
7900,121934.417133
8700,99096.715193
10050,97993.994361
10400,97205.800315
10550,91326.643913
11250,89411.277883
11450,87651.730556
11500,78052.512940
11550,74876.117063
11600,64454.904003
12200,56466.473854
12350,55587.955094
13150,49871.568180
13700,49329.749131
13850,47133.570222
14150,43328.756767
14400,39984.687974
