Evaluations,Fitness
1,984.629097
11,964.844491
19,23.934163
53,11.952818
60,3.179793
548,3.102141
669,3.063006
687,3.001087
896,3.000379
1263,3.000224
1287,3.000205
1319,3.000176
1341,3.000097
1382,3.000079
1456,3.000014
1474,3.000014
1601,3.000010
1650,3.000007
1651,3.000001
1804,3.000000
1925,3.000000
1956,3.000000
2003,3.000000
2171,3.000000
2252,3.000000
