Evaluations,Fitness
1,820519188.520181
6,669429326.008389
12,648499585.106674
29,560071807.048738
34,542043756.598557
58,538798241.170381
65,520636541.092416
79,377847031.405745
246,361883385.954943
334,359283759.147951
397,320112961.865825
453,276791022.219151
469,273009634.255276
477,243038334.695853
656,216592772.956773
713,154433535.405100
1126,110517298.876279
1634,98704294.288046
1786,92983954.739786
1800,88181394.541263
1889,79932948.757757
2181,78457606.299109
2261,63341609.184610
2310,45361330.575149
2413,38596761.029794
2470,33764151.449602
2516,30889988.053708
2659,18634368.409537
3049,18177144.100069
3462,14371878.471788
3953,12531042.605643
4000,11394003.511263
4104,9488924.010064
4505,8470893.538812
4631,5863597.755879
5213,5636439.321472
5418,5051004.391802
5443,4929943.852059
5610,4477998.534999
5817,4174648.077448
5822,3696836.328427
5924,3040396.967169
6278,3019523.829417
6323,2791442.629696
6525,2490606.635286
6927,2237555.697476
7211,1833614.372534
7437,1284646.744343
7814,1199843.020003
7865,1186059.942557
8283,1090003.436448
8302,1032675.195166
8350,874160.729349
8401,856658.758734
8501,799527.611896
8619,687565.555545
9014,620330.530096
9142,588524.992257
9415,573460.809066
9417,411313.884854
9605,366688.266767
10297,357970.569762
10465,326811.175746
10468,318235.999658
10668,277242.801026
11118,273675.917436
11163,234398.783334
11363,223269.796696
11562,217346.899085
11597,216111.920259
11608,201806.961110
11702,185126.654038
11786,184484.015787
11861,176226.871998
11953,151268.415947
11994,149229.293382
12098,128786.259042
12288,114094.360882
12577,113266.007708
12645,102077.583094
12652,99212.312323
12750,89283.490669
12952,75684.189280
13596,74567.139119
13662,69676.216168
13740,58756.617801
14114,44209.371027
14271,43871.870126
14481,40964.310663
14960,35409.909517
