Evaluations,Fitness
50,20.910817
100,20.833423
150,20.240597
500,20.222318
550,19.612306
700,19.195462
1350,18.452174
2550,17.784128
2900,17.604800
3100,17.328177
3400,16.850362
3800,16.846696
3950,16.167931
4000,15.226590
4750,14.435475
5150,14.132800
6000,12.934199
6250,12.486533
7750,12.397322
8150,12.357968
8250,11.837268
9200,11.645431
9450,11.479973
9500,10.808919
9700,10.740369
10050,10.281451
10900,10.279858
11400,10.240104
11500,9.820199
12800,9.727236
13450,9.620889
14800,9.387943
