Evaluations,Fitness
1,3679.076939
2,2812.215083
3,2531.020435
16,2373.872378
26,2033.954520
80,1687.375951
257,1666.945831
460,1562.571961
605,1257.669362
866,1102.000656
1897,964.059027
2097,938.461685
2122,911.408621
2181,774.831717
3278,745.369078
3675,739.299299
3957,670.724462
4015,622.956511
4625,599.633738
5065,587.156541
5100,565.287158
5165,556.352880
5225,550.629689
5650,544.514155
5673,517.902576
5857,493.668334
6207,489.968405
6607,486.554994
7229,459.737521
7859,449.350797
8055,434.226615
8057,420.781911
8320,411.805310
8420,403.638091
8470,398.524411
8620,397.054216
8670,395.976050
8805,385.129860
8870,363.517346
9402,361.796370
9439,358.535195
9639,342.494699
9949,331.982110
10049,322.143673
10309,320.138181
10409,311.000697
10459,302.172639
10639,294.167648
11289,294.081500
11374,290.901498
11527,276.776432
11889,273.323478
12227,264.028641
12462,259.174924
12472,248.545200
12687,242.593587
12916,236.432526
13231,232.045647
13316,232.029447
13387,216.505077
13787,214.469924
13987,204.002131
14459,203.423860
14865,189.731051
14937,186.294374
