Evaluations,Fitness
1,8970321.519893
3,8109040.808331
6,8006730.883611
19,7666854.338920
24,6261837.169171
71,6147512.819761
119,5683978.275184
221,4654978.266454
271,4348185.493487
569,4076027.221461
824,4036641.534797
1024,3860606.665859
1116,3562787.881121
1269,3077750.750523
1374,2866782.059232
1524,2723642.681428
1724,2349114.999016
2737,1918323.053912
3387,1837998.004220
3987,1837805.641867
4169,1688756.832272
4603,1582045.191211
4919,1558046.008294
4987,1545609.623628
5072,1545242.472250
5131,1273932.008432
5622,1213046.967005
5721,1206508.657266
5921,1094974.367766
6662,1092160.769828
6962,1071853.008328
7451,1005391.741677
7801,893085.859334
8327,865741.430247
8663,846251.209936
8668,793568.521806
8863,789460.909250
9051,746435.267254
9251,729040.998832
9262,721723.819303
9301,656963.087549
9818,634060.287331
10018,583141.276909
10218,572760.429016
11568,523991.973302
11980,523183.666999
12177,519712.470556
12280,482016.181091
13218,474830.178903
13588,441852.574187
13688,400584.139586
14627,399861.116389
14753,394237.348434
14870,389193.211933
14988,388057.816498
