Evaluations,Fitness
1,862473178.740759
3,700478689.478797
8,696959601.802605
12,426044476.548308
137,378927694.509596
196,342224731.061611
299,329311255.362595
378,312144108.680840
467,287690000.702604
494,244561707.637284
637,234983522.126722
700,219418967.723497
717,200761574.893644
729,132039202.133302
1205,115939606.183520
1267,109255664.655352
1327,108173724.633630
1370,92927258.416747
1421,70730796.476793
1792,69697707.860262
1813,28117501.672231
2208,26289958.090451
2607,24277732.131376
2719,22758340.826059
2942,19857883.527760
3077,18373581.016396
3228,18047076.877595
3333,17692522.945467
3370,17581203.392681
3438,16517474.499861
3584,14799063.611997
3621,14665155.918005
3709,9619635.366189
4569,7758743.267607
4756,7526058.046610
4769,6458261.522097
4824,6034484.896432
4849,3604569.677577
4914,3341374.259933
5573,3140287.347527
5750,2752740.751270
5861,2455292.097227
6039,2244400.063519
6406,2068227.023840
6632,1905645.246936
6835,1522995.137028
6973,1327820.843973
7114,915418.049037
7493,851878.767235
7555,603710.108788
7935,511980.829433
8253,487369.289305
8282,443869.897528
8505,435390.958409
8631,384596.875103
8643,374529.288147
8693,367417.531159
8771,365929.287407
8843,237070.655736
9057,229318.602830
9128,223095.590594
9291,189001.089052
9375,181311.268030
9622,174832.441361
9726,159415.609864
9773,154697.020813
9787,153928.222442
9891,153873.205234
9898,142646.837562
10038,138671.628442
10190,75143.199499
10472,70635.499158
11240,70434.252185
11265,60711.546362
11535,59556.245369
11595,58630.915554
11613,56397.759318
11714,48500.769786
11848,48034.167131
12020,47559.347157
12077,44641.882858
12079,40809.854566
12199,40412.599810
12285,39419.653051
12320,39257.831023
12357,34385.174901
12658,32255.652562
12721,31219.307435
12761,27708.445504
12959,27495.010716
13016,26937.846149
13036,23021.657915
13378,21586.438260
13384,20526.305612
13629,20166.440739
13665,18718.087119
13754,18490.052879
13921,18283.498182
13952,17729.141464
13991,17570.125890
14160,17403.880679
14186,16181.780092
14514,15306.065780
14821,14584.731661
14863,14243.771281
