Evaluations,Fitness
1,-0.718577
4,-0.725459
6,-0.968028
7,-2.055501
18,-3.358281
36,-3.458914
93,-3.559976
236,-3.772290
323,-3.796879
656,-3.814173
683,-3.845319
1356,-3.848351
1393,-3.849937
1443,-3.854815
1493,-3.857837
1643,-3.860505
2207,-3.861698
2443,-3.861879
2757,-3.862545
3193,-3.862647
3516,-3.862723
3529,-3.862774
4464,-3.862775
4611,-3.862780
5517,-3.862780
5786,-3.862780
5790,-3.862781
5823,-3.862781
5873,-3.862781
5936,-3.862781
5942,-3.862782
6212,-3.862782
6357,-3.862782
6623,-3.862782
8940,-3.862782
8956,-3.862782
9783,-3.862782
11533,-3.862782
11806,-3.862782
12256,-3.862782
12283,-3.862782
12573,-3.862782
13372,-3.862782
13522,-3.862782
13557,-3.862782
13649,-3.862782
14084,-3.862782
14649,-3.862782
