Evaluations,Fitness
1,1078.445198
4,1017.289371
5,1004.438445
8,985.663680
9,914.346570
13,912.825420
86,816.760761
143,803.816453
158,797.012259
436,775.036919
481,761.524611
500,758.416305
708,708.133541
869,643.713167
1169,641.638568
1827,637.770360
2258,635.996259
2681,546.602807
3444,533.292649
4530,496.878982
12427,495.290724
14211,485.299630
