Evaluations,Fitness
1,7376684.505008
3,6986424.779891
69,6449509.778403
119,6101059.197195
201,5514606.004507
319,5207675.338276
340,4476665.359701
414,4319333.601384
508,3843822.353933
726,3417649.744354
1191,3182803.069138
1391,2515237.259977
1940,2476589.554737
2491,2241328.678265
2880,2156006.071765
2990,1789625.264361
3440,1702572.656433
4190,1610172.127134
4481,1424866.940797
4731,1369125.728458
4931,1297688.641328
5781,1285003.901978
5981,1272546.608514
6131,1237372.589918
6438,1182434.308420
6541,1178494.983560
6559,1161791.283104
6588,1147719.538400
6791,1020535.497711
6943,1015086.459982
7809,985325.113764
8029,983701.145970
8739,977305.562887
8859,968764.211682
9159,942197.393112
9239,932629.712867
9259,922924.171595
9373,847911.820512
9610,803108.939596
10060,783052.763102
10359,744865.017654
10598,739727.768732
10669,736427.890009
11076,713652.723288
11240,695471.593757
11624,672912.738672
11842,657296.678235
12241,620807.121566
12592,616784.991207
12691,599634.787313
12742,586832.032908
13266,556593.181846
13541,535349.149862
13624,534344.181676
13723,529840.505624
13823,528922.566950
13841,512920.709892
13923,500513.294770
14173,493206.416747
14473,446341.390818
14775,426535.286998
