Evaluations,Fitness
1,1012964101.302276
2,956409073.365655
3,909694686.257554
6,828049305.818802
7,780322018.896475
9,733565484.172858
14,709814384.883712
19,642937590.039456
82,522196117.719089
195,393767956.990691
238,376010649.476954
395,166424320.371141
639,93813316.300062
866,63412351.407365
989,44389783.077382
1104,44084656.728364
2000,25080428.318653
2204,23098697.604304
2533,16098953.666203
3439,13426680.783181
3466,10364207.738564
4032,10328150.991039
4161,6921681.473564
4461,4354489.731541
5382,3644684.440886
5784,3444646.103497
6584,3101334.050902
6934,1642775.272738
8419,841047.179999
9171,765120.201524
9384,731044.718249
9717,689145.197017
9741,661431.444277
10021,521222.416308
10941,391470.334532
10991,329195.394911
12291,283663.633067
13082,266312.032654
13134,255733.128848
13184,235235.911804
13494,200063.830729
13998,185052.455661
14029,165780.140023
14429,143237.722151
14929,137591.219988
