Evaluations,Fitness
1,838797404.315113
7,674181393.183721
22,606853255.285585
44,508430334.367548
98,261979216.037828
484,152291042.635300
493,137120653.384350
994,120060997.531773
1034,118340097.753618
1134,55045712.811172
1951,30299756.870009
2223,28741655.154310
2829,24973284.202888
3239,24597773.839817
3334,17070161.201719
3474,14235330.513622
3616,8246100.462692
4475,7478815.640092
4729,6169755.280500
4834,4443212.167640
5318,4203764.996939
5334,3434947.578132
5521,2639788.719462
6622,1595795.510057
7574,1352972.349096
7672,1236451.342315
8024,967768.255770
9268,947358.341202
9274,745083.157215
10024,725073.821256
10266,655041.920612
10299,592108.983732
11016,522241.440354
11484,509355.151078
11966,482865.424247
12299,445218.829384
12643,365745.356251
13543,322313.243453
13804,307047.583995
13923,302493.128909
13993,284505.419437
14208,261845.986733
14858,240717.599990
