Evaluations,Fitness
1,2451.115876
2,38.202379
3,1.128251
11,0.575618
13,0.258598
52,0.082359
54,0.022332
133,-0.086205
154,-0.422584
156,-0.873963
556,-0.979122
883,-1.014420
1071,-1.018313
1160,-1.019379
1202,-1.031068
1499,-1.031557
1527,-1.031595
3078,-1.031596
3752,-1.031600
3780,-1.031605
4050,-1.031619
4528,-1.031620
4652,-1.031622
5102,-1.031623
5181,-1.031625
5764,-1.031626
6127,-1.031627
6332,-1.031627
6481,-1.031628
11094,-1.031628
11648,-1.031628
12532,-1.031628
12850,-1.031628
