Evaluations,Fitness
1,2934.13
2,227.517
28,213.249
30,90.6699
120,40.6961
136,29.309
229,19.9702
270,14.6541
321,10.8155
364,9.36576
390,9.01994
411,8.6734
415,7.17938
427,3.57333
655,3.54299
671,3.31143
720,3.009
876,3.00546
1028,3.00103
1115,3.00039
1332,3.00015
1488,3.00009
1614,3.00004
1629,3.00003
1655,3.00002
1714,3.00001
1761,3.00001
1809,3
1936,3
2110,3
2213,3
2309,3
