Evaluations,Fitness
1,183272.059067
2,85539.295620
3,2630.342085
5,1470.357528
11,233.717517
25,197.962295
28,106.103872
38,64.461202
92,19.445844
271,11.330994
377,6.782806
465,3.433581
645,3.286352
758,3.248970
760,3.174941
811,3.075192
830,3.061745
901,3.002053
1004,3.001586
1215,3.000719
1381,3.000074
1538,3.000041
1691,3.000024
1780,3.000019
1807,3.000016
1889,3.000000
2089,3.000000
2201,3.000000
2378,3.000000
2477,3.000000
2512,3.000000
2537,3.000000
