Evaluations,Fitness
1,95.399
2,28.3167
6,21.2935
8,7.52552
11,3.49771
17,3.06575
39,2.33397
70,0.683724
293,0.616279
441,0.495166
454,0.46117
943,0.425804
1006,0.406362
1085,0.402142
1142,0.39909
1527,0.39791
1657,0.397901
2235,0.397895
2398,0.397892
2459,0.39789
2464,0.397888
2927,0.397888
2983,0.397888
3312,0.397887
3395,0.397887
3481,0.397887
3709,0.397887
3798,0.397887
3800,0.397887
