Evaluations,Fitness
50,66.672342
350,30.404283
400,22.061241
450,12.460650
500,6.079382
600,5.706341
1100,4.856507
1250,3.562114
1550,3.049967
2200,3.005900
2750,3.002320
3000,3.000547
3450,3.000384
3750,3.000037
5050,3.000001
5300,3.000000
6400,3.000000
6500,3.000000
6600,3.000000
6900,3.000000
7000,3.000000
7150,3.000000
7800,3.000000
8250,3.000000
8950,3.000000
9150,3.000000
10200,3.000000
10600,3.000000
10850,3.000000
10950,3.000000
11550,3.000000
11800,3.000000
11850,3.000000
12100,3.000000
12350,3.000000
12450,3.000000
13250,3.000000
13550,3.000000
13650,3.000000
13750,3.000000
13850,3.000000
13950,3.000000
14900,3.000000
