Evaluations,Fitness
1,[499.90782324]
2,[499.88831118]
5,[498.01157285]
7,[480.66415216]
9,[433.67250217]
22,[404.25630616]
28,[209.65447667]
76,[45.50143617]
102,[8.21073318]
108,[1.59406722]
1676,[1.22330493]
1825,[1.00426522]
2152,[0.99889598]
2293,[0.99839023]
2322,[0.99800584]
2326,[0.99800384]
2929,[0.99800384]
2952,[0.99800384]
3226,[0.99800384]
3235,[0.99800384]
3465,[0.99800384]
3615,[0.99800384]
3731,[0.99800384]
3809,[0.99800384]
3865,[0.99800384]
4009,[0.99800384]
4560,[0.99800384]
4661,[0.99800384]
4918,[0.99800384]
5126,[0.99800384]
5266,[0.99800384]
6434,[0.99800384]
9114,[0.99800384]
