Evaluations,Fitness
1,2512.16
14,2373.48
37,2367.03
38,2307.76
43,2263.09
90,1984.35
94,1983.9
135,1954.02
150,1905.04
200,1532.72
386,1516.16
527,1487.89
543,1467.86
553,1324.04
564,1275.55
775,1068.32
1257,1033.79
1329,1003.44
1582,977.493
1611,968.71
1747,917.28
1829,875.844
1909,693.256
2261,623.614
2345,578.541
2789,571.676
2893,565.599
2988,505.455
3205,480.577
3463,457.056
3464,419.276
3627,364.453
3933,355.311
4205,294.864
4211,281.128
4639,266.582
4813,252.003
5052,245.598
5154,235.208
5251,228.323
5506,193.126
5658,190.356
5659,171.237
6123,165.483
6311,151.661
6358,145.143
6564,135.28
6706,120.714
7051,114.566
7256,100.229
7652,91.8897
7787,89.1566
7928,79.849
7960,72.6639
8367,67.3509
8521,65.217
8624,62.5637
8758,62.3287
8786,60.1794
9179,57.4088
9199,41.8739
9937,40.4898
9999,38.7563
10294,37.4942
10304,37.1388
10332,31.9682
10462,26.2619
11154,25.0903
11402,23.9817
11431,23.3078
11604,22.8942
11643,22.5469
11694,21.3098
11934,21.1904
11950,20.7647
12008,20.6196
12063,20.0249
12117,19.168
12196,19.1212
12274,18.1053
12428,17.8543
12573,16.459
12657,16.1772
12855,12.5626
13135,12.0416
13299,11.7643
13462,11.4332
13482,10.9865
13577,10.5677
13606,10.2218
13715,9.85654
13796,9.10335
14235,9.05183
14253,7.84297
14455,7.69841
14627,7.26077
14885,6.66222
