Evaluations,Fitness
1,1122.8238822169928
6,1081.7120455784557
7,1022.0234132304552
15,1005.2600419911967
35,955.1371297253386
50,949.5453417396731
107,797.1824878121913
215,743.9491311232052
424,710.2200206730759
1374,697.0080112070997
1407,669.7514703419055
1824,640.2257276703513
2724,611.4078194345304
3190,596.7692985796477
3618,581.3868474572878
4355,567.1655391636243
4669,555.2963303728761
6729,528.5294802741053
6824,472.6810893338694
