Evaluations,Fitness
1,4464200.790514
31,4339565.604804
34,3495968.508535
69,3315846.647780
118,2836604.579804
373,2828628.644516
439,2237033.476039
500,1787122.298930
615,1619509.599132
949,1384229.440222
1165,884401.060795
1248,812155.624622
1515,558060.795851
2583,502634.842461
3433,425110.431384
4080,327845.219869
4867,298792.269315
4915,284781.363349
5180,265383.218011
6126,249997.571325
6304,185482.462843
6775,163792.574489
7536,139898.333943
8325,133761.010813
8764,133191.699749
8852,125736.451349
8978,118668.987655
9175,101678.341384
9875,89316.009212
10218,86054.080295
10725,85154.258371
10825,78850.856008
11475,77641.783574
11868,74826.399457
11925,68288.165420
12619,65239.729896
12819,62292.631308
13451,57999.475539
13951,54734.439806
14118,52838.286083
14496,49963.104211
14601,48437.886678
14725,47221.412260
14768,46504.050964
14815,41825.986699
