Evaluations,Fitness
1,21.546430
2,21.464043
3,21.446168
4,21.329541
15,21.319434
25,21.242814
29,21.224244
30,21.211511
78,21.122265
154,21.088223
195,20.991830
656,20.983599
845,20.833086
960,20.566018
1135,20.530577
1159,20.446079
1195,20.333930
1535,20.313011
1629,19.644164
2211,19.095711
2405,18.537279
2642,18.410545
2689,18.254774
2933,18.162635
3069,18.147738
3093,18.085420
3101,18.026720
3116,18.009312
3196,17.809579
3285,17.669977
3297,17.144596
3608,16.999384
3642,16.733653
3841,16.355104
3885,16.292148
4118,16.215697
4182,15.922735
4458,15.861274
4564,15.858845
4745,15.758997
4786,15.609111
4789,15.600763
4910,15.140510
5105,14.325800
5569,14.173970
5599,13.883010
5794,13.775278
5940,13.739894
6047,13.644874
6069,13.492126
6345,13.348958
6381,13.191932
6430,13.160736
6460,12.999860
6512,12.609547
6795,12.263836
6939,12.228006
6965,12.219342
7013,12.173825
7120,12.056857
7139,11.878435
7186,11.868462
7233,11.728419
7343,11.677623
7511,11.625858
7580,11.565559
7639,11.549971
7643,11.499534
7648,11.396039
7760,11.356200
7766,11.206597
7837,11.145824
7864,10.869289
8014,10.562057
8160,10.519184
8326,10.300285
8663,10.046477
8687,9.963684
9013,9.855120
9163,9.716470
9164,9.698640
9166,9.598009
9239,9.314055
9377,9.280471
9434,9.015964
9449,8.895192
9668,8.647233
9848,8.324230
9979,8.275015
10304,8.082410
10417,8.039412
10476,8.018021
10516,7.493276
10809,7.384992
10884,7.358610
11094,7.166241
11233,6.884702
11313,6.864848
11438,6.532185
11634,6.477458
11730,6.431323
11745,6.287765
11959,6.275059
12091,6.235237
12116,6.110458
12132,5.956590
12348,5.833102
12369,5.686924
12734,5.454813
12984,5.340807
13360,5.336229
13514,5.264001
13703,5.047167
13741,4.677450
14246,4.570770
14421,4.518640
14599,4.488772
14687,4.439917
14753,4.289420
14784,4.200810
