Evaluations,Fitness
1,21.300681
2,21.031199
8,20.973850
24,20.903386
33,20.754614
373,20.634077
938,20.406600
1057,20.364039
1120,20.261582
1188,20.253526
1254,19.897138
1436,19.754447
1722,19.590126
1948,19.508470
1955,18.765488
2672,18.319200
3088,18.304041
3190,18.165480
3213,18.131733
3216,18.111103
3324,17.584129
3601,17.186169
3781,16.700932
3856,16.502446
4106,16.313914
4515,16.269767
4562,16.268689
4571,15.943496
4673,15.710218
4774,14.851311
4899,14.707496
5170,14.594663
5268,14.173215
5754,14.068130
5758,13.693415
5806,13.266486
6051,13.119350
6123,13.067497
6496,13.011755
6530,12.849852
6574,12.701618
6637,12.338993
6870,11.674016
7171,11.649605
7176,11.624435
7260,11.350850
7275,11.234990
7404,11.190768
7431,10.780358
7500,10.594406
7503,10.552623
7678,10.177082
7817,9.901063
8180,9.755043
8286,9.743227
8332,9.441324
8503,9.428867
8752,9.422988
8774,9.102730
8785,8.904213
8914,8.729744
9404,8.101354
9973,8.069924
9998,7.379472
10478,7.244155
10552,7.074044
10872,7.054174
10900,7.041548
10939,7.015504
10972,6.916943
11120,6.915789
11127,6.829215
11181,6.708178
11218,6.564790
11295,6.528414
11427,6.507632
11641,6.493579
11677,6.483950
11692,6.365023
11898,6.155195
12200,6.038336
12238,5.984049
12390,5.842397
12645,5.838281
12673,5.762946
12859,5.753583
12952,5.656125
13067,5.619481
13096,5.447868
13355,5.351956
13376,5.350430
13515,5.348711
13549,5.260072
13585,5.208212
13640,5.072088
13951,5.071584
14054,5.069584
14081,5.056097
14087,5.023148
14090,5.006122
14121,4.947790
14382,4.871558
14517,4.851243
14652,4.704067
14801,4.591690
