Evaluations,Fitness
1,254065.478810
2,182438.475575
4,177014.868672
11,169987.551669
17,166731.212049
29,157676.917365
88,83597.330742
936,78111.695770
1087,67707.618101
1432,63284.933468
1474,60014.682394
1629,47113.906147
1895,40451.090079
2130,38449.430148
2543,34778.942320
2737,23033.953272
2795,21983.629616
2922,19813.776532
3182,16851.454593
3643,16693.076521
3679,15527.255024
3847,14547.247748
3958,12801.551814
4081,12568.374459
4309,12364.261831
4419,12238.129869
4456,11161.121008
4529,10481.219481
4772,9673.283632
4778,9158.378476
4927,8849.621649
5359,8683.206444
5376,8132.287582
5384,7405.007766
5388,7339.007713
5572,6443.232927
5915,6299.811661
5965,5757.040947
6081,4302.162924
6432,4213.326308
6556,4161.394250
6586,4125.823643
6782,3908.354047
6794,3900.373263
6804,3853.281248
6863,3389.490632
6879,3094.948313
7131,2967.857275
7169,2859.220777
7296,2609.562785
7691,2460.674669
7696,2440.668714
7707,2402.789264
7873,2030.782590
7900,1904.630582
8010,1819.857030
8368,1705.133716
8564,1657.573168
8810,1634.640739
8971,1533.298725
9041,1403.697938
9245,1301.791759
9496,1213.867207
9641,1193.518136
9679,1096.219629
9997,1043.339556
10073,1003.194127
10144,1000.231619
10249,996.668468
10266,938.973230
10293,872.126918
10335,836.423731
10383,806.092785
10526,793.151360
10644,785.761974
10685,762.266198
10727,701.064093
10868,680.774420
10978,608.318687
11309,596.209154
11412,546.390107
11485,535.180750
11653,523.563034
11665,496.234957
11939,438.619483
12276,422.363600
12409,412.032615
12419,404.396457
12613,373.239830
12692,360.903209
12794,342.247647
12959,311.086668
13242,303.000460
13344,297.562177
13465,279.800266
13515,268.941604
13521,267.672339
13650,246.962720
13743,238.022558
13894,229.039776
13936,205.629899
13961,201.084876
14177,177.818917
14239,174.874850
14253,169.147771
14351,158.976665
14433,156.876989
14463,152.704304
14583,149.947672
14618,149.574273
14693,140.650770
14921,135.250668
