Evaluations,Fitness
1,27261334278.187317
2,35187136.378639
3,18355494.099014
5,11432454.908782
21,73189.034615
61,886.252703
138,600.000000
148,354.373030
230,239.680749
290,98.382684
391,92.416218
458,92.360908
467,88.100913
485,84.227649
854,84.113611
926,84.087922
932,84.085133
1003,84.064123
1085,84.027523
1089,84.001321
1157,84.000428
1298,84.000319
1384,84.000319
1446,84.000019
1586,84.000012
1681,84.000011
1781,84.000008
1796,84.000002
1924,84.000001
1960,84.000001
1993,84.000000
1994,84.000000
2070,84.000000
2075,84.000000
2265,84.000000
2292,84.000000
2483,84.000000
2503,84.000000
2520,84.000000
2631,84.000000
2687,84.000000
2777,84.000000
2799,84.000000
2945,84.000000
2954,84.000000
3214,84.000000
3372,84.000000
3563,84.000000
3629,84.000000
3795,84.000000
3962,84.000000
4203,84.000000
7131,84.000000
