Evaluations,Fitness
1,1131.500343
2,1112.813922
3,1101.084514
5,904.141256
227,853.686293
420,843.771866
575,826.685777
688,766.474041
1535,762.881043
1613,751.185573
1916,749.669939
2002,734.059981
2124,693.114616
2269,664.917642
2974,602.826359
5938,564.898674
9569,543.447201
11533,535.867019
11552,531.917628
13562,453.530485
