Evaluations,Fitness
1,6472055.984230
3,1960530.346252
5,1246773.153845
8,566196.544531
158,554051.490890
201,485666.604352
235,411432.684747
486,384729.198378
938,361382.542173
1086,300813.917665
1568,249368.820129
3164,224760.744001
3604,220720.677011
3919,204603.813168
4012,184116.424577
4976,168564.630642
5165,144220.875407
5789,136457.362661
6567,134462.113710
6875,121998.369654
7119,114257.934500
7775,110462.774665
9790,95637.893874
11960,90640.443063
12190,85819.061424
12635,69625.664151
14303,60145.360854
