Evaluations,Fitness
1,1986.928188
3,1651.636485
6,1624.831171
7,1447.252670
41,1368.933301
166,1149.810626
381,787.690418
891,734.308007
1068,654.657265
1169,633.314695
1331,625.232565
1429,554.335756
1589,531.946020
1726,516.203599
1799,514.973272
1836,397.192814
1945,362.621764
2479,338.798231
2596,338.395074
2598,322.665886
2674,314.933094
2688,308.306840
2703,299.839627
2876,297.837817
2903,296.816195
2934,292.668887
3099,288.145575
3157,276.616353
3276,270.063749
3286,263.920241
3291,261.017696
3480,254.835768
3491,244.799335
3713,230.670717
3858,222.713268
3863,196.886217
3942,190.941029
4142,189.805261
4294,185.262810
4318,179.290278
4435,147.957473
4629,142.066231
4757,136.364571
4808,129.845305
5012,127.689970
5039,121.916892
5177,115.521798
5406,112.488196
5616,96.354717
5879,96.155724
5912,93.427231
5925,92.783937
5953,90.195559
5980,83.600637
6195,81.427457
6251,76.722845
6471,76.446172
6630,75.507653
6659,67.873230
6922,67.197259
7016,66.929059
7022,61.948513
7039,59.603892
7081,56.490566
7156,55.195976
7269,52.109036
7382,50.195419
7619,44.621452
7628,42.800743
7957,41.090660
7981,38.999995
8101,38.410856
8271,37.980191
8315,34.999595
8457,34.519941
8460,33.158244
8463,33.042866
8902,31.676986
8921,29.742159
8993,27.957230
9162,26.715298
9263,26.287353
9391,24.424266
9600,23.802811
9631,23.379242
9634,22.955596
9636,22.043355
9797,21.624783
9830,21.180977
9835,20.658997
10033,20.298099
10128,18.207060
10194,18.052967
10300,17.208116
10410,16.857737
10542,16.537713
10616,15.437109
10660,15.418246
10725,14.988164
10746,14.504278
10921,14.239103
10923,13.390376
11109,13.150740
11133,12.469824
11279,12.168992
11523,11.544375
11686,10.269898
11833,10.101408
11860,9.962361
11945,9.552735
11947,9.122629
12112,8.991974
12146,8.693360
12153,7.618818
12404,7.583373
12450,7.408058
12647,6.992992
12648,6.951282
12704,6.936053
12905,6.762910
13037,6.723445
13072,6.367391
13080,5.843246
13218,5.808498
13268,5.183250
13758,5.031668
13865,5.029245
13992,4.938136
14053,4.793456
14240,4.775108
14326,4.749458
14412,4.741244
14457,4.664608
14468,4.653692
14548,4.543776
14596,4.509463
14636,4.435337
14888,4.343029
14896,4.326694
14899,4.237186
14914,4.165429
14976,3.995629
14986,3.914082
