Evaluations,Fitness
1,1080.885866
3,991.507745
9,960.116860
16,901.017008
104,898.345772
233,895.109668
253,840.086248
416,789.353301
633,772.162226
733,707.112923
1074,698.677930
2061,686.758560
2643,676.068489
2701,656.027102
4010,644.967741
4356,630.256922
4378,619.504391
4516,590.557386
5058,570.161677
7254,541.899886
11225,540.916382
14347,504.055637
