Evaluations,Fitness
1,3606.021801
2,2315.116928
9,2302.914836
50,2284.331989
125,2115.110062
138,2103.628354
189,1952.153725
409,1887.887339
419,1826.150490
438,1786.458876
474,1635.955964
558,1317.914022
699,1240.623846
772,1011.809763
1244,895.260039
1527,886.475390
1623,871.277701
1660,839.258307
1719,731.437253
1848,706.185592
1913,641.775086
2086,587.533715
2223,556.143253
2277,483.979247
2655,458.189154
2704,438.406401
2826,393.942447
2957,367.084353
3034,356.798250
3121,353.632541
3220,350.837478
3253,338.904184
3448,308.648174
3454,307.364130
3493,296.051624
3692,295.647999
3695,290.379845
3769,258.914719
4042,253.384673
4061,248.323622
4071,247.281787
4076,223.494858
4092,209.826497
4220,205.626479
4265,203.201251
4345,185.489016
4492,174.017729
4662,173.700058
4681,165.351029
4903,161.582762
4926,159.623226
4937,151.995801
5060,140.715699
5255,117.514264
5501,97.213111
5601,92.166177
6074,91.068736
6084,84.486771
6133,83.892400
6295,78.017517
6409,68.100083
6691,66.182653
6925,58.146360
6951,56.398805
6994,56.210709
7114,51.159774
7433,45.785566
7551,45.489591
7675,43.511914
7757,41.718075
7785,37.142781
7963,36.965498
8187,29.766883
8394,28.061925
8575,27.219722
8603,26.584352
8652,26.535815
8701,26.101705
8759,24.151437
8835,23.932879
8958,21.781233
9135,21.445782
9367,21.382129
9389,20.831635
9495,20.370230
9496,20.284779
9500,19.546080
9540,19.396943
9546,17.172266
10009,14.910491
10282,14.442450
10426,14.181394
10542,13.777503
10619,12.670264
10656,12.471387
10758,11.838049
10941,10.840722
10990,10.529263
11293,10.421485
11306,9.957009
11307,8.561319
11829,8.154450
11980,7.856160
12120,7.497799
12366,7.194815
12425,7.009104
12546,6.980871
12618,6.668909
12788,6.357927
12808,6.096224
12874,6.058352
12993,6.043794
13036,5.902452
13048,5.535672
13200,5.508999
13352,5.401447
13377,4.896915
13421,4.721774
13693,4.592750
13721,4.403173
13868,4.382988
14021,4.352597
14027,4.307785
14042,4.086220
14266,3.959783
14333,3.765773
14468,3.617917
14622,3.532501
14641,3.477364
14696,3.446918
14801,3.175988
14989,2.935947
