Evaluations,Fitness
1,219489.582486
4,215017.259338
5,163214.887972
6,148833.263029
38,148656.228423
137,147477.449714
212,131566.604388
256,111992.060843
337,104745.291193
592,91394.848892
870,81678.442857
1011,78862.994342
1113,71823.126762
1521,62414.490549
1566,59933.791001
1585,59817.140139
1657,56010.501724
1735,47933.481844
1933,42399.105821
2233,37830.040487
2401,37605.670008
2487,37266.988563
2525,29459.898067
2981,18712.829871
3490,17049.440432
3755,16957.967615
3898,15650.333729
4013,15432.157132
4059,14784.803741
4167,14782.782067
4188,14607.935229
4217,14217.628334
4244,13899.352899
4478,12722.866623
4575,12609.810922
4629,11813.284627
4830,11631.086907
4937,11469.713437
5039,10768.533021
5080,9998.566835
5199,9426.377751
5415,8708.850937
5579,8394.283904
5872,8365.992361
5919,7550.637079
5947,6696.025537
6134,6617.155472
6271,6390.374148
6279,5850.152112
6395,5501.483538
6462,5058.834966
6780,4662.728937
6808,4556.827282
6950,3971.297055
7413,3330.790616
7638,3203.132205
7692,3082.670439
7991,3081.015575
8015,3036.541831
8065,2970.787748
8120,2802.334506
8133,2746.244797
8145,2553.416816
8229,2431.105826
8230,2388.403801
8321,2387.587992
8330,2346.580831
8532,2286.985086
8608,2165.138416
8624,2111.849039
8751,2045.852911
8831,1995.579975
8867,1962.089255
8896,1860.357742
8897,1849.940573
8988,1825.359475
8996,1698.766003
9079,1676.913080
9198,1454.399799
9437,1425.628141
9552,1420.428976
9556,1416.455703
9628,1410.120450
9643,1377.893281
9736,1332.788933
9879,1291.020650
9892,1244.306298
9940,1175.373285
10090,1124.300966
10162,1110.716124
10251,1106.620185
10274,1031.183323
10275,1012.833504
10291,871.676480
10745,820.429283
10839,706.794824
11072,682.986482
11381,633.728579
11501,603.934840
11652,587.702345
11797,533.132805
11873,482.389399
12373,479.469892
12414,457.852216
12428,421.244951
12498,418.157995
12566,394.641464
12586,388.076860
12592,382.193353
12842,362.329947
12876,311.224092
13110,311.038267
13257,302.516179
13348,288.598570
13424,245.929091
13789,245.833745
13908,242.837022
13958,221.300998
14037,197.396788
14077,174.258282
14671,171.593500
14717,165.380310
14802,163.479767
14886,158.410899
14944,152.226513
