Evaluations,Fitness
1,13599484.184412
2,1663549.804363
4,1097011.217647
12,1048953.818712
16,1014388.559903
27,792715.359961
30,711650.065106
40,235737.938916
1107,199820.796708
1236,190589.517655
1344,171806.808821
1702,128304.110618
3103,119513.475186
3568,110224.300301
3573,91000.849873
6866,86878.752736
7336,82508.049118
7466,65936.964236
12417,56527.490389
14527,54408.457065
