Evaluations,Fitness
1,21.130186
10,21.129169
11,21.076971
18,20.852427
127,20.839760
170,20.725851
316,20.540572
389,20.063395
603,19.759598
1163,19.678190
1263,19.649806
1312,19.431930
1506,19.236098
1711,19.151345
1766,18.999801
1881,18.651730
2060,18.635174
2061,18.311778
2153,17.820306
2532,17.095697
2644,17.064477
2656,16.833169
3168,16.308901
3527,16.167688
3651,15.873146
3720,15.410815
3917,14.766348
4013,14.605618
4329,14.238823
4673,14.222208
4716,12.977719
4870,12.798861
4920,12.371858
5386,12.277819
5415,12.167439
5550,12.001776
5736,11.802451
6018,11.566714
6122,11.385617
6176,11.063198
6460,10.997806
6480,10.962492
6514,10.922990
6539,10.778337
6575,10.736998
6669,10.289182
6917,9.982993
6993,9.980618
7162,9.765211
7283,9.169312
7727,9.047985
7901,8.982522
7951,8.966867
7982,8.829058
8182,8.749212
8187,8.745554
8233,8.691546
8368,8.559308
8398,8.458282
8506,8.415921
8541,8.165403
8633,8.139645
8663,8.117681
8855,8.109911
8910,8.107139
8924,8.029697
9078,7.867215
9111,7.825880
9156,7.747677
9280,7.426940
9374,7.291992
9412,7.217217
9501,6.812716
9550,6.591742
10113,6.480698
10283,6.396057
10307,6.202413
10385,6.023250
10487,5.991313
10623,5.891218
10781,5.731961
10983,5.716351
11188,5.657781
11421,5.459647
11497,5.439152
11537,5.376530
11716,5.302282
11730,5.169722
11799,4.819921
12023,4.595242
12230,4.592390
12457,4.582594
12471,4.505148
12797,4.379605
12877,4.265636
13004,4.187386
13160,4.142679
13297,4.051701
13430,3.993787
13658,3.918990
13745,3.879193
13751,3.876199
13839,3.838154
13876,3.828096
13896,3.814122
13947,3.771446
13970,3.745376
14121,3.539147
14480,3.488364
14627,3.438203
14705,3.391278
14893,3.389888
14928,3.182690
