Evaluations,Fitness
1,7334540.523046
2,849889.774118
30,758210.192856
51,613407.711873
323,605714.668740
349,504742.038230
365,404628.995641
795,371793.421341
851,368945.476893
1120,312367.471108
1168,307197.646994
1315,303169.337928
1376,295445.259572
1462,280054.967225
2174,242795.380424
2449,224964.846883
2601,192122.508294
3999,171341.263436
4122,170475.124213
4921,157851.069905
5359,128088.308300
5488,124334.982928
6718,112565.416818
7201,96162.381499
8572,92997.749833
8990,84995.012462
9998,73430.861934
10748,67542.130545
10799,61149.781844
12903,58872.367400
13416,57365.557449
14217,56897.893184
14294,52740.909223
14758,42374.440685
