Evaluations,Fitness
1,1352.529714
10,1265.070913
16,1255.041810
34,1208.215157
35,1178.762336
225,1173.844725
390,1029.952762
669,1002.307538
693,909.826420
800,795.783843
1783,788.816475
1785,767.135555
2075,751.990116
2324,747.135152
2524,718.987684
2720,645.078640
4196,638.792699
4229,632.410740
4278,622.364827
5062,618.246678
8077,561.298126
11448,557.722682
12664,550.257486
14048,542.137928
