Evaluations,Fitness
1,1409.037988
2,1367.546916
5,1293.276721
72,1281.970676
76,1253.118620
185,1248.669515
252,1234.780661
287,1226.813363
355,1201.548749
363,1128.906360
425,1080.528013
570,1053.947214
593,1003.431314
629,961.735394
691,946.058412
789,910.377273
1077,906.480692
1187,903.527024
1293,851.804536
1402,727.423001
2123,690.944906
3113,677.434962
3500,674.344597
3664,608.361324
5596,533.729627
