Evaluations,Fitness
1,330346.175134
2,320437.624010
3,307245.754286
5,269237.932745
16,246702.463244
18,244839.137513
47,239973.207500
308,227140.757887
330,208036.120750
406,174557.743815
473,173209.720758
564,172856.239923
668,160589.532208
695,149688.579165
710,143013.842719
814,136507.111073
937,116522.772244
1088,111657.327839
1223,110839.185799
1280,107807.750386
1361,98948.665086
1453,97304.184894
1510,86401.237275
1519,84533.655462
1738,75402.377929
1832,62409.025649
2087,53485.265680
2322,49612.444017
2357,48175.888875
2440,46189.890736
2557,41478.062523
2622,39814.736055
2688,38163.368984
2790,37418.778833
2818,37270.996231
2825,25100.994549
3370,23412.041928
3731,22796.558324
3765,20122.779159
3897,19755.471495
3898,18474.278572
4087,18421.306867
4245,18250.779286
4265,16966.636988
4391,15605.838116
4671,14379.379940
4732,13547.314954
4922,11228.659499
5120,10483.501877
5242,10139.042569
5283,8341.327499
5807,7499.101973
5808,7239.375109
6027,6455.823647
6083,6226.940309
6426,6136.540613
6437,6053.893382
6491,5949.911828
6528,5438.305976
6588,5431.471435
6633,5018.111741
6832,4004.311914
7124,3951.363016
7182,3632.284301
7691,3488.745770
7765,3389.219810
7810,3015.854959
8036,2975.568334
8056,2872.424078
8181,2609.239510
8316,2502.577693
8340,2457.263131
8392,2151.258620
8504,2137.216727
8638,2010.915843
8768,1984.248388
8886,1758.447659
9161,1706.782225
9240,1681.536490
9248,1545.200130
9294,1406.540725
9679,1397.884741
9759,1387.664203
9836,1358.148536
9864,1300.284818
9919,1287.588852
10048,1237.144611
10069,1090.740916
10456,1076.973353
10500,989.508537
10534,943.854686
11001,935.370669
11092,897.739424
11138,886.541419
11183,796.116977
11239,637.750036
11873,620.305560
11915,585.788105
11972,537.479609
11979,531.159491
12358,459.376653
12698,429.482538
12818,424.904399
12865,406.287253
13222,381.788118
13281,376.139528
13286,360.164318
13328,345.723928
13391,344.441041
13392,339.305654
13414,328.739190
13561,320.662565
13595,308.681070
13643,308.126305
13693,267.666805
14087,239.211767
14364,228.363422
14464,195.688530
14836,191.596915
14888,186.905631
14905,184.450478
