Evaluations,Fitness
1,1588.676941
2,1432.514817
4,1417.480600
17,1363.635070
20,1302.680572
27,1248.752266
130,1189.700028
165,1188.417891
185,1100.097980
252,1095.655971
270,1065.468418
325,1057.994507
334,1038.155398
381,990.469170
388,988.545613
488,975.823352
528,926.118384
645,915.713333
845,900.129282
862,859.523534
1038,783.086474
1498,768.006274
2087,763.409542
2259,763.169828
2266,655.103076
4182,638.472456
4487,605.609102
9663,573.811805
12714,539.130638
