Evaluations,Fitness
1,202869.506244
5,188757.055185
8,171129.797200
12,166405.124765
15,163911.785429
36,154972.261055
107,134505.802773
462,133517.107500
471,103781.245517
608,92992.392059
645,92033.258033
788,81297.533785
970,73379.408020
1177,69617.150329
1429,57083.529480
1511,45872.652399
1907,36305.245666
1937,30826.182243
2632,30396.274247
2651,28082.207902
2931,27787.620032
2933,27572.681097
3017,20147.896715
3494,19577.611423
3734,18114.589069
3747,16990.182377
3822,16802.050769
3865,16137.405918
3967,15108.802656
4196,13641.186492
4388,12481.364293
4555,10888.536767
4859,10208.778210
5030,10042.846856
5043,9012.579613
5049,7046.398304
5677,6415.665521
5793,6286.384028
5803,6284.081722
5951,5922.900008
6009,5867.196967
6096,4922.444480
6209,4791.665508
6227,4278.770923
6692,4067.885428
6977,3988.343477
7032,3915.408221
7077,3686.502764
7323,3508.895464
7430,3205.595767
7477,3151.145440
7563,3083.653607
7619,2867.305236
7735,2489.357270
7939,2421.575313
7986,2420.216014
8187,2246.856947
8400,2243.449291
8427,2116.503975
8573,2071.320912
8684,2019.782966
8748,1937.379925
8828,1827.063005
9017,1813.150098
9025,1790.056095
9041,1727.491131
9111,1712.054576
9165,1693.993371
9181,1568.494137
9219,1484.569716
9543,1452.233284
9638,1240.150986
9750,1230.199599
9909,1164.213197
9987,1145.457982
10054,1108.740685
10198,974.164365
10570,905.071260
10674,865.274251
11016,754.166870
11219,751.799790
11222,743.297772
11276,727.333316
11373,658.071907
11533,649.237221
11649,649.215861
11691,600.956116
11879,596.614366
11894,583.557313
11939,573.672641
12040,566.897384
12121,521.040752
12260,475.895124
12385,468.913177
12523,458.207365
12550,445.720551
12590,438.991227
12847,436.780825
12866,411.761550
12905,402.006600
12946,388.501364
12997,353.397878
13344,336.946602
13669,325.005245
13862,303.196298
13973,299.481051
14067,291.852759
14157,289.635676
14176,264.470306
14346,253.785617
14836,251.650099
14876,242.706681
