Evaluations,Fitness
1,1173.780900
2,1005.447980
3,985.023204
48,926.596338
173,899.171789
335,865.834478
391,856.459689
435,849.290161
457,846.410876
704,805.574470
737,789.336372
789,741.832228
1056,705.833803
1341,682.491530
1568,653.992466
2532,597.821502
2637,575.529014
4972,568.825678
6167,565.722117
6887,532.529500
8599,531.532495
9877,492.160667
