Evaluations,Fitness
1,202145.585926
5,181977.236855
6,166560.132457
17,146171.109314
42,140774.182761
422,138500.654773
424,138262.728029
522,137767.880271
524,125646.892797
703,109627.567060
725,99052.164374
870,97980.308952
878,80874.949530
1068,54776.838910
1449,43818.203125
1700,43528.060205
1903,33780.461523
2245,29464.593927
2746,28845.598431
2776,28138.080532
2936,23960.250224
3092,22912.197905
3181,22659.888882
3324,20105.128865
3357,19750.906373
3370,19239.388410
3560,19196.237218
3567,18940.692289
3571,17894.700580
3683,16485.581245
3688,16327.894937
3857,14272.943974
3905,14108.979804
3940,14017.178453
3986,12834.304197
4087,12413.331690
4251,11633.059740
4340,11534.460326
4376,11507.847744
4410,10480.898619
4478,10452.997476
4615,8995.985335
4696,8355.811878
4856,8164.758277
4871,7874.138601
4896,7546.591119
5164,7078.339648
5288,6675.213871
5440,6296.154032
5687,6202.841330
5728,6128.900866
5834,5518.504274
5966,5268.531800
6184,5247.214578
6287,4343.416584
6437,4337.906512
6523,4212.863337
6553,4137.637698
6577,4055.885494
6674,3871.410292
6686,3828.203230
6774,3750.800006
6778,3563.933678
6794,3288.961854
7006,3237.234876
7325,3144.199957
7398,2996.782290
7457,2982.213173
7484,2966.345530
7601,2641.318047
7627,2575.959636
7797,2523.174883
7953,2150.247525
8036,2038.647070
8193,1781.462276
8365,1779.392768
8377,1683.317193
8389,1606.918964
8737,1574.709565
8834,1271.667385
9358,1257.215230
9371,1222.927326
9474,1198.703070
9550,1145.748306
9570,1133.994140
9679,1112.234883
9795,1095.822426
9808,1070.811204
9868,1070.745718
9954,1062.677079
10007,1052.433321
10057,982.474146
10233,970.647933
10295,914.067946
10345,871.818163
10442,809.346379
10611,789.456137
10858,752.822582
10903,737.945204
11082,697.580569
11179,684.140718
11204,657.277661
11307,622.420270
11360,582.779228
11546,552.359227
11551,515.916124
11751,489.851182
12062,476.289199
12211,465.343357
12384,461.831458
12399,423.848231
12507,420.347094
12615,415.326036
12716,406.942821
12824,405.855708
12837,398.554313
12880,393.310663
12970,366.835613
13045,366.787212
13152,365.393896
13163,332.553394
13210,331.342745
13359,322.603339
13479,300.764146
13668,272.671145
13839,262.729267
14008,245.623527
14328,229.679258
14416,220.792173
14615,217.996243
14651,212.847633
14704,210.904880
14738,209.034616
14770,201.410116
14834,200.863270
14952,191.570707
