Evaluations,Fitness
1,1216.656156
2,1109.284920
7,1046.345770
12,1029.477038
16,990.427856
45,978.404874
53,903.902173
230,899.181243
362,897.480900
366,854.147944
405,719.338226
1999,697.588433
2534,697.054796
2566,669.274393
2632,652.248876
2843,650.081341
3172,639.577349
3524,622.337224
4574,588.252785
5279,571.876901
7675,559.724123
7821,558.927817
8896,549.608764
11183,526.354653
13987,517.528173
