Evaluations,Fitness
1,499.997645
2,499.936894
4,497.551326
7,78.933842
68,34.743427
87,13.330111
101,11.875675
121,9.260826
417,8.852809
570,8.027147
867,7.108202
1063,3.899902
1446,3.084029
1897,1.055479
2183,0.999541
2358,0.998010
2557,0.998004
2847,0.998004
2949,0.998004
3101,0.998004
3143,0.998004
3178,0.998004
3219,0.998004
3394,0.998004
3575,0.998004
3647,0.998004
3658,0.998004
3707,0.998004
3754,0.998004
3967,0.998004
3985,0.998004
4004,0.998004
4061,0.998004
4206,0.998004
4270,0.998004
4364,0.998004
4503,0.998004
4504,0.998004
4989,0.998004
6870,0.998004
