Evaluations,Fitness
1,21.573179
3,21.408242
5,21.262107
70,21.261264
77,21.015430
404,20.900400
499,20.781327
600,20.188771
1167,20.037004
1247,19.767409
1558,19.726746
1722,19.689180
1783,19.570536
1806,19.502778
1836,19.496370
1885,19.379926
1929,19.355407
1957,19.330724
2030,18.998614
2086,18.969386
2105,18.185984
2596,17.945144
2769,17.673399
2930,17.555635
2954,17.508122
2991,17.317539
3121,17.108252
3201,17.066754
3252,16.854211
3279,16.805344
3308,16.665650
3506,16.359716
3635,16.197522
3799,16.108253
3823,15.994724
3874,15.796556
3876,15.660505
3899,15.511349
4005,15.123782
4016,14.774243
4072,14.121148
4267,13.816293
4744,13.812521
4830,13.715647
4874,13.667520
4980,12.770102
5158,12.753864
5222,12.646556
5490,12.409692
5720,11.522921
6169,11.098358
6265,10.908596
6527,10.663033
6563,10.541798
6686,10.515291
6766,10.437658
6813,10.240805
6880,10.160913
6944,10.139955
7077,9.872904
7152,9.771166
7393,9.463269
7612,9.411523
7883,9.400064
7982,9.218711
8103,9.196827
8410,9.177816
8423,8.766848
8649,8.722332
8702,8.602573
8953,8.344615
9491,8.252677
9494,8.114333
9772,7.883832
10048,7.526845
10081,7.498700
10466,7.480407
10501,7.399011
10522,7.244926
10612,7.064676
10769,7.043400
10780,7.039110
10965,6.991252
10988,6.810427
11062,6.482205
11418,6.421393
11542,6.285193
11770,6.217152
11793,6.145199
11872,6.013344
12128,5.942596
12326,5.805127
12572,5.787678
12736,5.510201
12949,5.436245
12968,5.414836
13289,5.372519
13478,5.355337
13517,5.297760
13522,5.207793
13819,5.109767
13953,4.988924
13975,4.933707
14201,4.914942
14231,4.805565
14279,4.745334
14378,4.740507
14576,4.707652
14710,4.645641
14909,4.507579
