Evaluations,Fitness
1,3979.685316
2,2485.933251
3,1900.641639
6,1465.966133
8,34.548761
15,3.481973
53,2.973259
62,-0.845507
329,-0.930196
415,-0.955418
498,-0.964838
623,-0.973296
632,-0.984187
639,-1.021924
709,-1.026785
845,-1.028859
1009,-1.029753
1014,-1.029862
1050,-1.030326
1061,-1.031046
1272,-1.031271
1387,-1.031603
1581,-1.031628
2147,-1.031628
2340,-1.031628
2532,-1.031628
2547,-1.031628
2576,-1.031628
2692,-1.031628
2716,-1.031628
2739,-1.031628
3084,-1.031628
4123,-1.031628
4167,-1.031628
4366,-1.031628
4515,-1.031628
4666,-1.031628
5184,-1.031628
5308,-1.031628
5380,-1.031628
5764,-1.031628
5810,-1.031628
6062,-1.031628
8221,-1.031628
