Evaluations,Fitness
1,-0.000000
3,-0.000011
5,-0.000036
23,-0.153094
41,-0.404477
42,-0.453649
104,-0.750194
122,-1.620555
142,-2.742597
237,-2.870042
308,-3.029703
375,-3.265327
396,-3.364097
423,-3.726078
429,-3.727257
467,-3.820279
642,-3.830066
689,-3.834739
702,-3.848193
788,-3.849683
800,-3.853445
826,-3.856228
827,-3.860502
878,-3.862102
989,-3.862244
1012,-3.862464
1124,-3.862618
1168,-3.862633
1170,-3.862698
1254,-3.862710
1321,-3.862724
1336,-3.862731
1369,-3.862754
1429,-3.862773
1532,-3.862779
1607,-3.862781
1691,-3.862782
1848,-3.862782
1896,-3.862782
2070,-3.862782
2131,-3.862782
2192,-3.862782
2223,-3.862782
2248,-3.862782
2266,-3.862782
2288,-3.862782
2327,-3.862782
2386,-3.862782
2426,-3.862782
2512,-3.862782
2526,-3.862782
2566,-3.862782
2748,-3.862782
2923,-3.862782
2999,-3.862782
3026,-3.862782
3101,-3.862782
3115,-3.862782
3236,-3.862782
3281,-3.862782
3287,-3.862782
3290,-3.862782
3344,-3.862782
3396,-3.862782
3459,-3.862782
3603,-3.862782
3613,-3.862782
3711,-3.862782
3752,-3.862782
3874,-3.862782
3885,-3.862782
4020,-3.862782
4383,-3.862782
7997,-3.862782
