Evaluations,Fitness
1,651884.668903
68,423509.579193
89,395678.328424
256,300759.091256
301,297362.911626
321,289096.120925
589,273470.179972
669,256068.963467
759,218856.696742
843,193000.944422
947,192304.534170
1470,119660.496873
4504,114370.878684
4830,102471.029098
5008,87329.246148
7198,71002.628723
8182,68706.473197
8940,59746.680607
10720,51250.532978
12852,47591.405119
13153,36898.988022
