Evaluations,Fitness
1,1087.883390
3,971.949740
12,912.972888
208,888.868657
265,835.828060
665,817.521113
825,764.151569
1330,755.656220
1615,755.410901
1868,708.415644
2271,681.916499
2551,673.073165
2666,626.596653
3974,606.395588
4474,577.549068
4660,568.187331
5615,565.791234
6484,564.267781
7856,553.917609
8425,550.866128
8865,534.046546
14879,507.864446
