Evaluations,Fitness
1,22572899.184699
3,9386531.229095
7,16583.570216
47,13269.327333
48,370.387529
278,89.855341
457,89.631329
470,86.604690
532,85.000102
657,84.970174
696,84.487634
702,84.391033
753,84.125322
761,84.014857
938,84.005524
1118,84.002842
1149,84.000856
1310,84.000150
1333,84.000126
1395,84.000001
1692,84.000000
1854,84.000000
1965,84.000000
2012,84.000000
2093,84.000000
2163,84.000000
2246,84.000000
2454,84.000000
2465,84.000000
2515,84.000000
2541,84.000000
2698,84.000000
2865,84.000000
2888,84.000000
2977,84.000000
3002,84.000000
3015,84.000000
3202,84.000000
3281,84.000000
3323,84.000000
3341,84.000000
3624,84.000000
4301,84.000000
5458,84.000000
8455,84.000000
10068,84.000000
13093,84.000000
13166,84.000000
