Evaluations,Fitness
1,1171.430413
3,10.708509
18,-0.079666
63,-0.079751
202,-0.172924
219,-0.219284
222,-0.634474
276,-0.868634
306,-0.918053
390,-0.945211
400,-1.003512
417,-1.029135
761,-1.029153
878,-1.031564
1314,-1.031606
1457,-1.031627
1932,-1.031628
1959,-1.031628
2295,-1.031628
2328,-1.031628
2358,-1.031628
2569,-1.031628
2815,-1.031628
2816,-1.031628
2874,-1.031628
2965,-1.031628
2996,-1.031628
3086,-1.031628
3103,-1.031628
3168,-1.031628
3228,-1.031628
3312,-1.031628
3357,-1.031628
3409,-1.031628
3452,-1.031628
3531,-1.031628
3767,-1.031628
3851,-1.031628
4626,-1.031628
