Evaluations,Fitness
1,1196.241061
3,1191.427575
40,1165.278855
76,1128.271525
204,1061.428585
219,1002.021371
441,978.612632
543,864.548474
600,815.985695
1218,815.278613
1280,747.977681
1285,746.286756
1377,682.178761
2331,676.699065
2368,675.238325
2739,622.597480
3215,597.884576
5288,556.060710
7322,552.410923
7604,508.973794
