Evaluations,Fitness
1,304074.867630
5,273058.334175
14,257361.241028
15,244962.493601
24,224920.774857
190,224686.342951
239,211893.725615
261,193707.919815
342,153326.913048
569,138331.153620
598,125294.094923
823,124063.414066
1000,115062.267908
1180,94039.636506
1514,86261.633773
1616,84798.963796
1632,81002.964832
1681,80755.958242
1755,73594.125282
1951,67131.923053
1995,54627.734999
2351,53049.858281
2490,51805.327494
2498,40840.802736
2782,38832.738066
2859,38243.116853
3228,33088.581427
3537,30110.140147
3632,29625.450809
3669,29555.587461
3712,26149.875516
3727,25125.722184
3816,24854.476192
3955,22717.174348
4128,19813.670977
4392,19601.371342
4461,19529.657335
4510,18261.218425
4563,17161.724769
4674,15391.396164
4722,12598.299214
5051,9779.938497
5435,8910.513060
5460,8633.659564
5596,8310.730789
5902,7676.744408
6075,7628.148195
6098,6745.216057
6106,5748.015372
6661,5366.604902
6903,5310.581587
6912,4620.490040
7162,4510.547699
7201,4107.358595
7531,3853.566677
7569,3764.489846
7579,3753.078326
7715,3403.085317
7837,3338.336992
7859,3316.231113
7861,3288.413265
7863,3154.926085
7889,3120.101305
8047,2983.232802
8083,2457.411389
8267,2415.099821
8370,2182.458613
8676,2156.040033
8701,2087.174874
8880,2076.426395
8965,1963.895452
9009,1960.100879
9111,1858.290308
9160,1726.307745
9185,1564.916021
9254,1560.305378
9525,1548.822315
9604,1313.752579
9912,1140.827023
10323,1111.533706
10575,1024.848478
10903,980.166768
10952,936.097508
11149,882.038709
11265,841.610646
11366,777.593197
11538,726.862927
11824,695.709953
11892,670.973910
11975,666.806757
12132,645.151294
12147,625.599274
12216,599.950018
12308,551.855131
12642,528.443496
12652,522.161632
12682,500.329161
12856,487.987203
13172,464.855407
13217,437.383264
13437,386.490195
13801,383.373779
13827,381.004373
13926,372.785068
14092,341.631076
14103,336.101353
14219,326.097561
14333,320.443795
14337,299.842170
14511,272.272415
14739,256.503173
14789,252.258587
14843,249.442523
14936,230.032957
