Evaluations,Fitness
1,298478.764053
5,296452.604669
8,288354.713848
9,273945.053113
20,215887.914285
238,164249.619674
278,150214.244998
673,147833.756885
701,134073.729938
704,130004.546536
796,127275.367646
808,122158.414749
845,114243.222769
998,100094.726837
1078,80851.991514
1376,79598.670528
1405,77389.074459
1427,71805.661894
1631,67723.692893
1677,53425.313036
2087,49363.611034
2216,45190.162310
2483,41617.031798
2519,40684.096507
2805,36154.455128
2806,35022.085631
2884,34571.021348
3104,30827.140239
3221,30433.667151
3303,25377.315451
3561,24966.427969
3756,22933.808413
3966,22633.825514
4003,18982.230969
4280,17848.107379
4556,16602.143960
4590,15906.324109
4652,15698.032095
4704,15315.385219
4792,14395.776927
4880,13264.884485
5014,13052.838051
5050,12972.885161
5200,10436.939358
5624,9480.978660
5754,7869.042777
6200,7226.341096
6276,7083.970737
6327,6777.245938
6457,6669.895359
6597,6222.409222
6808,6085.898204
6835,6029.778962
6861,5332.580200
7136,4934.585331
7269,4902.000797
7274,4794.232801
7319,4079.991648
7673,3928.956322
7783,3782.792954
7964,3533.862175
7979,3359.790766
8037,3239.919507
8313,3093.277826
8394,3005.416173
8429,2960.679434
8467,2827.558798
8504,2557.721470
8570,2480.679560
8739,2457.525819
8746,2438.786288
8899,2389.428819
8943,2262.363474
8976,1997.368210
9000,1962.959212
9110,1941.779428
9195,1875.557068
9430,1803.995466
9679,1719.517472
9700,1717.120528
9711,1642.207206
9799,1624.715651
9986,1614.335650
10027,1507.932490
10100,1476.009586
10198,1454.558897
10297,1398.088341
10598,1333.495467
10660,1147.957000
10796,1039.711604
10912,1020.833523
11177,1018.340897
11181,1014.259356
11220,1004.188845
11238,898.548313
11279,852.103920
11492,832.030335
11537,785.949495
11559,776.184290
11599,772.882285
11766,749.849302
11770,735.093369
11936,651.157776
12252,621.389625
12292,610.778795
12303,592.517761
12366,590.913769
12516,571.812000
12561,540.405503
12597,538.508868
12615,531.393937
12709,528.996496
12759,491.711735
12838,481.869310
12876,457.622913
12890,451.202480
12904,432.133937
13009,424.226163
13033,399.900229
13078,391.362082
13257,360.829942
13300,351.865096
13380,350.076356
13499,343.555340
13546,313.754019
13554,313.057251
13575,301.746935
13608,274.330300
14102,272.249585
14199,261.080701
14241,259.581693
14290,253.558902
14326,239.705739
14354,209.434015
14863,191.023348
