Evaluations,Fitness
1,20.859308
146,20.404512
493,20.257047
649,20.198571
1077,20.076768
1082,20.058116
1141,19.862554
1219,19.345481
1277,19.339909
1487,19.126974
1669,18.424133
1915,18.144176
2023,18.007140
2103,17.748155
2452,16.963249
2506,16.599745
3192,16.223301
3276,16.128025
3282,16.074947
3287,15.942717
3512,15.841213
3557,15.516503
3967,15.221337
4030,15.096468
4053,13.954347
4723,13.783927
4823,13.314981
4834,13.281572
5036,13.240372
5100,13.070569
5325,12.008447
5780,11.975486
6028,11.637387
6061,11.574111
6088,11.439911
6271,11.368099
6322,10.884600
6467,10.877786
6482,10.621219
6698,10.327722
6761,9.854351
6882,9.831293
7063,9.583425
7255,9.365232
7499,9.165833
7670,8.639184
7707,8.554681
7795,7.978617
7920,7.739968
8508,7.642727
8548,7.623013
8797,7.577221
8808,7.572395
8927,7.515489
8970,7.352370
9126,7.345198
9136,7.255873
9200,7.220080
9210,6.951960
9490,6.946829
9502,6.858225
9587,6.791056
9724,6.750424
9728,6.713022
9830,6.618082
9831,6.616102
9863,6.584154
9892,6.506716
9966,6.427471
9967,6.374402
10136,6.166588
10456,6.029670
10636,5.865810
10783,5.760023
10900,5.630991
10906,5.598500
11147,5.546435
11192,5.154590
11612,5.146566
11628,5.136292
11671,5.023530
11793,5.022139
11878,4.712437
12390,4.680400
12405,4.450984
12740,4.410919
12751,4.386530
12792,4.351448
12924,4.343982
12937,4.200290
13001,4.166834
13157,4.081305
13270,4.021933
13302,4.001090
13771,3.865382
14041,3.845715
14056,3.817532
14204,3.797500
14205,3.560497
14587,3.533235
