Evaluations,Fitness
1,499.999182
2,499.942216
3,497.613771
5,492.996225
6,338.840947
24,12.909742
166,6.581049
238,2.986995
730,1.275943
932,0.998149
2217,0.998143
2353,0.998006
2426,0.998004
2521,0.998004
2699,0.998004
2782,0.998004
2801,0.998004
3008,0.998004
3390,0.998004
3480,0.998004
3498,0.998004
3520,0.998004
3561,0.998004
3821,0.998004
3955,0.998004
4131,0.998004
4197,0.998004
4380,0.998004
5581,0.998004
