Evaluations,Fitness
1,1121.645865
2,1045.587966
5,1042.977876
9,1002.144013
11,925.999787
68,860.252910
151,791.814816
621,749.881023
690,716.300288
1249,685.304518
2001,684.966958
2011,662.698394
2546,610.214453
4025,586.950657
4324,580.812156
5637,571.386598
5864,542.809750
8557,541.033254
9112,527.318283
11444,517.323950
12659,508.655549
