Evaluations,Fitness
1,499.776557918278
11,497.9717852636433
13,399.091909988688
53,224.13117107746575
61,104.47709187982792
63,12.41582749459519
226,8.3998676850044
356,8.399078944125339
359,7.4236433288554515
417,1.0119917644727825
618,1.0060258804824427
991,1.0024901073888441
1116,0.9981455477175307
1236,0.9980135979290985
1539,0.9980077484089327
1782,0.9980050855247297
1896,0.9980038622326611
