Evaluations,Fitness
1,724.9933487279391
3,-0.5471911704389154
141,-0.7762980138061583
268,-1.0170476204068473
390,-1.0313445114183886
780,-1.0314251169660222
895,-1.0315666354662223
931,-1.0315803884381194
970,-1.0316153671990476
1388,-1.0316168774807595
1398,-1.0316241123990093
1572,-1.0316269629367008
