Evaluations,Fitness
1,495.7626139506546
13,415.20657102093423
17,46.733081808286585
73,17.54721012560052
186,16.831609441115077
329,3.344758552830391
680,3.0056141265358063
690,1.9921464484236155
824,1.0048719656050928
929,0.9980038453761432
1293,0.9980038422017976
1408,0.9980038420986401
1479,0.9980038397545521
1501,0.9980038392855258
1640,0.9980038387567388
1763,0.9980038387399439
1941,0.9980038386038743
2022,0.9980038378955237
