Evaluations,Fitness
1,(205.02756203045436,)
2,(5.267312801045424,)
37,(2.1676848232549863,)
49,(0.7244127316539025,)
99,(0.456733385605389,)
136,(0.3866873693616979,)
180,(-0.8828671682023107,)
336,(-0.8966129243164461,)
392,(-0.9256988001542477,)
594,(-0.9534937355963231,)
707,(-0.9535021373441083,)
863,(-0.9909254192185861,)
