Evaluations,Fitness
1,25.917142656935575
2,10.072257101918582
5,8.86145599567099
8,5.939420799348705
30,3.399401820418449
38,2.429363444105279
39,0.6695879913202791
940,0.5062800061043458
944,0.4566569439960144
947,0.4313126781479024
1653,0.4054216528672967
1956,0.4003721521679644
