Evaluations,Fitness
1,19466.107651373033
5,19373.27760226131
8,8396.997853625258
11,7164.181841085012
14,1597.4514362067077
20,1567.7330157019485
21,870.7606901429483
26,356.6852920369304
27,152.77140502016843
31,127.0298793276257
32,103.70044955883053
131,48.58366510879381
141,29.856200104331716
637,29.655457513235408
740,15.903283159919216
797,8.890673219554351
846,3.0503675371816716
8045,3.048889679911704
9633,3.0453191124907484
11896,3.0451183800036152
12934,3.011462791602624
