Evaluations,Fitness
1,145.48772915018796
3,134.9371058899656
4,128.43037849650753
5,73.5945057744998
8,12.631348594770856
18,1.0233760190661396
77,0.49246657441574904
546,0.4090726951960484
848,0.40753022957564333
1755,0.406328331748929
4640,0.40142256949571475
