Evaluations,Fitness
1,92445.46588843592
2,46474.727663912294
3,22644.483454728153
8,18456.72703686297
13,9129.897088033542
16,4386.985116616587
19,3284.73991810516
25,2650.7346345362685
29,334.4734593857574
42,47.14035883687119
45,18.478504509235556
237,12.489276910029703
694,9.57071896543861
1229,6.283890568640243
1540,4.386613837293041
2134,3.930315176970652
2843,3.6696752663388383
3037,3.392108091276525
6947,3.3883428136608758
12956,3.2432570963537315
14043,3.0679470301741745
