Evaluations,Fitness
1,21.4001981984615
2,21.213161300482263
44,21.184243268031477
164,21.140226297868313
203,21.127276639292578
251,21.007375871845458
340,20.94023963247568
434,20.802024902748844
531,20.800578894623058
611,20.785235790894813
734,20.732223364312475
928,20.661620242945236
999,20.653802683904832
1022,20.624231939105368
1072,20.59351859648906
1241,20.5144911439271
1725,20.44472521534801
1730,20.325846407843915
1933,20.318432722824387
1986,20.26008731147922
2028,20.130555559614233
2131,20.12295298384954
2321,20.03901162980402
2429,20.015897843224504
2431,20.003642794635855
2604,19.97452473153543
2743,19.97141088618137
2808,19.921735246358953
2914,19.913907063854072
3019,19.901788356973668
3154,19.885264014265925
3233,19.840128894244568
3234,19.760392663060262
3538,19.75986909970582
3856,19.755014943913814
3977,19.739901781790884
3987,19.725132306570707
4167,19.71667099793851
4242,19.715113289385812
4375,19.701392471770482
4658,19.69949476062173
4753,19.681179641339224
4762,19.631328856601588
4845,19.607777563617503
5168,19.603069643530173
5172,19.59050323941541
5222,19.560939781053662
5737,19.529098879888007
5815,19.519968189457465
5943,19.484721591517918
5968,19.394721076461682
6333,19.35031889772956
6433,19.333872771728135
6552,19.307111764369044
6905,19.274717002945213
7149,19.27295759020497
7440,19.27249256869621
7471,19.167767379833084
7778,19.16350885941514
8120,19.129687500407236
8628,19.12025189116166
8718,19.11169240427975
8831,19.096164208079617
8865,19.085944107247766
8972,19.04677693507172
9092,19.042682508812835
9368,19.039681345354186
9371,19.0238984895763
9687,18.984514853362644
9885,18.96868992511799
10061,18.887003226842477
10160,18.865260226024862
10760,18.8189259097495
10855,18.81864544432815
11370,18.780994097834935
11955,18.78014846302151
12070,18.735253800664427
12959,18.732968711384085
13141,18.720532191183036
13244,18.70111941251992
14249,18.595275297410943
14786,18.58266192621285
14984,18.574271125157498
