Evaluations,Fitness
1,39446.782677321105
2,15364.748422595389
7,8271.448888179668
8,7069.055666806889
12,4338.35202969909
19,3440.6829332394723
20,2333.386750312504
22,1950.3193888448338
24,564.9390318548475
25,483.59229107530524
29,408.0118885096684
36,35.615597393116126
49,24.840933510204312
139,14.10598148414069
233,9.326222773760538
339,6.866355557845009
851,4.54131269804042
1432,4.427196833071158
2337,3.054364427153345
6253,3.0517271173595626
10339,3.006052114164705
