Evaluations,Fitness
1,14.598502933553625
5,6.008365969441785
7,2.141696013487641
9,0.48045780308330777
312,0.4675258928858579
3957,0.411436068366303
8335,0.40162965150494934
