Evaluations,Fitness
1,-3.4638683744016703
18,-3.766802392563682
110,-3.7678785941624064
305,-3.841099223575846
428,-3.845159380538897
517,-3.8574860924189847
614,-3.859134986916712
6307,-3.8600741785152524
