Evaluations,Fitness
1,23818.001564921757
7,12971.218336301386
12,3280.3319887780917
21,1240.9997677953386
24,669.1022730680745
25,444.64951771689766
35,46.38215140763612
41,14.573667090330511
440,12.078919317030879
533,7.913424137434051
636,3.0076598705451416
4848,3.0050622889030447
7131,3.0014480951073885
