Evaluations,Fitness
1,1589.743773
2,1369.256167
7,1251.756981
196,1233.407863
200,1209.535378
202,1160.428800
258,1085.266025
333,1001.703903
492,974.554386
520,969.913060
529,888.826036
665,867.372724
750,813.967072
917,803.224753
967,786.743433
986,785.023784
1011,768.735463
1023,709.914112
1050,709.490493
1132,699.432586
1217,678.010350
1225,667.568679
1429,663.985114
1453,658.181929
1503,633.530553
1537,616.598167
1610,579.170154
1788,574.931714
1809,550.232315
1942,544.703082
2016,541.794549
2033,522.715555
2067,514.903627
2182,509.970344
2188,506.864524
2218,501.059439
2226,488.818228
2255,469.677723
2343,450.438737
2473,441.853142
2571,439.755641
2609,408.867003
2662,393.501784
2801,379.312144
2926,357.804412
3043,357.786953
3116,340.797255
3193,311.771225
3674,310.761398
3719,309.181783
3807,307.374058
3810,294.333176
3855,289.936223
3967,288.288284
4234,286.336415
4417,284.514055
4501,282.763724
4583,277.253192
4608,277.124920
4699,262.339978
4851,261.261231
4877,259.322689
4893,255.595605
4933,238.530159
5113,230.011636
5197,212.956256
5708,210.803521
5918,201.559368
6246,188.030339
6392,177.732195
6580,177.237309
6739,169.431619
6859,160.611285
7661,146.292137
7819,138.692086
8798,131.778871
9177,131.724041
9459,128.879974
9533,123.878414
9865,120.693203
10126,117.886622
10724,115.026186
10918,112.743339
11027,103.072611
11376,101.473734
12094,98.719038
13920,98.607844
14633,97.558402
14783,96.383528
14805,94.720980
