"Evaluations","Fitness"
1,8507650.90420475
5,7101313.35098655
9,6688917.54944509
56,6676685.44797918
216,6641903.1358154
291,6581305.36273734
455,6533982.39868635
466,6498943.11235212
626,6366610.97795882
640,5940208.97552381
798,5815626.72862103
801,5630599.44859295
836,5557058.37440138
990,4023517.12075475
1585,4004508.87611718
1770,3638132.49645861
1847,3565547.87307338
2163,3196201.11011524
2404,3164386.62154667
2582,3132938.70839054
2591,2985970.69257972
2762,2947458.4838669
2783,2851821.22675973
2828,2530122.51931716
3157,2504776.82203801
3356,2499502.67318807
3362,2479537.25823528
3401,2393422.54027367
3535,2077580.99914349
4011,1987170.36470214
4149,1914902.67221132
4330,1865532.85952126
4533,1853443.82658297
4577,1801391.62457944
4713,1701466.33294154
4979,1668329.00725845
5104,1658344.07505719
5162,1572211.5424695
5496,1551703.85568429
5522,1468388.56668864
5553,1445598.38986339
5920,1439040.73713804
6081,1432420.48703093
6083,1350533.97198501
6305,1332030.09718553
6320,1291054.07189219
6499,1259475.51587495
6510,1241538.09444276
6675,1194275.29436319
6868,1175070.68978156
6909,1161652.52850583
7083,1151045.5458328
7271,1126859.15531142
7330,1109525.68683066
7524,1068373.67693236
7694,1052314.38684351
7715,1038223.74835254
7865,992933.545285919
8644,972895.248679524
8692,962342.451232009
8918,958255.53664666
9038,954000.977757155
9053,916522.556180673
9260,912684.986532759
9823,904269.411178588
9833,895740.713884247
10052,871447.788375127
10070,863785.872424963
10286,857943.940952142
10624,849481.801902711
10792,849215.602314814
10801,834994.522621389
10993,832498.676411362
11028,818058.977249214
11066,807576.857639837
11379,802596.041464648
11591,799285.223338735
12367,792620.109773008
12610,789881.064823476
12635,783414.731188873
12954,782855.262351486
12985,774143.081573142
13177,770394.368485303
13204,769454.168328835
13293,752323.662189904
13942,720432.539614784
14175,717693.494665253
14330,715392.344677647
14587,711713.099571647
18641,705856.711298373
18847,694737.70752927
19274,692850.289811828
19607,684219.253248181
25168,663168.639766485
25365,662176.05411036
25515,640939.579105359
26110,629449.373412415
