"Evaluations","Fitness"
1,-0.328563000746247
2,-0.824500686206576
6,-3.61410088410076
614,-3.64007488768227
865,-3.66041903013985
985,-3.72101692402934
1070,-3.72579630621695
1181,-3.81879433101319
1285,-3.8314145825169
1979,-3.83580308717897
1987,-3.84783646242083
2214,-3.84878210786724
2441,-3.85367449033169
2564,-3.85408430506367
4440,-3.86167110925633
