Evaluations,Fitness
1,-0.04510166733293545
2,-0.21617591168257874
3,-0.7495206716103155
4,-1.9752518024404255
13,-2.990375093092252
16,-3.4307292623434935
134,-3.5288776102962593
137,-3.8252303014509326
296,-3.829947358023129
320,-3.841170066160005
333,-3.8462127638291976
374,-3.851640579381101
1519,-3.856577573857744
2931,-3.856627000333776
3336,-3.8606100887315677
4064,-3.8606386178829943
8825,-3.8624525632698874
