"Evaluations","Fitness"
1,-0.780916808927442
2,-2.59020043619514
3,-2.64222570134773
10,-3.65644264244056
484,-3.68847992065104
849,-3.70578255229152
1003,-3.78559289145854
1012,-3.78767852659762
1446,-3.81362051553564
1575,-3.84407429454134
3222,-3.84440798609791
3834,-3.84452642816151
4131,-3.85145254197252
4321,-3.85187288724152
5305,-3.85194896127006
8368,-3.85200919908524
9600,-3.85201469701648
11248,-3.85202609061072
12289,-3.86042233686449
