"Evaluations","Fitness"
1,963737.109691009
17,655519.26555863
36,406377.461340823
1405,340831.238393702
1781,322834.121875135
2002,305498.034542757
2360,303371.121915479
2570,274802.282024172
2778,261395.550597392
2832,243507.025779212
3418,235203.231376973
3593,235012.662549149
3930,203542.752817998
4182,201109.714497424
4924,199185.476282662
4951,188307.034075202
5135,163642.09226522
5710,149658.77790534
6166,133572.138041171
7539,119727.294253797
8265,118043.229442474
8886,115915.602202236
8906,112296.777297085
9224,110966.029080388
9441,109254.474058116
10245,108890.308569045
10281,107191.587409812
10399,106974.299732663
10486,104301.187485616
10825,101087.155108271
11223,98488.9410840067
11570,95795.1414579072
11831,95736.0794472007
21050,95611.5307617992
