"Evaluations","Fitness"
1,21.6458013643228
2,21.5598760872926
3,21.5441430317737
4,21.365174811653
11,21.3216341920438
17,21.2246041471349
445,21.1783261683501
481,21.143498882827
625,21.0940055777124
667,21.0539407018695
1018,20.9184720498811
1193,20.8785801763636
1249,20.6088859607668
1575,20.4601075655626
2360,20.3947448714321
2418,20.375097568076
2555,20.2215078521411
2967,20.1641033407011
2991,20.1261016604575
3010,20.1192177702875
3142,20.1184258701926
3174,19.954688927194
3345,19.9363731248145
3575,19.6458305099161
4161,19.5794981848348
4320,19.5698562831992
4338,19.5541979240816
4359,19.2244686469895
4918,19.0558360473905
5186,19.0508206745939
5302,18.977289946149
5361,18.8890789398738
5695,18.8406621895475
5699,18.8160670362993
5721,18.7819964721157
5765,18.7513938747311
5774,18.6882266159565
5781,18.6603439785647
5914,18.6185396255513
5975,18.4998780603837
6143,18.2664095647007
6284,18.2176757036919
6351,18.1476750438971
6679,18.0445514207927
7071,18.0224576068135
7155,17.9355698872422
7293,17.8956509149533
7476,17.6430285565024
7913,17.6269524040892
8262,17.5931473514514
8465,17.5471734707964
8503,17.5013867556185
8507,17.4524077068614
8692,17.4497346191062
8827,17.4154080437342
9025,17.4056876921265
9221,17.299882562678
9457,17.2529436397565
9659,17.1827260533603
9815,17.1813766038709
9835,17.1722984386221
9852,17.1372378766881
10087,17.0934686782806
10421,17.0533137640379
10590,17.0303368988614
11190,17.012259106737
11241,17.0065454743382
11396,16.971642411287
11404,16.9618207883823
11407,16.9506108962804
12219,16.9398343324673
12977,16.936388338273
13549,16.9278574576893
14354,16.9243822610886
