"Evaluations","Fitness"
1,1620051.39487924
15,1509941.74563203
17,734299.21772875
660,695657.622076536
676,639007.977844899
819,488851.269124646
1027,440726.824538637
1051,369012.857480801
2253,356469.946529193
2627,332249.914953907
3151,307639.799894669
3403,270838.514779322
3539,269445.406155453
3775,266129.420025677
4186,259012.93867386
4517,254160.771776252
4757,244222.702492422
4883,218160.590254826
5310,197421.951844584
5718,189785.931325854
5944,183476.702255759
5968,180073.236236004
6501,171800.114461395
6907,161228.509586293
7265,132196.907469545
7543,126705.540497271
8685,119094.426905476
9272,101762.556597971
9490,97700.1233058697
10435,90887.4631552113
10652,87644.8215296971
10786,79425.721958618
12180,79104.3724154838
12784,76686.3079676513
14168,76099.9168171143
