"Evaluations","Fitness"
1,121.73075975354
4,92.6663021086102
6,20.921062529227
10,-0.276085090589177
37,-0.620239357460987
45,-0.882022836668294
874,-0.901859701468436
1985,-0.934810520184982
3022,-0.996972149658787
3350,-1.0276556058219
11608,-1.02849753253767
29277,-1.03059141097055
