Evaluations,Fitness
1,119.82358443184376
9,6.963611095676789
462,2.0589683048651475
8251,1.6159724032619003
11268,1.610371953785906
