"Evaluations","Fitness"
1,2.0065334384347
4,0.709408466725399
11,0.637181629518317
75,0.428256200356751
2801,0.423211656167792
4306,0.412148396032984
8648,0.411482075400526
9872,0.410890138196381
