Evaluations,Fitness
1,11596231.235572
2,10738503.164409
3,7013050.775689
14,6697166.096555
39,5656192.126303
108,4969778.074686
174,4160174.901187
321,4135259.721193
428,3585473.976926
534,3129988.295256
613,2935435.097520
753,2360265.235643
1044,1844012.298824
1247,1658836.801439
1327,1542814.858100
1453,1459502.210716
1651,1428557.935430
1728,1241839.839902
1840,1122672.909248
1904,1103270.807811
2055,1050946.100594
2081,985160.370242
2203,950408.797410
2370,940036.940244
2394,889328.119887
2440,852553.721018
2531,804776.259483
2604,699726.592528
2755,636191.467232
2881,635904.118981
2999,602910.540322
3131,579202.162721
3255,561763.716337
3270,556221.763313
3332,526953.963515
3356,523517.387246
3401,494382.019585
3419,478872.990919
3482,437584.009199
3757,427345.196591
3807,421829.583153
3847,407248.244353
3901,406936.615086
3910,404143.305170
3922,400514.867661
3958,341497.287698
4103,333665.772218
4137,331211.983433
4223,317006.017796
4309,306407.459457
4311,288139.139772
4439,287124.512709
4501,282233.334545
4512,275835.731608
4591,270269.002408
4683,270177.127481
4695,260046.474586
4712,259538.820806
4720,256458.225589
4819,248583.055501
4825,235298.147051
4831,234051.645653
4839,207699.386925
5009,197950.343036
5023,189951.112251
5231,182969.248525
5403,180437.400285
5471,169909.512821
5527,159709.243329
5580,159297.263666
5623,158896.617606
5646,147555.197881
5701,141856.721230
5790,138096.165253
5831,131185.102837
6121,118381.679280
6226,96480.274940
6509,94177.321883
6573,91769.110475
6740,82006.614656
6774,81136.810748
6845,79270.052863
6849,77016.898020
6851,75227.964351
6859,64714.451719
7065,64023.250470
7331,62780.271189
7406,61112.475173
7437,59170.432849
7482,54284.020914
7508,49156.481871
7605,47151.027485
7772,46657.885767
7837,45050.362346
7935,44969.007683
7980,42860.874867
8092,40651.304910
8685,38002.030240
9221,37583.852809
9443,36547.499650
9526,36342.613495
9568,34049.343571
9629,33539.455168
10258,32144.537196
10549,30421.940753
10593,29105.185084
10848,27246.043703
11151,25654.386007
11156,21914.100514
11248,21635.082427
12204,21506.003101
12261,21393.746169
12384,19872.967531
12666,19193.974063
12702,19164.140327
12791,18926.494534
13499,17788.296570
13629,17544.948251
13715,15630.152620
13860,15068.447967
14215,14938.913750
14331,14256.638120
