Evaluations,Fitness
1,499.9993574080604
2,499.99627219185646
3,498.0865611842609
5,459.1068980325361
6,325.77773895571147
78,176.8874549846663
102,70.49258985382872
114,7.463566239379151
216,6.487162083842491
3494,6.4871615746880655
3798,6.150550734811108
4978,5.942552827052577
6259,0.9986885627750912
