"Evaluations","Fitness"
1,411690.514913751
2,341008.101421102
3,324603.405758816
6,319822.645955051
7,318631.030641518
8,310570.100609732
9,288973.08970301
11,263410.938657226
16,237226.530793522
47,227890.719313351
65,227422.811946038
87,225105.042859881
617,218443.879623252
642,214129.650687378
823,184352.522622663
844,129428.105701015
1463,127624.196877953
1970,117984.692626326
2044,111194.46131241
2170,109400.51831221
2578,108561.198912564
2591,103377.632603891
2756,100091.958682997
2955,93203.9299011973
2977,91329.9407740428
3004,88770.4094077259
3188,86561.7228285881
3190,82721.3547356622
3219,75836.9118823965
3364,72072.8049508678
3381,70765.3312298396
3613,70105.6275056645
3815,70074.7804071756
3966,62416.050556946
4129,60194.2205562997
4141,60130.3372737515
4320,59338.0378939889
4358,58180.2984023036
4552,57910.4554716532
4573,56239.0675874777
4575,55250.990497537
4584,55040.4510772376
4709,54692.7191233024
4732,52809.6006152679
4916,51142.9875586001
5109,47669.7569419521
5310,47263.5644056423
5346,43333.0483143357
5745,41942.1103173117
6087,41836.3309654899
6318,38903.4872799491
6526,38268.9760778473
6921,37459.5809059949
7111,36812.6812055426
7134,35980.6536888348
7337,35490.5580676326
7482,35320.4337285671
7508,34582.9485807116
7659,31939.3656716621
8118,31352.77095358
8288,30061.2356403401
8502,29738.372337207
8660,28602.1714338635
9237,26550.9820436793
9825,25620.542812911
10647,25206.1623130423
10785,24713.8540600232
11204,24692.3099205162
11205,24287.5632507367
11433,24168.8043045026
11453,24145.3195832164
11598,23965.3500051945
11771,23580.0382672066
11809,23177.0162757243
13211,23070.8775116062
13362,23050.6608943727
13560,18625.2173485281
15526,17938.304371115
15898,17811.9489897634
15963,17734.0240371331
17465,17732.8177911332
