Evaluations,Fitness
1,1321.269916
5,1265.910477
8,1248.581201
73,1242.432319
85,1238.227520
154,1214.159127
158,1213.652357
203,1157.435761
226,1131.492367
292,1076.269195
429,994.611973
578,980.323350
631,978.402282
674,948.098160
694,943.532757
762,919.384295
766,881.719640
951,865.003310
1029,823.264005
1060,770.279731
1267,722.546361
1360,703.651247
1504,670.362907
1539,646.522142
1613,621.554860
1707,585.794023
1843,585.365968
1880,581.102115
2009,565.037627
2014,564.720810
2015,547.594022
2166,512.930751
2304,510.380970
2368,478.216425
2503,475.722441
2519,474.347189
2609,453.905676
2647,449.317672
2668,447.562036
2749,420.668905
2938,409.826887
3062,404.341953
3064,391.749156
3109,387.192307
3202,319.505952
3616,309.343127
3776,306.109358
3788,294.691060
3840,287.533854
3953,285.696540
3971,266.852323
4326,261.446392
4682,239.588893
4732,238.294675
4771,230.956341
4844,229.533745
4984,213.802888
5234,199.401503
5579,194.992139
5766,191.975694
6043,185.009824
6471,184.698142
6548,178.199438
6613,167.290926
7100,167.237956
7162,165.503547
7175,159.064706
7463,155.428834
7719,151.230401
8187,150.556673
8207,146.500872
8477,142.291881
8793,132.805037
9417,132.583326
9429,130.828105
9592,129.933720
9691,123.331605
9777,120.781713
9907,120.340508
11940,119.045115
12043,118.436432
13023,117.782065
13297,113.766312
14837,111.431837
