"Evaluations","Fitness"
1,2.11618998049092
8,0.606526854108253
446,0.417413142749702
2223,0.409382002909899
4285,0.403235746052648
