"Evaluations","Fitness"
1,2981.8600966539
2,1140.59308290635
3,980.287763788001
5,391.99049031382
15,47.233035235912
36,27.2869576654189
58,21.2690490888978
237,3.85566764230461
4152,3.30946506955176
4979,3.03034365446878
