"Evaluations","Fitness"
1,4.29829223731141
3,0.611970855548372
25,0.0130343416083316
92,-0.822152678274369
420,-0.975364661782936
1397,-0.978007921914892
3407,-0.989681093617074
3540,-0.989728131554877
3616,-1.00140867072619
3748,-1.00775549376598
3970,-1.00936202927783
