"Evaluations","Fitness"
1,3156.68757295042
2,2953.1561555421
4,2393.58210864395
11,2217.01697173921
17,2139.55576210614
23,2104.33241618962
46,2028.03538183762
233,1760.01112504902
409,1596.78004266529
880,1478.45903124015
996,1126.63304908247
1199,1103.24733599676
1664,933.338064441599
1812,884.006467700433
2186,867.492710622819
2365,833.599645165987
2371,739.172600494299
2983,707.117183017402
3150,681.120051515875
3185,654.447676638312
3191,649.890308892455
3343,593.017104543503
3395,590.252862035723
3424,525.316330797093
3822,516.373104549511
3949,467.198163197668
4155,446.800496744399
4365,440.756635998272
4376,440.290721504888
4522,436.827780028339
4527,403.032563222401
4764,400.314831033365
4792,376.6859410963
4925,338.422832931515
5324,337.904191689782
5377,335.946766585628
5531,327.83214562468
5549,317.861897144313
5557,313.217526678404
5768,309.505454556255
5781,283.511381134057
6167,270.774068688281
6555,269.13613755234
6680,252.250406278129
6686,251.758025781943
6889,250.054541790846
7089,248.420132388892
7109,246.408822046699
7111,225.472876699376
7348,221.465141538409
7491,220.330657227873
7493,219.495726810757
7658,217.131357957444
7670,209.993229978404
7857,207.138300446907
7898,200.976566370874
8237,198.452019780065
8256,197.379479106912
8270,194.531199421541
8437,192.282650076703
8483,186.110119333811
8901,176.012454468252
9442,175.93341576979
9459,173.789288202272
9633,170.463110665462
9636,168.164562049811
10049,167.902251256419
10095,159.88025408366
10604,154.871712337311
10837,154.144566523245
10864,154.066840519719
10869,153.441379531603
11245,153.440066836667
11410,150.848134895944
11639,150.3609816926
11821,148.837846859493
12360,148.699082870112
12363,148.151443062906
12401,145.325756858558
12586,145.110579560587
12965,145.109266865651
14000,145.030228167188
