"Evaluations","Fitness"
1,40.2916844369574
8,21.8767806882263
9,-0.0512430117496945
21,-0.258792964976122
230,-0.539214339781493
635,-0.630626731363546
665,-0.741647497436979
1448,-0.758977194485931
2235,-0.930033025384649
2625,-0.96893306840211
2676,-1.02342777577038
8760,-1.02574931078378
14000,-1.02868326397275
