Evaluations,Fitness
1,57.33143689614217
7,32.73262918770777
9,16.893094174966627
14,10.766827095970388
17,3.0456171448522964
35,1.498371170835762
142,0.7936794519700623
266,0.5929592517721805
503,0.4072715887610521
4664,0.39868750451371504
14875,0.3979342571210278
