"Evaluations","Fitness"
1,1591.86617155173
2,1482.07534469143
3,1332.97778564339
12,1200.05512407597
57,942.789377081936
1232,913.33764360082
1395,897.665647976011
1611,871.352239785708
1786,871.144462467558
1807,855.452523403106
1818,848.423065608632
1984,813.581766713474
2198,757.209062331791
2749,722.572319655035
2990,663.197523065739
3750,656.268936987943
3800,627.190586625446
3965,622.340542817819
4159,615.938280608558
4168,596.118400872463
4340,587.125499951143
4408,577.325437193118
4525,565.367624019943
5135,559.794275982102
5145,559.285275948972
5301,553.227446719388
5311,548.639821816139
5316,531.518439983592
5384,525.793027574968
5700,520.130192959094
5735,510.743604546006
5783,502.884103017979
5910,502.643365795661
5975,484.363903629422
6297,472.147334299266
6507,467.68284008419
6512,457.918936958978
6675,445.364198719041
6702,435.053383280138
7143,425.938821883399
7291,414.293494994125
7673,411.031559129208
7688,409.023561124489
7874,407.493677635288
7883,381.790759407125
8436,373.6672469625
8526,373.344646067695
8659,371.586052182072
8696,360.045791255317
8713,353.650479590038
9051,352.718487543438
9059,348.145896980065
9429,340.928555243157
9457,340.576287040132
9689,339.405815715691
9817,336.297903203483
9832,332.704639307435
10253,330.375989525843
10837,325.163807232421
11618,323.38873342766
11658,322.835157450829
11963,322.515475692484
13138,322.106078943937
