"Evaluations","Fitness"
1,961.343192811359
6,11.2045675179692
58,5.26303782711935
2635,4.81653068655859
6570,3.22905127221066
11566,3.21992817534694
12762,3.20823197920304
