"Evaluations","Fitness"
1,0.00200001556852407
2,0.00200000807024796
3,0.00200000321686312
10,0.00200000190488559
55,0.00200000170154204
593,0.00200000120244512
632,0.00200000100516397
815,0.00200000095484674
1016,0.00200000086840805
1051,0.00200000084073137
1422,0.00200000080982797
1657,0.00200000078550703
3980,0.00200000066641684
7000,0.00200000065280716
13150,0.00200000063090897
16006,0.00200000060292531
18557,0.00200000059741638
