Evaluations,Fitness
1,499.9984844384882
2,499.9691522113808
3,499.9497389748149
4,490.62539819258365
7,468.1268346068836
9,136.40306359478834
35,25.993779901616026
91,24.018460415322306
112,23.755351392980554
113,19.594179120870752
217,10.667829875010785
466,9.69119200446425
551,4.1783385660248955
615,3.1755955903363016
1092,2.1404266631934115
2040,1.995415671533974
2966,1.3899888943542988
5434,1.2080453573766512
5447,1.0079369224318055
5833,0.9980618639030652
