"Evaluations","Fitness"
1,1.23617685626616
27,0.3661269632455
57,-0.508027234524809
528,-0.564273701473601
654,-0.990033364760775
2358,-0.993767812280695
3382,-1.00585259371725
3602,-1.01042946373968
4820,-1.01220866702901
10363,-1.03104552510378
