Evaluations,Fitness
1,21.660272
2,21.599820
3,21.396961
9,21.338035
11,21.144812
64,21.122204
207,21.079484
246,21.036033
257,21.026912
311,21.014626
329,20.950390
455,20.836206
472,20.697532
521,20.671003
610,20.662420
689,20.514195
796,20.432578
866,20.290066
980,20.195453
1243,19.970273
1362,19.813408
1407,19.634315
1493,19.609802
1511,19.606919
1544,19.557605
1555,19.067317
1971,18.993481
2023,18.655681
2135,18.639286
2200,18.530015
2235,18.432722
2371,18.394206
2388,18.266252
2404,18.170427
2454,17.825314
2717,17.811511
2806,17.538681
2817,17.362068
2958,17.323268
3006,17.121887
3142,16.845663
3267,16.845024
3268,16.834615
3298,16.831514
3384,16.780812
3388,16.741327
3426,16.565104
3476,16.468270
3555,16.405728
3627,16.349726
3633,16.081194
3652,16.030661
3730,16.027023
3731,15.790113
3802,15.719365
3904,15.657254
3995,15.547298
4041,15.493603
4087,15.403001
4094,14.868428
4220,14.821281
4318,14.806685
4333,14.535913
4373,14.506114
4490,14.474266
4527,14.171659
4601,13.684623
4870,13.644047
5039,13.556436
5169,13.135850
5273,13.124387
5303,13.067267
5359,13.039496
5433,12.660597
5633,12.586973
5688,12.556282
5767,12.482300
5790,12.461200
5803,12.431047
5870,12.368624
5873,12.337798
5893,12.270509
5943,12.240845
5950,11.857009
6170,11.777591
6233,11.570754
6338,11.563584
6361,11.461221
6495,11.396590
6552,11.329803
6630,11.286931
6845,11.262636
6865,11.206303
6901,10.898551
7003,10.801935
7020,10.680696
7120,10.553119
7233,10.491024
7307,10.368500
7321,10.331469
7424,10.122098
7478,10.017535
7535,9.765343
7618,9.705089
7719,9.622493
7822,9.311686
8011,9.290180
8121,9.234416
8263,8.720467
8595,8.592642
8929,8.519952
9098,8.495528
9120,8.266955
9142,8.214780
9174,8.122722
9372,8.059392
9470,7.868813
9669,7.791613
9710,7.747324
9764,7.614639
9977,7.558355
10052,7.520722
10338,7.352368
10597,7.151302
10816,7.051460
10884,6.795861
11071,6.777294
11511,6.773645
11566,6.551748
11738,6.473472
11806,6.399511
12058,6.007280
12705,5.928851
12879,5.881268
13004,5.835884
13255,5.771202
13295,5.767742
13719,5.644197
14167,5.625079
14346,5.599437
14491,5.596414
14510,5.586828
14567,5.468815
14628,5.458102
14650,5.429873
