"Evaluations","Fitness"
1,46.4668464423941
2,25.4806569988008
4,2.17222976569487
6,1.13599390223462
24,0.433924185924491
2412,0.427340283434241
3165,0.419382105143399
3374,0.403236884075206
3547,0.400908688688025
12260,0.399943392316006
13422,0.399346358221889
