Evaluations,Fitness
1,1496.476134
2,1323.816988
15,1305.968143
19,1256.651668
61,1228.917170
67,1077.058056
309,1075.543015
344,1042.578995
361,929.107164
653,883.652151
717,830.619442
1027,828.036587
1051,823.214421
1103,817.283274
1134,802.644321
1159,751.474929
1265,748.928566
1311,745.143504
1314,705.772178
1504,639.779261
1611,624.174739
1728,619.500732
1928,619.289736
2007,604.752113
2068,588.563942
2131,587.213410
2170,564.599795
2190,556.209488
2263,539.756365
2362,537.344711
2363,488.824820
2488,474.396241
2641,472.097470
2765,465.363704
2837,465.132478
2910,446.429355
2928,441.992390
3003,438.437102
3073,432.699146
3121,422.260205
3165,395.208947
3311,391.367946
3340,362.118094
3475,358.643879
3698,338.941632
3929,336.015726
4076,332.608205
4208,307.079009
4346,306.769797
4451,286.956503
4603,281.868414
4623,280.047840
4949,274.937685
5030,253.096375
5327,252.788389
5329,245.135967
5415,240.715493
5911,234.378701
6008,229.605490
6263,228.252563
6337,226.533591
6375,219.455547
6628,219.337789
6666,216.592469
6707,213.939815
6998,194.453048
7315,193.979167
7511,181.562965
8208,179.567697
8977,177.315092
9080,175.448166
9237,174.511798
9443,174.306231
9621,173.237066
9641,171.461919
9703,169.076709
9713,168.088157
10057,165.977395
10185,165.150414
10263,164.430721
10377,164.250510
10402,163.843448
10460,155.912032
10505,154.836586
11010,153.926520
11333,144.149288
12575,143.023185
12681,131.710523
13070,127.915872
13419,124.915595
13518,121.276274
14389,119.216874
14683,118.708901
14995,117.762163
