Evaluations,Fitness
1,254192.869995
6,220767.730356
50,216779.523015
134,212949.278417
149,198062.869760
216,177040.135671
305,152662.739793
396,151356.232409
589,142898.317947
676,136587.630148
731,132399.079933
752,125218.275760
846,122888.371506
848,98475.678318
1037,95929.151632
1130,93134.359289
1144,86571.887970
1222,82932.595128
1373,82664.443751
1418,81591.444761
1453,71945.270818
1554,70060.523333
1636,65812.037333
1751,62095.490082
1792,56095.677094
2051,55989.496638
2063,50209.893218
2162,47695.128178
2338,45672.837214
2409,43834.877230
2471,43517.590261
2536,42015.980672
2634,40415.731684
2640,39980.331149
2664,38130.819989
2683,37896.465910
2742,37645.300630
2783,36480.248551
2885,34568.674360
2927,33610.124058
2957,33055.614352
3112,30934.598738
3260,26333.901224
3418,24694.679095
3524,24562.790512
3642,24052.090114
3718,22679.640021
3802,22634.542813
3849,22630.945099
3866,22349.406278
3905,21074.819153
3921,20991.177724
3987,20435.993038
4171,19255.277596
4227,18692.569144
4280,17924.762172
4346,17787.862349
4377,17750.717257
4455,17323.469575
4520,16728.444010
4622,16697.796471
4625,15954.557947
4703,15103.284438
4720,14792.133569
4809,14313.173388
4872,13657.679958
4920,13517.097986
4964,13064.509178
4997,11552.893473
5125,11310.241926
5235,11147.765263
5316,10734.754839
5348,10532.423598
5352,10269.719614
5420,10044.520183
5503,9179.636572
5534,8956.428092
5626,7860.431882
5903,7848.835476
5961,7787.921355
6000,7593.803748
6127,6879.109556
6304,6515.342883
6313,6112.660720
6410,6045.539563
6544,5968.270482
6576,5892.388769
6606,5791.342633
6610,5467.790158
6687,5291.589298
6730,4927.362747
6960,4430.349874
7036,4362.757905
7174,4360.803142
7183,4285.973317
7185,3961.721490
7295,3956.883532
7423,3881.202048
7441,3868.666375
7556,3799.379957
7604,3770.682148
7612,3754.860837
7621,3690.314297
7679,3666.305649
7729,3162.282393
7923,2577.824168
8230,2295.808334
8513,2223.354454
8748,2011.929279
8876,1978.377774
9009,1657.288450
9680,1558.869520
10125,1485.331398
10343,1437.456827
10446,1402.759263
10462,1215.605603
10641,1122.343506
11103,1050.429175
11162,976.482542
11306,894.716113
11330,802.573809
11610,780.134118
12012,773.679951
12110,771.614259
12168,601.135745
12637,574.153674
13131,554.587949
13148,528.097286
13230,517.029725
13295,516.154296
13675,433.488352
13867,408.622181
14177,374.718095
