"Evaluations","Fitness"
1,9140.01329641046
4,1579.34778695752
6,1536.20683130453
10,331.971106450255
13,136.949808179292
34,9.29755829290138
233,5.58770967874229
6734,5.4345756696134
9189,4.18179325413807
17776,3.11057248676448
22303,3.07965109560246
24374,3.01883312714231
