"Evaluations","Fitness"
1,21.5366454955121
2,21.4903044676791
3,21.4622969176773
9,21.267899927184
10,21.1464215361219
610,21.1355346234066
634,21.0766235923204
640,21.0619083801221
789,21.0538059909156
832,20.9750213147682
1043,20.9597686806183
1079,20.8966012430778
1205,20.8337174753192
1212,20.7528687598681
1464,20.6932016951106
1664,20.4906481562363
1984,20.4733103417002
1987,20.3874848560861
2388,20.3706326123489
2426,20.3412481688401
2428,20.2543169334922
2763,20.2459519718968
2770,20.1519122143978
2798,20.1506618862399
2959,20.0403674618539
3148,19.9141004142547
3359,19.8870347649891
3379,19.7297869799842
3545,19.6426349213659
3616,19.6388908630531
3772,19.6329465423999
3793,19.6133193244717
4011,19.5563447843994
4153,19.5318852220043
4159,19.4961627867761
4189,19.4821863817449
4334,19.4412129494026
4363,19.3078654522136
4528,19.2454670546344
4782,19.2105099673735
4930,19.0741115508816
4968,19.0094521314967
5161,18.8437551511834
5500,18.6326758488055
5889,18.632497430198
5899,18.6179667085635
5919,18.5409997229958
5936,18.3519149468956
6291,18.3116960488766
6365,18.2467772886829
6494,18.1645921528256
6521,18.1321522569994
6698,17.9090240814279
7112,17.8789253533834
7127,17.8080381764509
7332,17.7831445478626
7458,17.6780034241777
7459,17.3911998503487
7743,17.213553671834
7862,17.16115884666
7923,17.0545500078357
8048,16.9698393157261
8290,16.8699140299953
8295,16.828854196712
8437,16.6545016501138
8874,16.6192042471181
9221,16.4358811628427
9302,16.432288411258
9423,16.2302544271514
9500,16.1794437754099
9644,16.05490063316
10044,15.9187201073386
10082,15.8619442748385
10413,15.8281718835855
10451,15.7031750517392
10603,15.5808495592775
10793,15.5396991546375
10990,15.5205348687215
11005,15.4810803715788
11218,15.4727421520643
11415,15.3813960545531
11979,15.3808055108106
11993,15.3709194306081
12031,15.3557849293901
12377,15.3554194775501
12389,15.3200402458124
