Evaluations,Fitness
1,1535.517768
3,1335.069445
11,1214.831236
25,1197.924724
76,1137.489392
126,1106.681092
238,1092.343123
248,1066.603473
251,1006.417105
341,960.382455
526,937.883164
612,929.519541
654,904.800312
684,861.776319
795,861.691279
804,854.193160
885,782.211559
1018,774.661045
1111,768.289171
1166,767.243991
1207,746.021352
1222,728.042836
1303,708.748058
1432,696.761422
1457,675.255545
1606,629.957891
1734,621.566769
1774,608.349879
1851,594.008523
1936,578.599421
2118,571.576325
2153,568.212659
2155,567.653326
2162,567.465945
2188,560.643831
2207,553.296880
2216,506.897360
2365,505.324077
2394,469.326840
2571,455.036795
2722,449.359350
2802,428.648130
2813,415.476893
3105,372.012779
3317,363.510979
3552,362.392402
3645,357.164068
3653,341.050766
3724,336.687886
3774,318.905051
3924,308.956315
4015,290.932350
4144,286.247950
4417,267.444963
4503,257.864852
4946,236.042199
5951,215.929472
6655,215.808696
6695,215.168573
6761,203.564414
7072,200.854210
7224,199.638833
7234,198.080703
7402,196.619439
7408,190.562865
7518,188.385433
7602,186.820237
7711,182.999243
8099,182.920391
8141,180.441173
8338,177.936342
8493,176.322228
8495,174.718130
8596,169.853838
8670,166.677193
9154,166.603393
9231,158.250337
9402,157.468280
9523,144.808155
9771,142.515825
10393,137.510192
10866,126.966751
12715,124.093761
12909,121.050351
12999,118.436711
13404,115.372001
13552,112.328373
14131,108.999367
14378,102.852337
