Evaluations,Fitness
1,497.6606918236451
2,490.3807449319279
6,480.18347896979924
10,294.9679722090531
33,85.71314529067274
85,36.19428056264565
102,35.88730379600772
110,21.138019271917393
113,4.96192950057674
246,2.995957069666674
322,2.072477643286955
3000,2.003605562249102
4030,1.0269045030768937
6040,1.0134839199588739
8770,1.0018632488134427
10627,0.9980044078594269
