"Evaluations","Fitness"
1,2441.74856730499
2,2089.93788665143
3,8.72263027131611
13,5.2043901733894
15,0.455806126228181
87,-0.0293844740159281
214,-0.710217558458631
1316,-0.812707789870787
3168,-0.843985530696406
3384,-0.953914276345826
3536,-0.962919390201648
4726,-0.967490022666914
5919,-0.983875552004386
