Evaluations,Fitness
1,1698.3877280169147
2,1638.1329202638765
3,1213.0512126100878
88,1208.8338366253965
303,1197.2116998233369
514,1196.327722921618
614,1177.583379808002
1003,1170.1460814562304
1199,1152.3191673740728
1514,1135.7274942694196
1614,1110.3763677940665
1714,1089.0601382347922
1814,1073.4945086453977
2014,1062.2296117252565
2114,1058.5948487425394
9599,1020.602929777684
10792,951.7878841931947
10892,942.7950609134311
