Evaluations,Fitness
1,345.56767163645435
2,80.9037486965758
32,49.69031273492244
54,5.703693507806096
160,4.421195889361525
647,4.155464576981598
699,3.8158816920755516
774,3.5300564456205263
960,3.4944006978047204
4121,3.1908013004038094
5199,3.018826365825104
