Evaluations,Fitness
1,33819.82370546136
2,23045.68120930163
3,915.3504319353506
5,251.407966847907
12,200.13994069719672
13,97.99250926063529
19,44.38248821463433
26,17.8204328288947
274,6.723586336632524
2787,5.032109217235794
3048,4.980076200190316
5370,4.739384443477736
5845,4.207049378450098
6352,3.0992820432932504
