Evaluations,Fitness
1,500.0
121,499.9999999999999
667,499.9999999999992
1409,499.9999999999933
3819,499.9999999999877
13139,499.9999999999872
13716,499.9999999966805
