Evaluations,Fitness
1,568.7434219715772
8,174.94996036190085
39,56.867334801496476
42,32.163094778331484
86,12.794634998870263
367,10.459272896698605
434,9.421151839907967
777,5.549228589046952
2044,3.834089317947672
3746,3.0561569631813676
