Evaluations,Fitness
1,500.0
37,499.9999999999961
2178,499.99999999986807
8705,499.9999999998496
