Evaluations,Fitness
1,4.471474037809694
3,3.894187740416359
10,2.894226825181879
48,0.9107700006375961
64,0.7433717882382194
75,0.68435770090157
348,0.65714277772752
557,0.4916394783836875
947,0.450183675107688
1340,0.4324412564591391
6414,0.4201426612812291
8279,0.41472454752317667
