Evaluations,Fitness
1,500.0
2608,499.9999999999999
4763,499.9999999999993
4850,499.9999999999988
6522,499.99999999472806
