Evaluations,Fitness
1,1521.4422096059288
4,1449.5823524783289
5,1407.409208009446
14,1383.653031087091
17,1342.2604899938024
31,1221.4788888728094
384,1218.125304112631
484,1159.9485867458416
5829,1145.066472300503
5929,1143.8998775035388
6874,1135.84034568438
7074,1131.9854728503349
7329,1118.5895666732972
7429,1107.7443081358674
8029,1081.6412233505137
