Evaluations,Fitness
1,513.4717991400505
2,0.4071189932882141
3,0.22728440095338887
24,-0.7494902864874577
65,-1.0141914004665724
628,-1.026701123886261
5562,-1.028217849913123
