Evaluations,Fitness
1,1601.168159006337
2,1351.1493433612773
3,1348.9906977885166
8,1345.3490765421461
12,1319.0607333195321
33,1276.6702906891414
50,1194.7663792208346
154,1133.4359050571893
254,1115.9646369980492
6949,1109.9920412544589
7149,1103.7302040392963
8218,1086.4874217712922
12172,1049.3791492548942
12272,1049.2134176631826
12372,1044.1165932841157
12572,1037.5032980148976
