Evaluations,Fitness
1,500.0
746,499.99999999998676
1087,499.9999978978196
