Evaluations,Fitness
1,10199655.594290357
2,6704606.034364848
133,6680662.626543243
164,6241103.691742439
264,6087534.698304351
840,5826926.354923714
940,5748846.85182721
1231,5732623.315148565
1665,5665239.303361933
3142,5401043.551708618
3295,4991873.089133769
3395,4958226.878160539
3495,4881435.150472101
3595,4855917.358699721
5095,4809129.498823986
