Evaluations,Fitness
1,-0.4391434333555037
2,-0.6592433581724302
4,-1.14028474607593
8,-2.6082172059267936
13,-3.8348042510107674
172,-3.8402288593052356
4829,-3.8531505829701946
