Evaluations,Fitness
1,13.446479289237455
6,0.8673665116919439
9,0.4357096822250448
65,-0.2456811770010241
209,-0.8036942300721883
405,-0.852532407129713
520,-0.902755221636955
1045,-0.9275709048643044
4788,-0.9498919926838849
7840,-1.004290568448196
13364,-1.0265929201067352
