Evaluations,Fitness
1,4470663.074680488
4,703036.352528252
14,514506.8821605956
414,483492.15657719993
731,419878.3624473921
1929,414645.59659121226
2212,413936.46383091726
