Evaluations,Fitness
1,-3.004777792569681
22,-3.4050186839266496
36,-3.580500107602139
58,-3.6749513744529616
160,-3.7103594963180395
237,-3.751494441817221
741,-3.771040452918517
754,-3.8447497928626615
4824,-3.847730238407124
4924,-3.854672402538768
