Evaluations,Fitness
1,-0.4588815163984125
2,-0.5303692017326248
4,-2.3738735530615043
13,-2.792113757576585
42,-3.6201717617340035
710,-3.7318868740795668
1950,-3.7442555781122935
2302,-3.756635723890855
3004,-3.8030984158518613
3303,-3.8538892286796775
11450,-3.8580532417583937
