Evaluations,Fitness
1,294693.4422244311
4,282249.834353326
5,265715.7521422011
13,259425.47038439653
20,235312.91509711134
156,222949.5115270102
256,221040.14078275103
356,216249.94776740257
570,198441.41766651042
970,192075.5887416331
1170,185396.25982196882
1270,180912.00125582024
3081,171905.67927681858
3281,167520.4374101439
