Evaluations,Fitness
1,868965044.6016477
3,839621026.6350939
12,807900142.3067573
31,689060133.6640264
34,633639308.9575732
576,561732558.2647274
1753,560121068.5976932
1833,538377235.2069639
2013,519798758.73488957
3210,511121999.8223159
3256,501167092.01030505
4029,473324626.6005717
4229,454216122.38788
7862,447188100.8766795
13501,351760179.8925058
