Evaluations,Fitness
1,2845.66876647196
3,2680.798371495677
5,2646.631911812531
10,2427.6852191593453
20,2272.8016193839603
21,2142.7573114185925
42,1787.2647796824865
142,1777.8609503254684
4028,1624.0152970871966
5105,1494.7033599093752
