Evaluations,Fitness
1,13125.026008960833
2,500.98630489287245
6,397.40200976880675
29,9.526697910149455
116,5.631153906509707
1606,4.169408145277543
4203,3.7741149524931865
6195,3.3230941074097338
9537,3.135110222421133
12982,3.1170814099577275
