Evaluations,Fitness
1,500.0
1223,499.9999999999998
6081,499.99999999999665
9770,499.99999999742556
