Evaluations,Fitness
1,21.701769348690316
2,21.519922688650933
3,21.33573860301183
11,21.17552263874706
55,21.16646350252801
111,21.16472108127718
155,21.129020568830683
170,21.116090866788213
311,21.093689004226455
491,21.09264786512575
891,21.058271631660297
3244,21.05796256563134
3344,20.91840290554496
3444,20.865351465764306
6504,20.779654079169926
