Evaluations,Fitness
1,338.39852971340093
3,211.01251603550506
7,157.39674459329098
47,41.00156951574476
193,6.215398101110637
688,3.3419102901087694
4544,3.1988718996907357
5346,3.082708274120464
