Evaluations,Fitness
1,21.314125117417174
4,21.271482770494192
8,21.211813595850774
32,21.118392571717
74,20.98949589444929
174,20.934745152909073
4867,20.90648015512241
9990,20.88064235594756
