Evaluations,Fitness
1,8.199840523460285
15,3.334228783335977
16,2.814672447107781
41,0.8491534660256512
238,0.5720763429775513
388,0.50926673219465
596,0.40598316490256003
907,0.4005833259547664
12431,0.40054231666378826
