Evaluations,Fitness
1,444106.89310870063
2,292727.7757926945
7,284988.85787028895
19,260697.3812949176
30,235168.50198340788
41,215510.67706080532
700,194744.15245059822
2467,192261.44789375225
4667,189467.14952239653
9619,187377.5759198597
9819,173133.09252459984
