Evaluations,Fitness
1,10240332.636110527
3,10051413.29276016
4,7597873.303151018
22,5161759.204689429
129,4709032.925724896
229,4687977.162209578
429,4487203.641306354
529,4471737.860411966
13332,4415265.638274995
