Evaluations,Fitness
1,-1.275534106907938
4,-1.591670742524292
12,-2.568984260362335
23,-3.4716851706670293
59,-3.792770409467069
386,-3.807703910918118
486,-3.8391402521108415
885,-3.8531319876682524
5009,-3.854856174544698
