Evaluations,Fitness
1,39.467764113871745
2,2.3216761772687784
20,0.641382030927911
1150,0.5566087246606166
1247,0.4325074721455593
1505,0.4172940614971452
2083,0.3981894501871963
