Evaluations,Fitness
1,1077939760.539517
2,1025222780.3747898
3,906230006.9618798
6,777905680.5255735
12,642095866.7185616
62,626276111.501323
2392,594312026.3787227
2746,592623047.2402004
2840,587189195.1092627
2940,582157244.3656353
2968,501663795.5338428
3068,482992957.8462939
3168,479751575.74331594
5953,455289507.48380643
6153,446474959.2118412
