Evaluations,Fitness
1,913824455.7981552
2,876503701.51575
4,831703003.0419648
7,722680824.7735195
12,643676185.3093075
46,627695861.239504
112,577450160.6427788
412,531848995.9608776
1312,516602546.8984964
1412,491537658.0089503
1512,448603296.671678
1612,416858834.066388
1712,414222250.2748139
