Evaluations,Fitness
1,-2.932127298781617
38,-2.9442719811644213
43,-3.021820920402205
52,-3.340261990733313
98,-3.6872733389115355
121,-3.6878969434261606
243,-3.7219600833308375
298,-3.7292688265753835
586,-3.8110733132554957
686,-3.8363074761326845
786,-3.838100470146949
3103,-3.8552012976316754
4102,-3.8573387111840667
13159,-3.857355060633015
