Evaluations,Fitness
1,422903.23287381144
2,368587.35671141103
3,365081.2097470549
5,310832.4044432635
6,300589.0588178768
7,296407.2846091971
15,218834.16830447185
24,212673.03042868795
124,209054.55050586158
1843,205655.6915266641
2435,192208.25709585444
3215,177813.24881714812
3315,174293.41961112022
3430,164377.56155945733
3530,162627.00760564895
3630,156591.34004050598
