Evaluations,Fitness
1,[5190.8369549]
3,[1009.59433897]
5,[777.16724344]
8,[123.5923767]
16,[3.47690657]
201,[3.17389022]
305,[3.14787976]
431,[3.14689942]
457,[3.12565816]
515,[3.06178795]
602,[3.05807405]
625,[3.03963238]
681,[3.03908646]
710,[3.03629847]
748,[3.02307529]
770,[3.00178419]
838,[3.00027989]
1111,[3.0001064]
1407,[3.00010441]
1422,[3.00010098]
1506,[3.00008577]
1805,[3.00008276]
1887,[3.00008237]
1944,[3.00008091]
2116,[3.00008061]
2202,[3.00008046]
2234,[3.00008034]
2278,[3.00008033]
2432,[3.00008032]
2442,[3.00008025]
2563,[3.00008024]
2616,[3.00008023]
2706,[3.00008022]
2722,[3.00008021]
2765,[3.0000802]
2805,[3.0000802]
2810,[3.00008016]
3164,[3.00008016]
3270,[3.00008016]
3438,[3.00008016]
3501,[3.00008016]
3611,[3.00008016]
3830,[3.00008016]
3901,[3.00008016]
3941,[3.00008016]
4013,[3.00008016]
4019,[3.00008016]
4071,[3.00008016]
4103,[3.00008016]
4113,[3.00008016]
4232,[3.00008016]
4286,[3.00008016]
4306,[3.00008016]
4517,[3.00008016]
4655,[3.00008016]
4792,[3.00008016]
5070,[3.00008016]
5096,[3.00008016]
5112,[3.00008016]
5148,[3.00008016]
5231,[3.00008016]
5326,[3.00008016]
5411,[3.00008016]
5764,[3.00008016]
5822,[3.00008016]
5840,[3.00008016]
5911,[3.00008016]
6127,[3.00008016]
6622,[3.00008016]
6701,[3.00008016]
6760,[3.00008016]
7218,[3.00008016]
7461,[3.00008016]
7669,[3.00008016]
