Evaluations,Fitness
100,1253.430651
200,1211.992205
300,1081.675835
500,993.643159
600,863.933248
700,748.122499
800,732.227216
900,657.375491
1000,502.929864
1200,462.757993
1300,426.501751
1400,376.055285
1500,346.722898
1600,302.559909
1800,274.783072
1900,266.150989
2000,257.494150
2100,226.235723
2200,210.795865
2300,206.198355
2400,204.083192
2500,192.356778
2600,180.836276
2700,167.482541
2800,162.913906
2900,157.937335
3100,148.258160
3300,143.720566
3400,142.018803
3500,136.779080
3600,134.764895
3700,134.704677
3800,132.650953
3900,127.272051
4000,127.086338
4100,124.150544
4200,123.308027
4300,122.446761
4400,121.547525
4500,120.273078
4600,119.522000
4700,116.771103
4800,114.748673
4900,112.144721
5000,109.225130
5100,107.387220
5200,106.037027
5300,105.961723
5400,105.229327
5500,104.923901
5600,104.826886
5700,104.264095
5800,103.856128
5900,103.594768
6000,101.746934
6100,101.540419
6200,100.884328
6300,100.158753
6500,99.590409
6600,97.324010
6900,96.685698
7000,95.384163
7100,94.230262
7200,94.129953
7300,91.721703
7400,91.145115
7500,90.794537
7600,89.482868
7700,86.735595
7800,86.665650
7900,86.331824
8000,82.992744
8200,81.560514
8300,80.971461
8400,80.639961
8600,79.841287
8700,79.532860
8800,78.812640
8900,78.795377
9000,78.396765
9200,77.066204
9300,77.061984
9400,76.772083
9500,75.941650
9600,75.817331
9800,75.730342
10000,75.686852
10100,75.585792
10200,74.410031
10400,74.409712
10500,74.000474
10600,73.372548
10700,72.508970
10800,72.410284
10900,72.035784
11100,71.840201
11200,71.624792
11300,71.558759
11400,71.239650
11500,71.141177
11600,70.837497
11800,70.705120
11900,66.155077
12000,65.847862
12100,65.617671
12200,65.221207
12300,64.058975
12400,64.058975
12500,63.625194
12600,62.807680
12700,62.375393
12800,61.957351
12900,61.862838
13000,61.326611
13100,60.584334
13200,59.906409
13400,59.882471
13500,57.721183
13600,57.202428
13700,56.614897
13800,56.488630
13900,55.899083
14000,55.827934
14100,55.341234
14200,54.818302
14300,54.226002
14400,54.164005
14500,53.804232
14600,53.762589
14700,52.707211
14800,52.671678
14900,49.944019
