Evaluations,Fitness
100,20.817160
200,20.716078
300,20.713344
400,20.637987
500,20.488973
600,20.240429
700,20.034403
800,19.713964
900,19.532930
1000,19.021581
1100,19.012347
1200,18.444840
1400,18.408900
1500,18.127498
1600,17.640977
1700,17.279353
1900,17.083029
2000,16.640489
2100,16.269989
2200,16.176389
2300,16.125774
2400,15.784156
2500,15.515642
2600,15.123208
2800,14.974920
2900,14.657882
3000,14.407031
3100,14.329211
3200,14.065666
3300,13.786894
3400,13.678536
3500,13.411303
3600,13.381121
3700,13.159422
3800,12.982029
3900,12.878130
4000,12.490539
4100,12.415024
4300,12.400930
4400,12.276173
4500,12.184809
4600,12.116007
4700,12.084741
4800,11.985131
4900,11.940491
5000,11.866572
5100,11.817779
5200,11.747111
5300,11.633726
5400,11.624141
5500,11.561432
5600,11.475574
5800,11.395133
5900,11.337095
6100,11.312039
6200,11.298695
6300,11.060689
6400,11.051367
6500,10.878626
6600,10.876020
6700,10.845449
6800,10.757102
7100,10.744463
7200,10.717558
7400,10.697715
7500,10.685499
7600,10.673481
7700,10.655564
7800,10.589121
8100,10.566024
8200,10.550615
8300,10.545552
8400,10.542146
8500,10.537669
8600,10.533305
8700,10.524886
8800,10.523140
8900,10.516715
9000,10.458930
9200,10.450129
9300,10.445865
9400,10.432159
9500,10.382723
9700,10.375159
9800,10.366406
9900,10.343976
10000,10.318411
10100,10.318395
10200,10.285722
10400,10.268239
10500,10.207143
10600,10.180678
10700,10.096690
10800,10.084429
10900,10.080978
11000,10.033050
11100,10.030613
11200,9.963549
11300,9.907124
11400,9.878898
11500,9.824390
11600,9.742882
11700,9.677891
11800,9.637150
11900,9.633280
12000,9.603726
12100,9.594262
12200,9.584490
12300,9.559316
12400,9.558095
12500,9.531374
12600,9.517912
12700,9.483126
12800,8.958723
13100,8.926403
13200,8.872079
13300,8.703602
13500,8.691415
13700,8.688291
13800,8.680369
13900,8.676044
14000,8.668363
14100,8.666568
14200,8.655139
14300,8.624029
14400,8.606083
14500,8.604822
14600,8.601617
14700,8.586885
14900,8.584568
15000,8.560495
