Evaluations,Fitness
1,4286.598535
3,541.889771
4,459.338153
8,131.413734
10,48.263072
61,23.672487
119,18.356923
299,17.354350
309,17.307965
400,17.218276
500,15.005441
504,12.073262
743,12.027170
796,10.819814
861,10.816706
960,10.589972
1013,10.260470
1027,9.698031
1105,9.317056
1138,8.500756
1304,8.498919
1325,8.496294
1332,8.139193
1403,8.110954
1511,6.085392
1555,6.063029
1614,6.022930
1653,5.718571
1697,4.046014
1822,3.949555
1966,3.949543
2033,3.939721
2169,3.939638
2239,3.938666
2271,3.936953
2434,3.923444
2588,3.922307
2594,3.917338
2635,3.917118
2720,3.914653
2732,3.911241
2811,3.910964
2898,3.633501
2912,3.633501
2936,3.627846
3176,3.623509
3222,3.614819
3367,3.612154
3481,3.612041
3517,3.611757
3657,3.611718
3666,3.611716
3720,3.611585
3736,3.611579
3880,3.611406
3912,3.611394
3922,3.213595
4060,3.213349
4105,3.213246
4220,3.212992
4249,3.212829
4285,3.212732
4365,3.212385
4446,3.212370
4522,3.212364
4681,3.212288
4766,3.212287
4827,3.212285
4879,3.024711
4986,3.024430
5083,3.023802
5104,3.023649
5220,3.021937
5443,3.021040
5527,3.020982
5614,3.020936
5628,3.020915
5703,3.020895
5746,3.020878
5762,3.020788
5772,3.020757
5932,3.020744
5965,3.020737
6016,3.020735
6022,3.020667
6175,3.020664
6182,3.001449
6282,3.001113
6369,3.000910
6445,3.000853
6477,3.000816
6551,3.000688
6560,3.000663
6718,3.000654
6792,3.000648
6826,3.000645
6933,3.000645
6974,3.000645
7072,3.000644
7102,3.000643
7148,3.000642
7161,3.000642
7207,3.000642
7282,3.000642
7301,3.000642
7562,3.000642
7648,3.000642
7655,3.000642
7680,3.000642
7728,3.000642
7834,3.000642
8058,3.000642
8062,3.000642
8109,3.000642
8251,3.000642
8368,3.000642
8418,3.000642
8441,3.000642
8536,3.000642
8553,3.000642
8615,3.000642
8793,3.000642
8811,3.000642
8935,3.000642
9131,3.000642
9171,3.000642
9226,3.000642
9312,3.000642
9453,3.000642
9641,3.000642
9811,3.000642
9992,3.000642
10130,3.000642
10138,3.000642
10148,3.000642
10181,3.000642
10235,3.000642
10323,3.000642
14810,3.000194
