Evaluations,Fitness
1,931.939471
3,753.416072
10,431.188281
19,100.165659
48,89.557183
56,74.030780
126,68.935477
134,44.067203
145,39.029239
253,16.998882
291,12.989731
317,3.598859
720,3.578219
949,3.400177
976,3.227819
1103,3.214775
1249,3.210347
1500,3.209242
1525,3.002080
1813,3.001795
1872,3.001419
1969,3.000349
2160,3.000349
2250,3.000334
2331,3.000313
2359,3.000313
2362,3.000311
2377,3.000296
2389,3.000274
2525,3.000274
2594,3.000273
2631,3.000271
2806,3.000271
2822,3.000266
2892,3.000263
2999,3.000262
3024,3.000262
3051,3.000262
3106,3.000261
3122,3.000260
3239,3.000259
3261,3.000259
3278,3.000259
3306,3.000259
3403,3.000258
3421,3.000258
3436,3.000258
3598,3.000258
3601,3.000258
3664,3.000258
3796,3.000258
3806,3.000257
3910,3.000257
3994,3.000257
4023,3.000257
4231,3.000257
4288,3.000257
4323,3.000257
4462,3.000257
4554,3.000257
4582,3.000257
4639,3.000257
4893,3.000257
4920,3.000257
5021,3.000257
5197,3.000257
5204,3.000257
5310,3.000257
5408,3.000257
5511,3.000257
5621,3.000257
5669,3.000257
5844,3.000257
6206,3.000257
6307,3.000257
6369,3.000257
6460,3.000257
6729,3.000257
7006,3.000257
7089,3.000257
7152,3.000257
7492,3.000257
7526,3.000257
7658,3.000257
