Evaluations,Fitness
100,65.751530
200,37.711837
300,30.717073
400,19.468979
500,5.935439
700,5.569260
800,4.005867
900,1.075110
1000,1.000159
1300,0.998040
1400,0.998004
1500,0.998004
1600,0.998004
1700,0.998004
1800,0.998004
2000,0.998004
2100,0.998004
2200,0.998004
2500,0.998004
2600,0.998004
2700,0.998004
2800,0.998004
3000,0.998004
3100,0.998004
3300,0.998004
3500,0.998004
3600,0.998004
3700,0.998004
3800,0.998004
3900,0.998004
4100,0.998004
4200,0.998004
4300,0.998004
4500,0.998004
4600,0.998004
4800,0.998004
4900,0.998004
5000,0.998004
5100,0.998004
8500,0.998004
8600,0.998004
9000,0.998004
9200,0.998004
9400,0.998004
9500,0.998004
9700,0.998004
10000,0.998004
10200,0.998004
