Evaluations,Fitness
100,280244.309785
200,208772.171988
1000,192807.417087
1600,173770.028632
1900,166360.970862
2200,150433.310722
2700,147330.794090
3000,143879.269616
3100,135058.800649
3300,134058.904794
3400,132710.356561
3500,126924.955594
3700,122516.584692
3900,120239.641824
4100,119810.518959
4200,119536.409401
4300,118649.403971
4400,117696.628454
4500,116816.787047
4600,116216.573274
4700,114584.824259
4800,113681.522919
4900,113174.557292
5000,113109.294612
5100,112881.828739
5200,111290.424938
5300,110728.934933
5500,109992.535461
5700,108508.235023
5900,107844.466113
6000,107550.738470
6100,107385.239052
6200,106852.492685
6300,106836.790515
6400,106338.258078
6500,106033.194444
6700,105893.738276
6900,105862.231825
7000,105801.116816
7100,105657.690825
7200,105650.812579
7300,105533.436153
7400,105458.513897
7500,105439.806473
7700,105421.134457
7800,105382.297390
7900,105356.987739
8000,105345.093792
8100,104704.997439
8200,104574.148345
8400,104573.067678
8500,104445.946648
8600,104305.526529
8700,104279.125220
8800,104225.720921
8900,104204.329989
9000,104198.235048
9100,104178.941294
9200,104172.589434
9300,104167.991425
9400,104153.052371
9600,104150.621891
9700,104142.447853
9800,103619.149595
10000,103579.069206
10100,103463.629996
10300,103439.558235
10500,103390.590144
10600,103363.444933
10700,102978.443390
10900,102971.580858
11000,102876.200736
11100,102838.773768
11200,102678.375190
11300,101792.636777
11400,101790.207554
11500,98597.138855
11600,98567.426017
11700,98204.559956
11800,98167.064585
11900,97924.957776
12000,97849.945117
12200,97497.835437
12300,97234.773255
12400,97031.486026
12500,97022.784269
12700,96929.393819
12800,96788.608732
13100,96786.656688
13200,96628.602678
13300,96213.792791
13500,96100.367725
13600,96098.866553
13700,96069.525311
13800,96066.859430
13900,96026.037481
14000,96017.971451
14100,94411.054188
14500,94376.862328
14600,94371.911855
14700,93542.779763
15000,93537.125692
