Evaluations,Fitness
1,-0.538224
2,-1.0409
4,-1.22931
11,-1.23283
13,-3.79874
366,-3.80449
531,-3.82211
575,-3.84308
624,-3.85868
662,-3.85966
721,-3.86236
822,-3.86248
912,-3.8625
935,-3.86268
1133,-3.86268
1306,-3.8627
1367,-3.86271
1427,-3.86278
1545,-3.86278
1800,-3.86278
1842,-3.86278
1938,-3.86278
2077,-3.86278
2081,-3.86278
2138,-3.86278
2150,-3.86278
2227,-3.86278
2478,-3.86278
2536,-3.86278
2820,-3.86278
3021,-3.86278
3165,-3.86278
3325,-3.86278
3408,-3.86278
3615,-3.86278
3971,-3.86278
4023,-3.86278
4064,-3.86278
4196,-3.86278
4201,-3.86278
4324,-3.86278
4421,-3.86278
4488,-3.86278
4613,-3.86278
4657,-3.86278
4676,-3.86278
4958,-3.86278
5057,-3.86278
5131,-3.86278
5222,-3.86278
5247,-3.86278
5274,-3.86278
5455,-3.86278
5464,-3.86278
5554,-3.86278
5630,-3.86278
5651,-3.86278
5667,-3.86278
5705,-3.86278
5720,-3.86278
5722,-3.86278
5857,-3.86278
5957,-3.86278
6050,-3.86278
6113,-3.86278
6213,-3.86278
6220,-3.86278
6319,-3.86278
6409,-3.86278
6642,-3.86278
6917,-3.86278
6937,-3.86278
6957,-3.86278
7014,-3.86278
7113,-3.86278
7126,-3.86278
7171,-3.86278
7414,-3.86278
7417,-3.86278
7443,-3.86278
7603,-3.86278
7721,-3.86278
7876,-3.86278
8008,-3.86278
8099,-3.86278
8181,-3.86278
8261,-3.86278
8400,-3.86278
8427,-3.86278
8431,-3.86278
8661,-3.86278
8784,-3.86278
8804,-3.86278
8976,-3.86278
9016,-3.86278
9032,-3.86278
9035,-3.86278
9186,-3.86278
9251,-3.86278
9347,-3.86278
9423,-3.86278
9726,-3.86278
9912,-3.86278
9916,-3.86278
10050,-3.86278
10262,-3.86278
10429,-3.86278
10464,-3.86278
10492,-3.86278
10631,-3.86278
10910,-3.86278
11035,-3.86278
11247,-3.86278
11323,-3.86278
11621,-3.86278
