Evaluations,Fitness
1,-0.751129
2,-2.875415
5,-3.152563
7,-3.384552
154,-3.384686
279,-3.653182
348,-3.784462
424,-3.789282
535,-3.791527
559,-3.819390
593,-3.829277
633,-3.829299
646,-3.833908
752,-3.856610
849,-3.857005
988,-3.857504
1063,-3.857541
1110,-3.857824
1127,-3.858022
1406,-3.858133
1496,-3.862257
1613,-3.862274
1674,-3.862415
1703,-3.862415
1724,-3.862425
1991,-3.862507
2184,-3.862510
2230,-3.862511
2235,-3.862519
2241,-3.862522
2269,-3.862546
2444,-3.862554
2610,-3.862577
2921,-3.862577
2929,-3.862579
3225,-3.862579
3401,-3.862579
3606,-3.862579
3613,-3.862580
3702,-3.862580
3714,-3.862580
3736,-3.862580
3784,-3.862580
3861,-3.862580
3901,-3.862580
3945,-3.862682
4134,-3.862682
4208,-3.862687
4447,-3.862687
4514,-3.862687
4654,-3.862687
4735,-3.862687
4781,-3.862687
4793,-3.862687
4907,-3.862687
5052,-3.862687
5171,-3.862687
5289,-3.862687
5315,-3.862687
5510,-3.862687
5583,-3.862687
5603,-3.862687
5682,-3.862687
5704,-3.862687
5863,-3.862687
5935,-3.862687
5997,-3.862687
6029,-3.862687
6036,-3.862687
6045,-3.862687
6098,-3.862687
6100,-3.862687
6115,-3.862687
6193,-3.862687
6219,-3.862687
6256,-3.862687
6411,-3.862687
6429,-3.862687
6655,-3.862687
6704,-3.862687
6803,-3.862687
6944,-3.862687
7003,-3.862687
7211,-3.862687
7215,-3.862687
7276,-3.862687
7283,-3.862687
7290,-3.862687
7359,-3.862687
7401,-3.862687
7450,-3.862687
7526,-3.862687
7575,-3.862687
7684,-3.862687
7703,-3.862687
7817,-3.862687
7872,-3.862687
7922,-3.862760
8176,-3.862760
8212,-3.862760
8255,-3.862760
8350,-3.862760
8360,-3.862761
8410,-3.862761
8453,-3.862761
8525,-3.862761
8650,-3.862761
8715,-3.862761
8803,-3.862761
8913,-3.862761
9117,-3.862761
9161,-3.862761
9208,-3.862761
9474,-3.862761
9557,-3.862761
9634,-3.862761
9639,-3.862761
9725,-3.862761
9903,-3.862761
9987,-3.862761
10020,-3.862761
10022,-3.862761
10120,-3.862761
10217,-3.862761
10400,-3.862761
10494,-3.862761
10642,-3.862761
10643,-3.862761
10779,-3.862761
10817,-3.862761
10884,-3.862761
11170,-3.862761
11258,-3.862761
11772,-3.862761
14491,-3.862762
14552,-3.862762
14627,-3.862762
14640,-3.862762
14779,-3.862762
14824,-3.862762
14909,-3.862762
