Evaluations,Fitness
1,132.43161329311377
4,32.4009740373642
5,0.15504185737495835
7,-0.2544721142766171
61,-0.5731186483815508
188,-0.9784387185196917
327,-0.9838016344250886
391,-1.0105294296406582
477,-1.0160195908548855
536,-1.0256906150388156
555,-1.0271268560599804
683,-1.0272708761337164
738,-1.027750464541045
795,-1.0282188129939558
806,-1.0297969469428898
937,-1.0304550976720561
1006,-1.030734101924424
1156,-1.03095228539176
1176,-1.0309621296914253
1232,-1.0311894026253052
1255,-1.0312859157076255
1307,-1.0312869342145459
1399,-1.031306304977662
1421,-1.0316169447386694
1557,-1.0316171405499135
1587,-1.0316188343686012
1698,-1.0316200145812713
1702,-1.0316219431206681
1703,-1.031623952825889
1868,-1.0316262497986546
1950,-1.031627063711795
2091,-1.0316272095689718
2163,-1.0316278462698005
2209,-1.0316279919767324
2237,-1.0316281284247588
2311,-1.0316281363889572
2403,-1.0316281479954654
2449,-1.0316281793761781
2477,-1.0316282643735686
2578,-1.0316282669411376
2604,-1.0316283028184658
2612,-1.0316283159187416
2688,-1.0316283168049636
2896,-1.0316283173183363
2974,-1.0316283175346943
3028,-1.0316283199753977
3104,-1.0316283203975558
3107,-1.0316283204125614
3114,-1.0316283206283252
3151,-1.031628320985716
3152,-1.031628323913418
3212,-1.0316283243093305
3355,-1.0316283243720856
3402,-1.0316283245578721
3404,-1.031628324679568
3451,-1.0316283252146665
3462,-1.031628325429885
3514,-1.0316283256114571
3528,-1.031628325619097
3554,-1.0316283256239989
3562,-1.0316283257787184
3586,-1.0316283258360996
3605,-1.0316283258771966
3733,-1.0316283260122352
4004,-1.0316283260161663
4067,-1.0316283260272407
4104,-1.0316283260303818
4341,-1.0316283260304546
4527,-1.0316283260306158
4587,-1.0316283260307242
4647,-1.0316283260308028
4666,-1.0316283260308312
4677,-1.0316283260308425
4821,-1.0316283260311456
4973,-1.031628326031158
5118,-1.0316283260311663
5185,-1.0316283260311754
5228,-1.0316283260311814
5271,-1.031628326031196
5443,-1.0316283260312
5504,-1.0316283260312065
5663,-1.031628326031207
5775,-1.0316283260312091
5823,-1.0316283260312098
6054,-1.03162832603121
6085,-1.0316283260312107
