Evaluations,Fitness
1,1773.058935
2,1752.034756
3,44.128041
12,0.757140
204,0.188349
216,-0.539028
346,-0.583277
409,-0.599237
550,-0.602472
560,-0.672858
572,-0.958128
600,-1.030576
845,-1.030608
864,-1.030783
887,-1.031045
966,-1.031456
1213,-1.031456
1233,-1.031463
1236,-1.031592
1266,-1.031595
1316,-1.031598
1466,-1.031600
1504,-1.031601
1648,-1.031601
1728,-1.031601
1764,-1.031606
1821,-1.031607
1913,-1.031607
1973,-1.031607
1988,-1.031607
2006,-1.031607
2059,-1.031613
2118,-1.031613
2274,-1.031613
2328,-1.031614
2505,-1.031615
2618,-1.031615
2664,-1.031615
2815,-1.031615
2822,-1.031615
2912,-1.031615
2924,-1.031615
3091,-1.031615
3101,-1.031615
3160,-1.031615
3241,-1.031615
3298,-1.031615
3325,-1.031615
3429,-1.031615
3461,-1.031615
3499,-1.031615
3518,-1.031615
3524,-1.031615
3638,-1.031615
3667,-1.031615
3853,-1.031615
3881,-1.031615
3892,-1.031615
4007,-1.031615
4045,-1.031615
4046,-1.031615
4122,-1.031615
4167,-1.031615
4284,-1.031615
4315,-1.031615
4340,-1.031615
4409,-1.031615
4506,-1.031615
4611,-1.031615
4707,-1.031615
4818,-1.031615
4995,-1.031615
5180,-1.031615
5214,-1.031615
5284,-1.031615
5306,-1.031615
5410,-1.031615
5578,-1.031615
5710,-1.031615
5829,-1.031615
5850,-1.031615
6212,-1.031615
6408,-1.031615
6511,-1.031615
6567,-1.031615
7084,-1.031615
7401,-1.031622
7750,-1.031622
7815,-1.031622
7929,-1.031622
7967,-1.031622
8238,-1.031622
8315,-1.031622
8404,-1.031622
8536,-1.031622
8693,-1.031622
8755,-1.031622
8820,-1.031622
8828,-1.031622
8982,-1.031622
9004,-1.031622
9023,-1.031622
9027,-1.031622
9117,-1.031622
9322,-1.031622
9371,-1.031622
9374,-1.031622
9493,-1.031622
9531,-1.031622
9601,-1.031622
9727,-1.031622
9834,-1.031622
10135,-1.031622
10432,-1.031622
10854,-1.031622
