Evaluations,Fitness
100,4.585257
200,1.046872
500,1.013164
600,1.001226
800,0.998023
900,0.998017
1000,0.998016
1200,0.998011
1300,0.998010
1400,0.998009
1500,0.998005
1700,0.998004
2000,0.998004
2100,0.998004
2400,0.998004
2500,0.998004
2700,0.998004
2800,0.998004
2900,0.998004
3000,0.998004
3200,0.998004
3300,0.998004
3500,0.998004
3700,0.998004
3800,0.998004
3900,0.998004
4100,0.998004
4200,0.998004
4300,0.998004
4400,0.998004
4700,0.998004
4800,0.998004
4900,0.998004
5000,0.998004
5100,0.998004
5200,0.998004
5300,0.998004
5400,0.998004
5700,0.998004
10100,0.998004
10500,0.998004
10700,0.998004
10900,0.998004
11000,0.998004
11700,0.998004
