Evaluations,Fitness
100,20.763172
200,20.599868
400,20.192339
700,19.844750
800,19.727514
900,19.707545
1000,19.452759
1100,18.644146
1200,18.598682
1400,18.444099
1500,18.240264
1600,17.744364
1800,17.641638
1900,17.265290
2000,17.038361
2100,16.784164
2200,16.203276
2400,16.166484
2500,15.886375
2600,15.772141
2700,15.455923
2800,15.245202
2900,15.063356
3000,15.055888
3100,14.980627
3200,14.775604
3300,14.629960
3400,14.474912
3500,14.349370
3600,14.268729
3700,14.166426
3800,14.112928
3900,13.910659
4000,13.890440
4100,13.869032
4200,13.795551
4300,13.695018
4400,13.647405
4500,13.606027
4600,13.553722
4700,13.541839
4800,13.449322
4900,13.441767
5000,13.408112
5100,13.282220
5200,13.239815
5300,13.204787
5400,13.180211
5500,13.040551
5600,13.038488
5700,12.991131
5800,12.973618
5900,12.899890
6000,12.863450
6100,12.839850
6200,12.817500
6300,12.712878
6400,12.697757
6500,12.673282
6600,12.635764
6700,12.552986
6800,12.528040
6900,12.481897
7000,12.423126
7200,12.403141
7300,12.372606
7400,12.291244
7500,12.267694
7600,12.204411
7700,12.125085
7800,12.091836
7900,12.042210
8000,12.011911
8100,11.991884
8200,11.918362
8300,11.911260
8500,11.884959
8600,11.871105
8700,11.842011
8800,11.813760
8900,11.806450
9000,11.804604
9100,11.801641
9200,11.775090
9400,11.763274
9500,11.753625
9600,11.735362
9700,11.687847
9800,11.650938
10000,11.621709
10100,11.588415
10200,11.556093
10300,11.553350
10400,11.552258
10500,11.551429
10600,11.486631
10700,11.428734
10900,11.420411
11000,11.350114
11100,11.343743
11200,11.267370
11400,11.258210
11500,11.155048
11600,11.150903
11700,11.128324
11800,11.106583
12000,11.088924
12100,11.079563
12200,11.063376
12300,11.057687
12400,11.038504
12500,11.029066
12600,11.019109
12700,11.000389
12900,10.954493
13000,10.944947
13100,10.919626
13200,10.871373
13300,10.828228
13400,10.805172
13500,10.724396
13600,10.697140
13700,10.657643
13800,10.578136
13900,10.522588
14000,10.448440
14100,10.437185
14200,10.419715
14400,10.417888
14500,10.410011
14600,10.394148
14700,10.362253
14800,10.335236
14900,10.286431
15000,10.282804
