Evaluations,Fitness
1,349.745128
8,94.484007
13,76.980851
56,20.603070
434,14.167495
695,14.095477
706,14.095279
710,13.964949
737,12.653888
841,5.430586
1097,4.367063
1101,4.335264
1166,4.327221
1253,4.309355
1338,4.291412
1361,3.802768
1367,3.393446
1526,3.389857
1530,3.361239
1614,3.256891
1690,3.218596
1892,3.218484
1902,3.180936
2003,3.096146
2101,3.047255
2233,3.036392
2446,3.015402
2519,3.010771
2842,3.010709
3085,3.010606
3316,3.010604
3330,3.010530
3373,3.010465
3408,3.010465
3447,3.010464
3481,3.000261
3573,3.000257
3609,3.000250
3711,3.000199
3744,3.000199
3786,3.000178
3839,3.000168
3873,3.000166
3881,3.000126
3976,3.000125
4063,3.000125
4103,3.000125
4177,3.000109
4314,3.000109
4355,3.000108
4443,3.000108
4605,3.000108
4737,3.000108
4979,3.000108
5031,3.000108
5259,3.000108
5280,3.000108
5303,3.000108
5338,3.000108
5346,3.000108
5399,3.000108
5459,3.000108
5500,3.000108
5550,3.000108
5581,3.000108
5925,3.000108
6003,3.000108
6044,3.000108
6121,3.000108
6151,3.000108
6186,3.000108
6206,3.000108
6224,3.000108
6322,3.000108
6443,3.000108
6509,3.000108
6620,3.000108
6767,3.000108
6809,3.000108
6869,3.000108
6982,3.000108
7025,3.000108
7314,3.000108
7396,3.000108
7589,3.000108
7618,3.000108
7708,3.000108
7889,3.000108
8025,3.000108
8056,3.000108
8365,3.000108
8506,3.000108
8630,3.000108
8639,3.000108
8986,3.000108
14632,3.000034
14800,3.000034
14858,3.000034
14894,3.000033
14954,3.000033
14987,3.000033
