Evaluations,Fitness
1,1022.349913
6,601.813782
9,213.956757
11,63.865074
29,14.033350
186,4.105550
303,4.092182
506,4.092133
512,3.990709
546,3.897711
615,3.879013
625,3.857914
662,3.837940
708,3.707651
837,3.707630
919,3.141504
1039,3.138127
1208,3.137997
1233,3.132969
1352,3.113981
1383,3.096064
1493,3.095346
1643,3.095330
1670,3.093364
1728,3.091079
1734,3.003355
1763,3.002007
1970,3.001875
2026,3.001493
2047,3.001213
2267,3.001210
2290,3.001146
2303,3.001140
2314,3.000983
2316,3.000837
2448,3.000837
2480,3.000825
2556,3.000806
2593,3.000777
2594,3.000767
2607,3.000759
2769,3.000758
2827,3.000758
2841,3.000758
2905,3.000757
2913,3.000756
3023,3.000754
3025,3.000754
3065,3.000754
3124,3.000754
3179,3.000751
3236,3.000751
3359,3.000751
3437,3.000751
3443,3.000751
3539,3.000751
3596,3.000751
3618,3.000751
3813,3.000750
3816,3.000750
3931,3.000750
3994,3.000750
4043,3.000750
4064,3.000750
4203,3.000750
4222,3.000750
4288,3.000750
4411,3.000750
4436,3.000750
4477,3.000750
4557,3.000750
4720,3.000750
4839,3.000750
4886,3.000750
4903,3.000750
5013,3.000750
5046,3.000750
5127,3.000750
5152,3.000750
5304,3.000750
5340,3.000750
5428,3.000750
5504,3.000750
5571,3.000750
5646,3.000750
5706,3.000750
5711,3.000750
5799,3.000750
5802,3.000750
5810,3.000750
5946,3.000750
6408,3.000750
6423,3.000750
6489,3.000750
7043,3.000750
9505,3.000655
9752,3.000640
9928,3.000616
9946,3.000601
10125,3.000599
10205,3.000599
10341,3.000599
10348,3.000597
10541,3.000597
10708,3.000597
10857,3.000597
10931,3.000597
11258,3.000597
11386,3.000597
11463,3.000597
11651,3.000597
11654,3.000597
11909,3.000597
12145,3.000597
12363,3.000597
12480,3.000597
12509,3.000597
12708,3.000597
12952,3.000597
