Evaluations,Fitness
100,399507.143333
300,394686.091203
400,373311.439564
700,233772.701124
1300,221929.825603
1400,210959.504563
1500,210188.496329
1600,210188.496329
1700,198639.650913
2200,170586.001867
2500,144333.975221
2800,132844.279713
3500,124658.170008
3600,123613.955819
4000,120420.394926
4100,113696.742716
4400,112667.369002
4800,111970.457512
4900,111371.546354
5000,111211.732250
5200,110720.739952
5300,110468.279897
5400,110327.486338
5500,109536.648469
5600,108884.007211
5800,108702.615375
5900,107685.423058
6100,106071.550498
6300,105900.837817
6500,105773.684708
6600,105221.823799
6700,104894.886816
6800,104799.117643
6900,104643.601869
7000,104633.840634
7100,104544.947773
7200,104495.522935
7300,104436.220292
7400,104358.708083
7600,104276.595433
7700,104176.169017
7800,104156.856510
7900,104127.978097
8000,103984.132040
8200,103968.403658
8400,103933.112348
8500,103902.016506
8600,102840.826378
8800,102836.080598
9000,102797.205947
9100,102751.680698
9200,102727.073003
9400,102717.602033
9500,102705.533525
9700,102447.052166
9800,102271.153574
9900,102104.746301
10200,102099.416726
10300,100729.482850
10500,100727.353300
10600,100693.682318
10800,100613.550757
10900,100397.674717
11000,100298.978926
11300,100211.024270
11400,100192.227343
11500,100156.111359
11600,100124.932486
11700,99948.488860
11800,99900.363029
11900,99899.462481
12000,99884.838534
12100,99877.131684
12200,99780.640670
12400,99769.983660
12500,99753.803069
12600,99735.282261
12800,99525.724548
12900,99525.367622
13000,99517.529161
13100,99485.575245
13200,99418.505847
13300,99111.200293
13400,99037.518032
13600,99015.800672
13700,98988.471350
13800,98896.702546
13900,98759.981884
14000,98746.388896
14100,98302.467272
14300,98297.702965
14400,98060.982401
14500,98032.199633
14600,98011.312976
14700,98004.793733
14900,97931.403872
