Evaluations,Fitness
1,801.107105
7,47.776542
14,16.696385
28,0.381901
115,0.245525
151,-0.927548
337,-0.935270
421,-0.967948
556,-0.967967
571,-1.002877
588,-1.024536
615,-1.025532
641,-1.026307
681,-1.027448
892,-1.031469
1139,-1.031470
1204,-1.031471
1261,-1.031478
1323,-1.031478
1351,-1.031495
1436,-1.031502
1452,-1.031506
1631,-1.031512
1666,-1.031512
1765,-1.031515
1927,-1.031515
2099,-1.031515
2240,-1.031515
2256,-1.031515
2275,-1.031516
2461,-1.031516
2501,-1.031516
2627,-1.031516
2693,-1.031516
2720,-1.031516
2782,-1.031516
2799,-1.031516
2861,-1.031516
2918,-1.031516
2983,-1.031516
3085,-1.031516
3337,-1.031516
3409,-1.031516
3504,-1.031516
3702,-1.031516
3869,-1.031516
3948,-1.031516
4206,-1.031516
4310,-1.031516
4391,-1.031516
4406,-1.031516
4419,-1.031516
4550,-1.031516
4715,-1.031516
4913,-1.031516
5044,-1.031516
5186,-1.031516
5228,-1.031516
5401,-1.031516
5496,-1.031516
5628,-1.031516
5794,-1.031516
5928,-1.031516
6667,-1.031516
