Evaluations,Fitness
1,18.699232
7,2.902249
10,1.858110
61,0.688487
103,0.470706
319,0.470706
333,0.440194
531,0.439762
628,0.433563
669,0.431995
678,0.418381
803,0.415460
1001,0.415421
1025,0.415107
1029,0.412643
1038,0.411950
1123,0.411204
1177,0.411002
1206,0.410979
1363,0.410502
1429,0.410467
1583,0.410467
1607,0.410445
1822,0.408098
1921,0.408054
2119,0.408052
2212,0.408035
2233,0.407937
2653,0.407937
2673,0.407936
2728,0.407934
2828,0.407933
2836,0.407930
2924,0.406994
3006,0.406994
3037,0.406994
3071,0.406963
3113,0.406963
3182,0.398820
3299,0.398520
3328,0.398451
3411,0.398441
3419,0.398439
3467,0.398330
3607,0.398319
3703,0.398314
3822,0.398314
4009,0.398314
4010,0.398313
4028,0.398312
4040,0.398311
4262,0.398311
4316,0.398311
4358,0.398311
4405,0.398311
4498,0.398311
4581,0.398311
4716,0.398311
4782,0.398311
4797,0.398311
4799,0.398311
4904,0.398311
4991,0.398311
5001,0.398311
5162,0.398311
5212,0.398311
5327,0.398311
5403,0.398311
5538,0.398311
5574,0.398311
5794,0.397936
5859,0.397933
5945,0.397933
5991,0.397930
6135,0.397930
6295,0.397930
6330,0.397930
6453,0.397929
6491,0.397929
6532,0.397929
6642,0.397929
6853,0.397929
6875,0.397929
6907,0.397929
6985,0.397929
7161,0.397929
7257,0.397929
7347,0.397929
7410,0.397929
7439,0.397905
7533,0.397905
7660,0.397905
7726,0.397905
7928,0.397905
7958,0.397905
8069,0.397905
8137,0.397905
8324,0.397905
8340,0.397905
8392,0.397905
8396,0.397905
8542,0.397905
8606,0.397905
8705,0.397905
8748,0.397905
8812,0.397905
8922,0.397905
8931,0.397905
9024,0.397905
9125,0.397905
9127,0.397905
9349,0.397905
9441,0.397905
9503,0.397905
9507,0.397905
9622,0.397905
9639,0.397905
9695,0.397905
9979,0.397905
10223,0.397905
10434,0.397905
10581,0.397905
12330,0.397905
