Evaluations,Fitness
1,147.62064307931388
2,57.87366091105585
4,4.97844148643422
13,2.6432549506056153
17,1.9501181160140568
46,0.8953048363764928
221,0.893347255863576
250,0.4543536063446414
508,0.4074480823455797
738,0.40738336028691613
785,0.4071862656952483
786,0.40577492797723735
827,0.40554549361058356
911,0.40497710702073775
953,0.401542564893278
960,0.3999400755377618
1133,0.3995163569064033
1207,0.39941608388526184
1365,0.3983726990900216
1422,0.3983653018857005
1430,0.3980641941119796
1697,0.398052748566597
1760,0.39804777548288506
1812,0.3980449311303218
1813,0.39801891687211644
1886,0.39796917583958447
1917,0.39796511214673913
1985,0.39796395795605655
2015,0.3979556515489122
2021,0.39795419891176387
2180,0.3979540220056652
2224,0.39794836165068936
2267,0.39794676597953327
2308,0.39794655716476157
2470,0.39794655508678467
2515,0.39794639608187765
2593,0.39794608318315206
2647,0.39794607728046394
2732,0.397945458129195
2822,0.39794542967316815
3010,0.3979454290335962
3072,0.39794541675488837
3084,0.3979453967712878
3168,0.3979453803484443
3227,0.39794537948692543
3341,0.3979453706167142
3432,0.39794536537894487
3444,0.39794534275533877
3462,0.39794533177338387
3668,0.3979453283971157
3760,0.39794532838774543
3814,0.3979453275977072
3847,0.397945327558622
3872,0.3979453269781228
3926,0.39794532422342854
4091,0.3979453237245174
4145,0.39794532300459906
4440,0.39794532296343377
4529,0.3979453229457359
4638,0.3979453228644001
4718,0.39794532285610273
4911,0.39794532285563555
4920,0.39794532285421447
4990,0.3979453228454375
5011,0.3979453228422116
5096,0.397945322839103
5196,0.39794532283868556
5302,0.39794532283676887
5305,0.39794532283272765
5595,0.397945322832685
5605,0.3979453228326477
5608,0.3979453228326211
5631,0.39794532283247364
5725,0.3979453228323795
5756,0.39794532283203665
5972,0.39794532283202955
6012,0.3979453228319887
6110,0.3979453228319674
6242,0.39794532283196027
6274,0.3979453228319496
6300,0.39794532283194073
6357,0.3979453228319336
6494,0.39794532283193185
6601,0.3979453228319194
6830,0.39794532283191586
6907,0.3979453228319141
7029,0.3979453228319123
