Evaluations,Fitness
100,17.797958
300,5.062540
400,4.546024
600,3.338251
1000,3.091181
1200,3.090148
1300,3.088193
1400,3.005642
1800,3.005133
1900,3.004589
2000,3.004589
2100,3.004582
2200,3.004574
2300,3.004555
2600,3.004552
2800,3.004552
2900,3.004552
3100,3.004552
3200,3.004552
3400,3.004552
3500,3.004552
3600,3.004552
3800,3.004552
4000,3.004552
4100,3.004552
4200,3.004552
4300,3.004552
4400,3.004552
4500,3.004552
4600,3.004552
4800,3.004552
4900,3.004552
5000,3.004552
5200,3.004552
5300,3.004552
5400,3.004552
5500,3.004552
5600,3.004552
5800,3.004552
5900,3.004552
6100,3.004552
6600,3.004552
6800,3.004552
7000,3.004552
7600,3.004552
7800,3.004552
7900,3.004552
8000,3.004552
