Evaluations,Fitness
1,[75.95392005]
2,[3.36703164]
8,[1.08541198]
250,[0.43289947]
502,[0.39820588]
836,[0.39817153]
918,[0.39808157]
1002,[0.39804516]
1016,[0.39802501]
1058,[0.39800991]
1067,[0.39799619]
1173,[0.39799611]
1231,[0.39798029]
1265,[0.39797447]
1315,[0.39796522]
1414,[0.39796494]
1526,[0.39795898]
1716,[0.39795831]
1738,[0.39795604]
1852,[0.39795579]
2010,[0.39795571]
2024,[0.39795565]
2136,[0.3979556]
2202,[0.39795559]
2225,[0.39795559]
2262,[0.39795551]
2312,[0.39795551]
2406,[0.39795551]
2549,[0.3979555]
2628,[0.3979555]
2721,[0.3979555]
2772,[0.3979555]
2906,[0.3979555]
2967,[0.3979555]
3005,[0.3979555]
3093,[0.3979555]
3147,[0.3979555]
3223,[0.3979555]
3290,[0.3979555]
3358,[0.3979555]
3370,[0.3979555]
3424,[0.3979555]
3491,[0.3979555]
3515,[0.3979555]
3520,[0.3979555]
3528,[0.3979555]
3614,[0.3979555]
3701,[0.3979555]
3738,[0.3979555]
3854,[0.3979555]
3981,[0.3979555]
4131,[0.3979555]
4247,[0.3979555]
4252,[0.3979555]
4329,[0.3979555]
4407,[0.3979555]
4446,[0.3979555]
4509,[0.3979555]
4532,[0.3979555]
4581,[0.3979555]
4652,[0.3979555]
4715,[0.3979555]
5098,[0.3979555]
12923,[0.39789887]
13084,[0.39789861]
13176,[0.39789746]
13241,[0.39789742]
13329,[0.39789711]
13403,[0.39789662]
13561,[0.39789662]
13590,[0.39789661]
13618,[0.39789661]
13711,[0.3978966]
13729,[0.39789655]
13750,[0.39789653]
13822,[0.39789653]
13948,[0.39789653]
13986,[0.39789652]
14039,[0.39789652]
14225,[0.39789652]
14318,[0.39789652]
14367,[0.39789652]
14394,[0.39789652]
14470,[0.39789652]
14624,[0.39789652]
14702,[0.39789652]
14705,[0.39789652]
14743,[0.39789652]
14811,[0.39789652]
14958,[0.39789652]
