Evaluations,Fitness
1,92.202585
8,13.690799
186,13.389791
232,10.755356
350,3.938572
408,2.022100
621,2.022089
669,1.998783
723,1.997607
756,1.992133
826,1.992107
920,1.992074
1065,1.992074
1154,1.992073
1201,1.992062
1236,1.992060
1341,1.992051
1388,1.992051
1397,1.992032
1508,1.992032
1544,1.992032
1588,1.992031
1833,1.992031
1892,1.992031
1920,1.992031
1937,1.992031
2036,1.992031
2139,1.992031
2196,1.992031
2266,1.992031
2516,1.992031
2519,1.992031
2607,1.992031
2631,1.992031
2767,1.992031
2772,1.992031
2860,1.992031
2929,1.992031
3107,1.992031
3109,1.992031
3128,1.992031
3179,1.992031
3199,1.992031
3265,1.992031
3303,1.992031
3390,1.992031
3439,1.992031
3503,1.992031
3661,1.992031
3689,1.992031
3788,1.992031
3805,1.992031
3906,1.992031
4043,1.992031
4130,1.992031
4324,1.992031
4407,1.992031
4447,1.992031
4454,1.992031
4712,1.992031
4754,1.992031
4826,1.992031
5118,1.992031
5162,1.992031
5174,1.992031
5933,1.992031
6741,1.992031
7008,1.992031
7079,1.992031
7267,1.992031
7475,1.992031
7613,1.992031
7762,1.992031
7830,1.992031
7918,1.992031
8003,1.992031
8153,1.992031
8155,1.992031
8226,1.992031
8272,1.992031
8412,1.992031
8511,1.992031
8643,1.992031
8712,1.992031
9150,1.992031
9219,1.992031
12816,1.992031
13150,1.992031
13381,1.992031
13441,1.992031
13601,1.992031
13641,1.992031
13814,1.992031
13965,1.992031
14243,1.992031
14709,1.992031
