Evaluations,Fitness
1,3970.11
2,-0.551703
63,-0.999268
414,-0.999292
549,-0.999442
596,-1.00106
629,-1.02182
674,-1.02324
698,-1.02586
767,-1.02598
860,-1.02608
879,-1.02723
1004,-1.02748
1093,-1.0275
1231,-1.02752
1357,-1.02754
1443,-1.02755
1531,-1.02756
1811,-1.03095
2027,-1.03096
2061,-1.03099
2127,-1.0312
2299,-1.03131
2518,-1.03131
2655,-1.03131
2779,-1.03131
2865,-1.03132
3169,-1.03132
3324,-1.03132
3343,-1.03132
3436,-1.03132
3549,-1.03132
3561,-1.03138
3699,-1.03138
3794,-1.03138
3960,-1.03138
3966,-1.03138
4111,-1.03138
4235,-1.03138
4304,-1.03138
4412,-1.03138
4603,-1.03138
4691,-1.03138
4784,-1.03138
4846,-1.03138
4911,-1.03138
5102,-1.03138
5121,-1.03138
5210,-1.03138
5250,-1.03138
5294,-1.03138
5381,-1.03138
5404,-1.03138
5577,-1.03138
5631,-1.03138
5689,-1.03138
5704,-1.03138
5758,-1.03138
5872,-1.03138
5909,-1.03138
5965,-1.03138
5979,-1.03138
6076,-1.03138
6084,-1.03138
6206,-1.03138
6218,-1.03138
6295,-1.03138
6330,-1.03162
6406,-1.03162
6598,-1.03162
6619,-1.03162
6694,-1.03162
6759,-1.03162
6773,-1.03162
6879,-1.03162
6888,-1.03162
6907,-1.03162
7010,-1.03162
7299,-1.03162
7412,-1.03162
7504,-1.03162
7530,-1.03162
7759,-1.03162
7839,-1.03162
7877,-1.03162
7968,-1.03162
8016,-1.03162
8071,-1.03162
8149,-1.03162
8228,-1.03162
8246,-1.03162
8442,-1.03162
8687,-1.03162
8701,-1.03162
8837,-1.03162
8991,-1.03162
9073,-1.03162
9337,-1.03162
9585,-1.03162
9622,-1.03162
9787,-1.03162
9900,-1.03162
9902,-1.03162
10088,-1.03162
11643,-1.03162
