Evaluations,Fitness
1,318.500409
6,57.975555
7,54.643037
10,1.237885
25,1.025682
65,0.325121
107,-0.531946
144,-0.826518
349,-0.826986
383,-0.907888
553,-0.908380
741,-0.913735
754,-0.925720
831,-0.983382
970,-0.983455
1023,-0.987263
1225,-0.987275
1314,-0.987322
1339,-0.987451
1400,-0.994461
1443,-1.030428
1625,-1.031171
1732,-1.031201
1820,-1.031201
1821,-1.031257
1854,-1.031326
1902,-1.031354
2036,-1.031411
2160,-1.031412
2163,-1.031413
2208,-1.031420
2243,-1.031448
2308,-1.031548
2371,-1.031548
2437,-1.031549
2588,-1.031549
2647,-1.031551
2743,-1.031551
2964,-1.031551
2988,-1.031551
3002,-1.031551
3180,-1.031551
3234,-1.031551
3362,-1.031551
3366,-1.031551
3432,-1.031551
3587,-1.031551
3641,-1.031551
3835,-1.031551
3843,-1.031551
3991,-1.031551
4020,-1.031551
4072,-1.031551
4122,-1.031551
4266,-1.031551
4372,-1.031551
4437,-1.031551
4505,-1.031551
4605,-1.031551
4620,-1.031551
4625,-1.031551
4647,-1.031551
4667,-1.031551
4766,-1.031551
4854,-1.031551
4914,-1.031551
4954,-1.031551
5056,-1.031551
5197,-1.031551
5319,-1.031551
5365,-1.031551
5407,-1.031551
5428,-1.031551
5497,-1.031551
5506,-1.031551
5585,-1.031551
5634,-1.031551
5717,-1.031551
5951,-1.031551
6273,-1.031551
10953,-1.031627
11253,-1.031627
11324,-1.031627
11437,-1.031627
11508,-1.031628
11735,-1.031628
11755,-1.031628
11878,-1.031628
11991,-1.031628
12055,-1.031628
12197,-1.031628
12416,-1.031628
12476,-1.031628
12633,-1.031628
12672,-1.031628
12714,-1.031628
12878,-1.031628
13029,-1.031628
13261,-1.031628
13407,-1.031628
13412,-1.031628
13423,-1.031628
13562,-1.031628
13635,-1.031628
13642,-1.031628
13830,-1.031628
13835,-1.031628
13926,-1.031628
13961,-1.031628
14144,-1.031628
14151,-1.031628
14171,-1.031628
14177,-1.031628
14392,-1.031628
14447,-1.031628
14508,-1.031628
14735,-1.031628
14812,-1.031628
14912,-1.031628
