Evaluations,Fitness
1,499.997
3,499.55
5,494.717
7,35.6709
17,14.5514
89,2.9976
362,2.0786
577,1.9945
635,1.99204
803,1.99204
841,1.99203
910,1.99203
1189,1.99203
1246,1.99203
1290,1.99203
1292,1.99203
1353,1.99203
1431,1.99203
1518,1.99203
1756,1.99203
1864,1.99203
1931,1.99203
2060,1.99203
2095,1.99203
2165,1.99203
2262,1.99203
2316,1.99203
2327,1.99203
2408,1.99203
2426,1.99203
2451,1.99203
2478,1.99203
2594,1.99203
2696,1.99203
2762,1.99203
2767,1.99203
2815,1.99203
2876,1.99203
2951,1.99203
3002,1.99203
3121,1.99203
3210,1.99203
3512,1.99203
3598,1.99203
3610,1.99203
3639,1.99203
3706,1.99203
3719,1.99203
3981,1.99203
4015,1.99203
4054,1.99203
4260,1.99203
4516,1.99203
4763,1.99203
4803,1.99203
4823,1.99203
4837,1.99203
4894,1.99203
5024,1.99203
5068,1.99203
5196,1.99203
5327,1.99203
5534,1.99203
5566,1.99203
5615,1.99203
5881,1.99203
5904,1.99203
6061,1.99203
6228,1.99203
6308,1.99203
6579,1.99203
9408,1.99203
9673,1.99203
9770,1.99203
9845,1.99203
10221,1.99203
10397,1.99203
10471,1.99203
10550,1.99203
10736,1.99203
