Evaluations,Fitness
1,[497.95623208]
5,[492.69600713]
6,[485.69409014]
16,[465.00737376]
31,[404.09943942]
45,[340.05728955]
52,[65.27987846]
88,[12.10159052]
108,[11.96449802]
141,[9.89779115]
231,[6.4205071]
459,[1.99204232]
737,[1.99203091]
1015,[1.99203091]
1148,[1.99203091]
1304,[1.99203091]
1455,[1.99203091]
1546,[1.99203091]
1587,[1.99203091]
1592,[1.99203091]
1632,[1.99203091]
1691,[1.99203091]
1692,[1.99203091]
1815,[1.99203091]
2187,[1.99203091]
2302,[1.99203091]
2303,[1.9920309]
2452,[1.9920309]
2516,[1.9920309]
2540,[1.9920309]
2657,[1.9920309]
2734,[1.9920309]
2764,[1.9920309]
2916,[1.9920309]
2946,[1.9920309]
3010,[1.9920309]
3146,[1.9920309]
3205,[1.9920309]
3404,[1.9920309]
3574,[1.9920309]
3708,[1.9920309]
3810,[1.9920309]
3850,[1.9920309]
3923,[1.9920309]
4196,[1.9920309]
4239,[1.9920309]
4240,[1.9920309]
4313,[1.9920309]
4324,[1.9920309]
4456,[1.9920309]
4488,[1.9920309]
4551,[1.9920309]
4710,[1.9920309]
4937,[1.9920309]
4953,[1.9920309]
5202,[1.9920309]
5379,[1.9920309]
6078,[1.00006149]
6213,[0.99801774]
6243,[0.9980042]
6392,[0.99800384]
6426,[0.99800384]
6617,[0.99800384]
6815,[0.99800384]
6868,[0.99800384]
6933,[0.99800384]
7092,[0.99800384]
7223,[0.99800384]
7833,[0.99800384]
