Evaluations,Fitness
1,-0.095682
2,-0.289255
3,-0.555831
4,-0.826346
6,-1.232364
8,-1.985193
18,-2.902178
31,-3.004955
37,-3.098074
67,-3.514512
71,-3.675284
137,-3.699329
193,-3.755528
332,-3.845336
509,-3.847423
527,-3.855778
572,-3.860683
647,-3.860794
714,-3.860990
723,-3.861416
763,-3.861901
914,-3.861938
963,-3.862007
1227,-3.862008
1233,-3.862301
1331,-3.862326
1403,-3.862374
1502,-3.862386
1602,-3.862608
1645,-3.862615
1682,-3.862618
1708,-3.862645
1717,-3.862658
1749,-3.862681
1876,-3.862685
1901,-3.862691
1996,-3.862718
2104,-3.862725
2119,-3.862739
2202,-3.862741
2260,-3.862746
2285,-3.862755
2312,-3.862755
2482,-3.862755
2509,-3.862755
2545,-3.862755
2608,-3.862757
2614,-3.862758
2710,-3.862758
2841,-3.862758
2872,-3.862758
2987,-3.862758
3118,-3.862758
3252,-3.862758
3346,-3.862758
3588,-3.862758
3645,-3.862777
3818,-3.862777
3886,-3.862778
4015,-3.862778
4081,-3.862779
4166,-3.862779
4196,-3.862780
4336,-3.862780
4403,-3.862780
4447,-3.862780
4617,-3.862780
4658,-3.862780
4752,-3.862780
4768,-3.862780
5241,-3.862780
5273,-3.862780
5277,-3.862780
5294,-3.862780
5324,-3.862780
5352,-3.862780
5365,-3.862780
5438,-3.862780
5578,-3.862780
5680,-3.862780
5785,-3.862780
5822,-3.862780
6002,-3.862780
6007,-3.862780
6040,-3.862780
6071,-3.862780
6090,-3.862780
6196,-3.862780
6286,-3.862781
6425,-3.862781
6612,-3.862781
6696,-3.862781
6709,-3.862781
6799,-3.862781
6883,-3.862781
6908,-3.862781
6952,-3.862781
7050,-3.862781
7068,-3.862781
7143,-3.862781
7291,-3.862781
7412,-3.862781
7518,-3.862781
7661,-3.862781
7681,-3.862781
7704,-3.862781
7708,-3.862781
7749,-3.862781
7798,-3.862781
7812,-3.862781
7868,-3.862781
7949,-3.862781
7964,-3.862781
7974,-3.862781
8227,-3.862781
8306,-3.862781
8397,-3.862781
8418,-3.862781
8557,-3.862781
8638,-3.862781
8764,-3.862781
8816,-3.862781
8862,-3.862781
8978,-3.862781
8994,-3.862781
9212,-3.862781
9232,-3.862781
9418,-3.862781
9545,-3.862781
9617,-3.862781
9994,-3.862781
12994,-3.862782
13233,-3.862782
13295,-3.862782
13423,-3.862782
13431,-3.862782
13483,-3.862782
13615,-3.862782
13690,-3.862782
13754,-3.862782
13902,-3.862782
14276,-3.862782
14295,-3.862782
14363,-3.862782
14530,-3.862782
14618,-3.862782
14690,-3.862782
14827,-3.862782
14918,-3.862782
