Evaluations,Fitness
100,135707.113313
300,129605.536013
400,125636.688579
500,121662.052109
600,97918.053930
800,89604.903810
900,81443.875486
1000,72111.108920
1100,63050.810357
1200,61690.110661
1300,57724.468413
1400,51874.280826
1500,50333.770988
1600,45729.872597
1700,39008.026578
1800,37153.182186
1900,33548.723832
2000,32207.208399
2100,27240.088942
2300,26126.788299
2400,24237.995987
2500,23259.200029
2600,21169.262555
2700,20689.348180
2800,19724.761690
2900,18465.773502
3000,17282.575414
3200,16773.140881
3300,16360.029968
3400,15522.363298
3600,15027.125772
3700,14753.345172
3800,14161.163836
3900,14143.368851
4000,13869.781776
4200,13481.682979
4300,13468.482768
4400,13275.064069
4500,12759.527161
4700,12586.150738
4800,12540.480375
4900,12456.046052
5000,12333.807553
5100,12290.237913
5200,12088.005150
5300,12035.462305
5400,11981.658679
5500,11973.883834
5600,11850.335281
5700,11727.133519
5800,11596.686922
5900,11539.695737
6000,11371.933320
6100,11232.827323
6200,11092.434023
6300,11062.067184
6600,10927.008385
6700,10868.047886
6800,10795.583362
6900,10753.078154
7000,10647.732136
7100,10620.900300
7200,10585.484836
7300,10577.654076
7400,9597.136518
7500,9414.660635
7700,9406.694992
7800,9383.690160
7900,9377.571675
8000,9351.872729
8100,9344.068135
8200,9287.183227
8300,9279.963860
8400,9263.834593
8500,9107.919241
8600,9095.821870
8700,8981.257546
8800,8857.573738
8900,8832.798365
9100,8715.681617
9200,8713.032999
9300,8498.348458
9500,8497.863517
9600,8409.959918
9700,8361.569768
9800,8213.517261
10100,8210.919720
10200,8205.137641
10300,8200.934766
10400,8192.672587
10500,8187.802395
10600,8187.308578
10700,8183.479180
10800,8180.695028
10900,8178.716738
11000,8178.316744
11100,8176.712685
11200,8155.310070
11300,8150.873725
11600,8148.450583
11700,8068.469191
11800,7952.421594
11900,7951.746692
12000,7899.375712
12100,7813.733090
12200,7804.550881
12300,7804.287606
12400,7776.793090
12500,7744.017640
12600,7716.065978
12700,7176.904720
12900,7087.161336
13000,7013.596696
13100,6978.513297
13300,6941.183912
13500,6904.255666
13600,6889.779611
13700,6818.333195
13800,6817.994034
13900,6804.712246
14000,6792.409723
14100,6448.410581
14200,6435.548169
14300,6432.858437
14400,6388.093948
14600,6383.014313
14700,6377.949571
14800,6354.507915
14900,6346.439106
15000,6176.852723
