Evaluations,Fitness
1,3935.435401
2,147.565476
25,31.153378
45,31.023450
55,21.756507
72,12.663733
73,11.101870
204,11.025574
216,10.864126
224,10.567650
236,10.117580
340,9.032038
349,6.552562
411,6.393652
634,5.960288
803,4.371357
933,4.370872
1142,3.174991
1364,3.107834
1436,3.106680
1484,3.101244
1756,3.100896
1815,3.099522
1931,3.082557
2001,3.071869
2077,3.069548
2155,3.069418
2156,3.069057
2224,3.067229
2344,3.066490
2402,3.066489
2509,3.066428
2532,3.066389
2797,3.066098
2812,3.066057
2957,3.066049
2989,3.066038
3003,3.066038
3139,3.066035
3200,3.066006
3235,3.066005
3311,3.066005
3408,3.066005
3414,3.066005
3457,3.066004
3505,3.066003
3547,3.066003
3592,3.066002
3655,3.006187
3830,3.006187
3858,3.005914
3919,3.005913
3957,3.005766
4042,3.003901
4053,3.003650
4135,3.003273
4302,3.003260
4440,3.003260
4455,3.003233
4540,3.003232
4671,3.003229
4725,3.003229
4747,3.003229
4854,3.003228
4856,3.003227
4894,3.003225
4942,3.003225
5178,3.003225
5209,3.003225
5318,3.003225
5539,3.003225
5621,3.003225
5710,3.003225
5845,3.003225
6166,3.003225
6243,3.003225
6328,3.003225
6345,3.003225
6498,3.003225
6543,3.003225
6594,3.003225
6662,3.003225
6922,3.003225
6957,3.003225
7090,3.003225
7351,3.003225
7410,3.003225
7528,3.003225
7531,3.003225
7684,3.003225
7741,3.003225
7789,3.003225
7831,3.003225
7940,3.003225
8028,3.003225
8062,3.003114
8402,3.003112
8494,3.003109
8571,3.003107
8674,3.003103
8695,3.000619
8787,3.000588
8808,3.000560
8942,3.000560
8982,3.000528
8996,3.000481
9254,3.000480
9272,3.000472
9308,3.000452
9393,3.000420
9505,3.000419
9645,3.000419
9741,3.000419
9748,3.000419
9759,3.000419
9825,3.000419
9919,3.000418
9995,3.000417
10112,3.000417
10158,3.000417
10313,3.000417
10368,3.000417
10416,3.000417
10497,3.000417
10569,3.000417
10607,3.000417
10701,3.000417
10780,3.000417
10849,3.000417
10917,3.000417
11030,3.000417
11139,3.000417
11408,3.000417
11409,3.000417
11416,3.000417
11462,3.000417
11772,3.000417
11884,3.000417
11920,3.000417
11940,3.000417
12000,3.000417
12038,3.000417
12108,3.000417
12180,3.000417
12349,3.000417
12351,3.000417
12510,3.000417
12678,3.000417
12812,3.000417
12824,3.000417
12886,3.000417
13069,3.000417
13105,3.000417
13135,3.000417
13208,3.000417
13210,3.000417
13284,3.000417
13540,3.000417
13614,3.000417
13661,3.000417
13788,3.000417
