Evaluations,Fitness
1,500
2,497.055
3,363.975
5,91.9457
31,17.5631
37,15.5365
158,1.00746
435,1.00702
515,1.00224
604,1.00082
710,0.998117
971,0.998033
1073,0.998032
1180,0.998025
1245,0.998024
1288,0.998004
1561,0.998004
1678,0.998004
1716,0.998004
1892,0.998004
2107,0.998004
2112,0.998004
2133,0.998004
2418,0.998004
2434,0.998004
2496,0.998004
2662,0.998004
2845,0.998004
2985,0.998004
3023,0.998004
3210,0.998004
3301,0.998004
3309,0.998004
3443,0.998004
3523,0.998004
3708,0.998004
3713,0.998004
3886,0.998004
3896,0.998004
3938,0.998004
4095,0.998004
4109,0.998004
4472,0.998004
4478,0.998004
4609,0.998004
4722,0.998004
4746,0.998004
4925,0.998004
5004,0.998004
5192,0.998004
5240,0.998004
5252,0.998004
5269,0.998004
5397,0.998004
5426,0.998004
5522,0.998004
5546,0.998004
5552,0.998004
5831,0.998004
6360,0.998004
6642,0.998004
6915,0.998004
7010,0.998004
7024,0.998004
7158,0.998004
7264,0.998004
7439,0.998004
7474,0.998004
7890,0.998004
7896,0.998004
7984,0.998004
8107,0.998004
8253,0.998004
8280,0.998004
8325,0.998004
8385,0.998004
8464,0.998004
8527,0.998004
8618,0.998004
8779,0.998004
8830,0.998004
9302,0.998004
9371,0.998004
9414,0.998004
9437,0.998004
9563,0.998004
9619,0.998004
9717,0.998004
9806,0.998004
9852,0.998004
9908,0.998004
10173,0.998004
10272,0.998004
12826,0.998004
13010,0.998004
13212,0.998004
13334,0.998004
13739,0.998004
13777,0.998004
13866,0.998004
13900,0.998004
14047,0.998004
14117,0.998004
14446,0.998004
14645,0.998004
