Evaluations,Fitness
1,[284.12663694]
13,[273.48726556]
56,[54.20148356]
98,[29.64050711]
107,[21.38513649]
193,[18.95993894]
291,[5.60422444]
350,[1.99212753]
515,[1.99212642]
522,[1.99203091]
848,[1.9920309]
1059,[1.9920309]
1155,[1.9920309]
1232,[1.9920309]
1247,[1.1702912]
1533,[0.99813133]
1631,[0.9980055]
1803,[0.99800496]
1829,[0.9980043]
1888,[0.99800384]
1920,[0.99800384]
2048,[0.99800384]
2060,[0.99800384]
2201,[0.99800384]
2422,[0.99800384]
2447,[0.99800384]
2475,[0.99800384]
2481,[0.99800384]
2558,[0.99800384]
2665,[0.99800384]
2910,[0.99800384]
3240,[0.99800384]
3699,[0.99800384]
4331,[0.99800384]
