Evaluations,Fitness
1,[1.67253343]
3,[-0.01970762]
90,[-0.83825174]
162,[-0.85304438]
264,[-0.89453934]
345,[-0.91763986]
412,[-0.9695777]
453,[-0.99182448]
459,[-1.02125037]
529,[-1.02618857]
609,[-1.02627109]
646,[-1.02723233]
766,[-1.02977934]
810,[-1.03017425]
841,[-1.03121471]
952,[-1.03151114]
1121,[-1.03156479]
1349,[-1.03160371]
1362,[-1.03162107]
1568,[-1.03162517]
1642,[-1.03162543]
1849,[-1.03162588]
1919,[-1.03162589]
1982,[-1.03162597]
2013,[-1.03162599]
2019,[-1.03162617]
2120,[-1.03162627]
2260,[-1.03162633]
2310,[-1.03162634]
2402,[-1.03162634]
2430,[-1.03162634]
2545,[-1.03162637]
2599,[-1.03162638]
2660,[-1.03162638]
2674,[-1.03162639]
2700,[-1.03162639]
2922,[-1.03162639]
2945,[-1.03162639]
3081,[-1.03162639]
3220,[-1.03162639]
3297,[-1.03162639]
3318,[-1.03162639]
3508,[-1.03162639]
3616,[-1.03162639]
3652,[-1.03162639]
3722,[-1.03162639]
3750,[-1.03162639]
3842,[-1.03162639]
3964,[-1.03162639]
4007,[-1.03162639]
4013,[-1.03162639]
4188,[-1.03162639]
4205,[-1.03162639]
4341,[-1.03162639]
4403,[-1.03162639]
4409,[-1.03162639]
4559,[-1.03162639]
4871,[-1.03162639]
4931,[-1.03162639]
5019,[-1.03162639]
5130,[-1.03162639]
5309,[-1.03162639]
5495,[-1.03162639]
5731,[-1.03162639]
5762,[-1.03162639]
5809,[-1.03162639]
6071,[-1.03162639]
6118,[-1.03162639]
6213,[-1.03162639]
6449,[-1.03162639]
