Evaluations,Fitness
1,499.999
2,487.718
3,431.972
6,316.883
21,14.6585
112,5.2555
359,1.99873
466,1.07277
676,0.998004
919,0.998004
1003,0.998004
1168,0.998004
1207,0.998004
1213,0.998004
1345,0.998004
1367,0.998004
1410,0.998004
1412,0.998004
1594,0.998004
1604,0.998004
1708,0.998004
1806,0.998004
1864,0.998004
1917,0.998004
2099,0.998004
2182,0.998004
2237,0.998004
2404,0.998004
2586,0.998004
2623,0.998004
2735,0.998004
2971,0.998004
3017,0.998004
3055,0.998004
3060,0.998004
3146,0.998004
3174,0.998004
3189,0.998004
3258,0.998004
3265,0.998004
3409,0.998004
3413,0.998004
3458,0.998004
3502,0.998004
3511,0.998004
3520,0.998004
3574,0.998004
3738,0.998004
4032,0.998004
4102,0.998004
4107,0.998004
4175,0.998004
4204,0.998004
4208,0.998004
4417,0.998004
4641,0.998004
4694,0.998004
4697,0.998004
4946,0.998004
5187,0.998004
5236,0.998004
