Evaluations,Fitness
100,900.309089
200,867.447475
400,825.572601
500,787.107367
700,747.764906
800,720.137497
900,677.128926
1000,627.503156
1100,627.473812
1200,606.865093
1300,597.258755
1400,527.128629
1500,500.434051
1600,476.607353
1700,463.582046
1800,462.105575
1900,428.153710
2000,409.220763
2100,383.492606
2300,358.923467
2400,355.921910
2500,333.859199
2600,299.129535
2800,297.078943
2900,286.881828
3000,275.474623
3100,260.608160
3200,245.814539
3300,244.458911
3400,235.157801
3500,216.373101
3600,197.260445
3800,181.152775
3900,164.911945
4200,161.343403
4300,151.667992
4500,144.398137
4600,140.592455
4700,135.200271
4800,131.330689
5000,128.053580
5100,121.714097
5200,118.724164
5300,117.804222
5400,115.978247
5500,112.754469
5600,111.390700
5700,111.125680
5800,110.623901
5900,109.019753
6000,107.178965
6100,106.762386
6200,106.416531
6300,105.198466
6400,104.087373
6500,101.590293
6600,101.328687
6700,101.053493
6800,100.420836
6900,99.199406
7100,99.107401
7200,98.987789
7300,98.609887
7400,98.133901
7500,97.856286
7600,97.357739
7700,97.081975
7900,96.930626
8000,96.770794
8100,96.547025
8200,96.520432
8300,96.427547
8400,96.337107
8500,96.264976
8600,96.094243
8700,96.022223
8800,95.928318
8900,95.843170
9100,95.790024
9200,95.760984
9300,95.718421
9400,95.654990
9500,95.635206
9600,95.610382
9700,95.298587
9800,95.294718
9900,95.289312
10000,95.165462
10100,94.847453
10200,94.727187
10300,94.705134
10400,93.942462
10500,93.607217
10700,93.564679
10800,93.138405
10900,92.893989
11100,92.632733
11300,90.270080
11600,89.926068
11700,89.894453
11800,88.949272
11900,88.921863
12000,88.893972
12100,88.890937
12200,88.861437
12300,88.853800
12400,88.590775
12500,88.590682
12600,88.584102
12700,87.878569
12900,87.573262
13000,87.548077
13100,87.527281
13200,87.502867
13300,87.493731
13400,87.481888
13500,87.473557
13600,87.451905
13700,87.447755
13800,86.161291
13900,86.161215
14000,86.160042
14100,85.740707
14200,85.650786
14300,84.690970
14400,84.606585
14500,83.388343
14600,82.186895
14700,81.372349
14800,80.851222
14900,79.731942
15000,79.731942
