Evaluations,Fitness
1,102.542988
2,24.038557
4,14.906004
10,6.643307
40,2.688070
58,1.285560
105,1.030754
175,0.601916
595,0.594610
718,0.589402
869,0.552828
908,0.463761
1052,0.461821
1217,0.456538
1246,0.423244
1364,0.423002
1421,0.422797
1456,0.421583
1559,0.417948
1684,0.417339
1762,0.416863
1875,0.402507
2107,0.402507
2188,0.402506
2269,0.402413
2272,0.402271
2276,0.402109
2351,0.401769
2397,0.401390
2402,0.401350
2487,0.401349
2624,0.401336
2704,0.401288
2909,0.401288
3018,0.401286
3040,0.401285
3131,0.401279
3241,0.401278
3325,0.401278
3428,0.401278
3445,0.401278
3511,0.401278
3622,0.401278
3705,0.401278
3722,0.401277
3865,0.398603
3933,0.398577
4218,0.398504
4355,0.398502
4430,0.398502
4535,0.398500
4623,0.398499
4741,0.398499
4865,0.398499
5022,0.398499
5039,0.398499
5101,0.398499
5307,0.398499
5420,0.398499
5421,0.398499
5634,0.398499
5717,0.398499
5733,0.398499
5826,0.398499
5859,0.398499
5894,0.398499
5968,0.398499
5998,0.398499
6048,0.398499
6096,0.398499
6110,0.398322
6234,0.398305
6411,0.398284
6778,0.398283
6903,0.398281
7006,0.398281
7115,0.398281
7139,0.398281
7269,0.398281
7386,0.398281
7513,0.398281
7557,0.398281
7583,0.398281
7670,0.398281
7784,0.398281
7847,0.398281
7924,0.398281
8080,0.398281
8181,0.398281
8191,0.398281
8237,0.398281
8413,0.398281
8459,0.398237
8665,0.398233
8707,0.398233
8990,0.398232
9020,0.398232
9240,0.398232
9322,0.398232
9335,0.398232
9403,0.398232
9577,0.398232
9613,0.398232
9767,0.398232
9805,0.398232
9903,0.398232
9948,0.398232
10022,0.398232
10025,0.398232
10137,0.398232
10160,0.398232
10509,0.398232
10582,0.398232
10730,0.398232
10810,0.398232
10902,0.398232
10962,0.398232
11114,0.398232
11148,0.398232
11315,0.398232
11395,0.398232
11413,0.398232
11443,0.398232
11662,0.398232
11668,0.398232
11726,0.398232
11731,0.398232
11939,0.398232
14344,0.398112
14441,0.398111
14620,0.398110
14731,0.398109
14750,0.398102
14936,0.398102
