Evaluations,Fitness
1,499.995845
2,499.951204
4,497.473735
6,440.251766
7,34.839318
13,23.722137
187,23.722137
441,23.722137
495,21.072705
1089,16.452392
1881,12.752722
2078,12.168849
2100,11.991170
2109,11.718710
2110,11.718709
2376,6.903347
4258,6.903345
4263,6.903345
4547,6.903345
4851,6.903337
4901,6.903337
5133,6.903337
5835,6.903337
5998,6.903337
6161,6.903337
6242,6.903337
6393,6.903337
6527,6.903337
7426,5.929208
7430,5.928846
8119,5.928846
8483,5.928846
8911,5.928845
9219,5.928845
9269,5.928845
9379,5.928845
9397,5.928845
10443,5.928845
11041,5.928845
11889,5.928845
12634,5.928845
12971,5.928845
12991,5.928845
13510,5.928845
13598,5.928845
13914,5.928845
14049,5.928845
14064,5.928845
14067,5.928845
14073,5.928845
14093,5.928845
14128,5.928845
14254,5.928845
14417,5.928845
14661,5.928845
14724,5.928845
14783,5.928845
14790,5.928845
14795,5.928845
