Evaluations,Fitness
1,1748080.488615
8,969944.010607
120,371327.001753
330,340872.281179
769,330258.125015
797,294179.883941
903,290863.618501
996,277987.469514
1217,259433.967846
1222,257357.136688
1388,254815.522717
1389,231877.254449
1616,231717.554355
1632,226383.988951
1709,226000.152608
1737,215427.901639
1754,198918.568165
1936,196222.998782
1976,191469.952515
2099,179123.844076
2386,173441.779863
2482,167128.356615
2611,158848.820132
2739,151329.328996
2923,150256.265466
3028,146356.463146
3352,144673.035672
3459,144401.668793
3483,143206.510164
3524,140095.385174
3677,140010.080745
3862,138062.462994
3978,136991.826318
4009,136971.306055
4062,136856.782164
4167,136693.055206
4261,136583.391395
4275,133326.024813
4604,132776.423691
4732,132595.638474
4775,132480.382209
4803,132176.667690
4893,131856.100291
4959,131424.724400
4968,130609.557247
5131,130486.925453
5165,130280.050590
5193,129626.657701
5230,129424.151044
5370,129289.215273
5451,128628.830214
5516,128572.997215
5545,128531.742615
5563,124118.324157
6047,122615.831176
6214,122479.435619
6290,122117.130972
6380,121652.890948
6477,121191.523912
6482,120270.110265
6546,119522.125586
6600,119334.773336
6769,118954.806503
6825,118286.659452
6828,117756.143058
7032,116714.251756
7325,116095.274296
7339,114368.129644
7740,113915.306812
7812,113872.417625
8018,112747.072817
8187,111068.324301
8217,109411.057848
8506,108286.970978
8793,108165.259795
8852,107642.514521
8893,107570.058976
9029,107353.479552
9030,106567.850030
9205,106291.388692
9210,106197.906627
9311,105444.980514
9386,104984.763635
9545,104922.654763
9547,103338.656072
9998,103311.225613
10112,103177.092006
10114,102317.343795
10197,100985.146545
10638,100729.103290
10804,100715.005509
10897,100350.902203
11046,100115.356251
11097,99915.816672
11098,99643.378917
11235,99546.954297
11373,99535.137200
11457,99531.784732
11506,99182.956274
11510,99112.859276
11625,98915.812626
11674,98337.106862
11712,98178.568091
11789,97404.481266
11957,97244.301175
12079,96291.950216
12243,95618.616654
12484,95573.590022
12542,95176.842635
12601,94500.138157
13069,92439.859870
13183,91739.314041
13634,91702.625466
13864,91516.333261
13948,91022.825079
14180,90884.000458
14255,90316.877797
14454,89929.553700
14874,89749.102114
14881,89579.611468
14950,88989.094708
