Evaluations,Fitness
1,1717.200928
2,1525.363175
5,1482.446957
6,1470.487798
7,1458.386157
12,1455.315589
29,1388.130374
32,1305.335024
34,1294.251836
102,1260.536710
109,1233.201621
126,1107.854287
270,1107.399468
300,1042.129004
302,1033.892314
306,1031.942977
312,999.178112
333,948.410970
401,935.124881
403,884.923144
599,852.967963
609,834.939673
657,781.669287
843,759.010199
960,752.568535
1061,722.488814
1238,689.370090
1402,681.169260
1532,671.008376
1552,662.090466
1593,660.180998
1614,622.885208
1690,618.703129
1724,615.838421
1830,613.826844
1921,520.332669
2972,511.278986
3227,510.590363
3345,509.059567
3482,508.540025
3521,506.758524
3523,493.300451
3596,490.197760
3775,474.197182
4070,440.455473
4295,436.331886
4693,426.137882
4742,425.056125
4887,418.165145
4992,402.478571
5232,402.462162
5336,393.529546
5439,392.631545
5694,388.158870
5755,377.449209
5822,374.587599
6010,374.017435
6014,371.635825
6085,365.435530
6370,364.938380
6452,359.917510
6568,358.506245
6616,357.545602
6642,355.937859
6753,355.338066
6808,347.999647
6951,347.708736
7241,346.409085
7272,344.948435
7340,342.424451
7449,340.108569
7695,339.816953
7946,339.144013
7958,338.867580
8002,337.134214
8095,335.333573
8154,334.339023
8288,334.337963
8306,334.094635
8321,333.187132
8505,332.841314
8548,332.301872
8632,332.172038
8639,331.775418
8899,331.516362
8930,331.408139
9029,330.064893
9156,329.912764
9196,329.868254
9341,329.403548
9412,329.155789
9636,329.131803
9698,329.052441
9750,328.741608
9826,328.740353
9912,328.146221
10207,328.113744
10212,328.103527
10346,328.049663
10501,328.003108
10613,327.968062
10656,327.966104
10678,327.923585
10721,327.914785
10772,327.864398
10797,327.803784
10814,327.778179
10912,327.721297
11017,327.647614
11122,327.636075
11157,327.620102
11189,327.572019
11202,327.507118
11428,327.463024
11513,327.425957
11534,327.364293
11824,327.355398
11876,327.331508
11947,327.321716
12039,327.272836
12055,327.191265
12079,326.550937
12102,322.850002
12249,320.224782
12507,320.163261
12664,320.099225
12685,319.173422
12916,318.618335
12963,318.500173
12987,318.080141
13370,318.041389
13390,317.971973
13431,317.831496
13567,317.819692
13585,317.773017
13718,317.766160
13730,317.689289
13827,317.525897
13896,317.451808
14748,317.450989
14849,316.002546
