Evaluations,Fitness
1,825.110688
2,71.214838
10,41.659099
11,14.494307
13,8.730615
18,0.351558
82,0.232343
99,0.202680
102,0.173896
107,0.043783
111,-0.106583
113,-0.899660
203,-0.959157
213,-1.021028
331,-1.031185
377,-1.031220
863,-1.031531
1197,-1.031536
1250,-1.031609
1373,-1.031626
1592,-1.031627
1607,-1.031628
1676,-1.031628
1808,-1.031628
1988,-1.031628
2019,-1.031628
2482,-1.031628
2599,-1.031628
2623,-1.031628
2794,-1.031628
2985,-1.031628
3073,-1.031628
3091,-1.031628
3099,-1.031628
3108,-1.031628
3361,-1.031628
3572,-1.031628
3593,-1.031628
3785,-1.031628
3797,-1.031628
3970,-1.031628
4121,-1.031628
4251,-1.031628
5788,-1.031628
