Evaluations,Fitness
1,496.110826
5,16.446847
74,15.966387
159,15.966387
259,15.966387
620,15.966387
627,15.966387
984,15.966387
1175,15.966387
1187,15.784619
1293,10.082742
1394,10.082742
1498,10.080795
2575,9.832825
2695,9.832825
2815,9.832825
2849,9.832825
2871,7.723268
2875,7.723268
3072,7.723268
3202,7.723268
3266,5.027913
3285,5.027913
3295,5.027913
3452,5.027913
3471,5.027913
3575,5.027913
3980,5.027913
4172,5.027913
4434,5.027913
4454,4.998418
4492,4.998418
4736,4.998418
4850,4.980014
4915,4.975833
4977,4.950526
5213,4.950498
5276,4.950497
5545,4.058374
5565,4.022795
5595,3.973880
5602,3.971689
5624,3.968352
5939,3.853625
6025,2.996062
6067,2.984476
6111,2.983866
6127,2.983241
6174,2.983231
6510,2.983219
6533,2.982242
6758,2.982105
6874,2.982105
6988,2.982105
7021,2.982105
7043,2.982105
7193,2.982105
7278,2.982105
7388,2.982105
7452,2.982105
7630,2.982105
7754,2.982105
7783,2.982105
7832,2.982105
8022,2.982105
8028,2.982105
8124,2.982105
8444,2.982105
8517,2.982105
8544,2.982105
8656,2.982105
8676,2.982105
8845,2.982105
8959,2.982105
9257,2.982105
9906,2.982105
10544,2.982105
14772,2.982105
