Evaluations,Fitness
1,1328391.180770
2,981955.488553
5,759641.775771
60,569003.742376
64,508195.515784
146,494228.829293
161,299345.493485
212,296503.122998
216,291454.561023
267,195626.820600
327,178644.276885
590,133744.528384
654,90995.677968
830,61646.529299
995,46102.411028
1058,43662.862654
1201,39842.701989
1399,36358.278831
1412,26773.808214
1509,26039.805424
1593,21041.929301
1881,19845.606710
1924,19358.393336
1960,19286.450802
2095,19173.356401
2110,17347.647045
2193,15811.218008
2199,15590.706946
2291,13072.268802
2625,10394.065910
2953,9826.544505
3322,9726.358114
3416,9620.116696
3444,9355.857628
3489,8212.176685
3831,7989.019377
3879,7799.000563
4299,7605.373237
4486,7381.913832
4565,7355.306727
4568,7194.842073
4694,7146.629709
4710,7073.312189
4986,6785.690449
5112,6582.899509
5324,6387.146630
5599,6378.141039
5839,6360.792925
5856,6324.975420
6230,6320.344386
6241,6283.918156
6251,6250.988626
6270,6158.227965
6390,6114.488224
6887,6099.923959
6959,6096.113024
6990,6092.299593
7142,6075.955314
7155,6064.529893
7516,6061.412607
7556,6032.238236
7762,6021.171412
7810,6019.197245
8033,6012.176052
8170,6007.405309
8229,6005.902657
8232,6004.264180
8313,5987.680140
8525,5985.756198
8729,5979.875024
8806,5979.199063
8840,5977.258606
8863,5974.674712
8947,5971.312384
8952,5966.678785
8954,5960.887942
9215,5957.843129
9305,5845.331950
10069,5841.612335
10111,5839.156837
10339,5837.467925
10782,5833.122507
10797,5826.137390
10905,5811.333724
11058,5806.795157
11261,5801.459822
11653,5801.110972
11754,5800.144802
11804,5796.712604
11906,5796.206930
12134,5796.206930
12454,5795.784638
12467,5795.757570
12482,5794.326324
12586,5794.214869
12807,5793.502341
12833,5792.855604
13168,5673.721689
13189,5654.003505
13576,5626.618677
13621,5611.389409
13663,5546.770210
14038,5534.144495
14272,5499.852149
14292,5492.847519
14320,5474.737435
14381,5453.449730
14657,5436.029621
14724,5427.454395
14764,5414.446934
14885,5409.525127
