Evaluations,Fitness
1,-0.000029
8,-0.000137
10,-0.007317
14,-0.020759
18,-0.261894
21,-0.358317
36,-0.585721
43,-2.581221
115,-2.581221
246,-2.581221
481,-2.581221
496,-2.640955
551,-2.644349
594,-2.683137
793,-2.836965
989,-3.000629
1198,-3.239263
1282,-3.343091
1289,-3.388733
1349,-3.409705
1394,-3.444483
1543,-3.467880
1583,-3.715749
2047,-3.736264
2126,-3.739373
2177,-3.742058
2199,-3.745104
2308,-3.745680
2323,-3.746326
2346,-3.755523
2394,-3.763987
2434,-3.764573
2548,-3.767947
2773,-3.804334
2966,-3.805413
3058,-3.813778
3501,-3.814058
3565,-3.816012
3652,-3.817440
3698,-3.818955
3916,-3.819369
3967,-3.820717
4356,-3.836098
4392,-3.844955
4393,-3.852347
4515,-3.853542
4794,-3.853765
4843,-3.854179
4994,-3.854578
5300,-3.854592
5485,-3.854888
5725,-3.854980
5809,-3.855001
6023,-3.855005
6045,-3.855017
6056,-3.855066
6144,-3.855096
6174,-3.855328
6243,-3.855459
6685,-3.855463
6810,-3.855466
7043,-3.855483
7086,-3.855490
7089,-3.855494
7106,-3.855495
7206,-3.855505
7239,-3.855530
7345,-3.855534
7525,-3.862654
9545,-3.862654
9625,-3.862654
9712,-3.862672
9877,-3.862703
10046,-3.862704
10209,-3.862714
11178,-3.862714
11223,-3.862714
11756,-3.862714
11870,-3.862715
11883,-3.862715
12023,-3.862715
12107,-3.862715
12184,-3.862715
12199,-3.862715
12344,-3.862715
12397,-3.862715
12705,-3.862715
12856,-3.862715
13102,-3.862715
13235,-3.862715
13776,-3.862715
13982,-3.862715
14155,-3.862715
14714,-3.862715
14780,-3.862715
