Evaluations,Fitness
1,2952.533331
2,688.166460
3,668.194456
5,572.821673
6,90.552218
10,0.977264
62,0.138001
98,0.096867
105,0.022336
111,-0.039150
138,-0.245689
193,-0.339563
247,-0.374391
320,-0.379573
364,-0.381219
421,-0.383464
428,-0.385649
446,-0.395594
451,-0.413350
496,-0.642349
503,-1.019735
512,-1.022728
606,-1.025806
607,-1.030068
713,-1.030305
741,-1.031295
915,-1.031456
1064,-1.031534
1115,-1.031614
1213,-1.031617
1224,-1.031620
1314,-1.031621
1400,-1.031625
1488,-1.031627
1552,-1.031628
1746,-1.031628
1796,-1.031628
1808,-1.031628
1945,-1.031628
1986,-1.031628
1987,-1.031628
2099,-1.031628
2726,-1.031628
2964,-1.031628
2975,-1.031628
3079,-1.031628
3104,-1.031628
3331,-1.031628
3426,-1.031628
3586,-1.031628
3693,-1.031628
4184,-1.031628
5307,-1.031628
