Evaluations,Fitness
1,3365641.881534
3,631577.841103
36,515326.102654
72,421941.495817
101,317824.528815
216,241412.006271
217,221531.673947
229,210549.172192
305,201205.779565
318,165059.290314
444,137515.598678
497,127577.600812
500,95964.866589
537,86680.242492
587,82322.921362
703,51561.283540
1061,43341.798379
1303,40568.011186
1465,38872.464401
1506,35934.900967
1596,35876.992983
1607,33380.720440
1671,33161.919216
1701,24472.467547
1788,22062.954929
1850,19058.458851
2223,18217.285756
2313,17827.825666
2379,17620.399994
2551,17227.858226
2559,16831.251185
2586,16015.780863
2601,10829.028292
3190,10547.197061
3194,9950.422646
3456,9722.697151
3570,9218.335590
3809,8668.833314
3899,8569.809828
4017,8410.700509
4111,8377.503049
4321,8332.271604
4331,8175.549169
4358,8035.735877
4391,7908.950614
4757,7817.687496
4766,7644.739203
4928,7632.607826
5163,7588.242209
5391,7436.388797
5880,7411.103531
5895,7395.502269
6170,7352.592632
6287,7344.887270
6302,7331.923537
6366,7308.518371
6541,7295.688022
6629,7278.042628
6857,7272.075497
6868,7260.153983
6891,7257.584503
6905,7256.183050
6962,7246.212422
7098,7231.426295
7139,7218.604541
7487,7215.486948
7555,7202.305048
7668,7188.169386
7764,7178.366318
8036,7161.497982
8322,7159.155506
8434,7151.327905
8645,7147.154250
8757,7145.541416
8979,7144.429701
9086,7142.899816
9150,7142.344112
9175,7139.191905
9209,7134.264548
9526,7133.241542
9713,7132.801581
9817,7132.306764
9820,7131.947585
9834,7131.385976
9950,7130.568799
9962,7130.308562
10007,7128.393412
10112,7128.336134
10260,7128.111314
10422,7127.372296
10425,7126.589813
10493,7006.235255
10537,6829.345073
10831,6610.696921
11115,6552.015606
11240,6544.214046
11253,6530.271809
11320,6509.730548
11341,6460.664105
11560,6458.706979
11579,6452.732298
11591,6393.382977
11825,6385.529298
11883,6381.865751
11903,6350.540777
12154,6348.118894
12454,6343.549265
12564,6319.259196
12992,6316.375484
13158,6315.855062
13282,6314.210864
13375,6314.156185
13393,6313.607372
13535,6311.571624
13791,6310.084774
13978,6308.178197
14261,6307.640544
14634,6307.553106
14666,6307.258584
