Evaluations,Fitness
1,4539845.670930
4,2927895.783169
6,2108254.200431
7,1955981.066701
11,983841.180424
96,911378.597668
102,843515.634957
115,839059.498188
119,828539.424922
120,639697.522436
192,310033.576613
321,303349.762333
888,281779.484367
968,264718.652423
976,263247.837623
1017,214923.828985
1517,206203.193930
1633,155679.045640
2301,149105.506494
2347,146496.472427
2418,142511.582180
2491,134405.719927
2496,128014.750307
3039,126876.779564
3122,122202.377771
3523,120488.210830
3614,119374.207601
3617,118659.491299
3692,118350.322304
3738,118207.245237
3813,117311.413328
3880,116711.328253
3882,116093.119636
3923,112379.882832
4089,110196.792954
4878,109453.407133
4938,109263.587867
4987,108621.955738
5056,107660.425066
5185,107250.884824
5274,107154.170332
5283,106863.629923
5309,106092.324261
5680,106080.360179
5719,105535.238865
5751,105521.795318
5812,105495.719849
5843,105446.632848
5863,105215.719757
5910,104159.083043
6066,103824.379102
6336,102545.507747
6549,101264.331493
6878,101077.024448
7014,100902.780630
7111,100070.715733
7127,94577.836448
7424,91034.410731
7821,88488.403901
8104,88353.010466
8177,87818.941352
8411,87485.445238
8544,87306.378110
8632,86717.184146
8850,86690.396195
8890,86320.457223
9056,86231.533908
9102,85786.522699
9404,85191.784503
9648,84846.434205
9812,84786.652038
9869,84693.598038
9886,84543.985812
9934,84314.138197
10038,84291.496466
10106,84220.722382
10136,84183.413516
10140,84121.269070
10148,84102.196701
10199,83832.590311
10395,83371.037940
10502,83007.891118
10597,82908.053311
10702,82526.961721
10900,82209.092866
11176,82112.475651
11183,81685.902484
11195,81456.439369
11285,81139.007674
11369,80874.832965
11409,80786.445251
11813,80764.763456
11854,80642.658785
11974,79723.733959
12071,79720.489634
12270,79523.029370
12349,78752.171831
12597,78665.726082
12813,78311.701030
12899,77862.215870
13089,77741.547820
13134,77708.402346
13171,77662.438110
13217,77280.992099
13349,77268.510823
13397,77043.153356
13601,77013.365313
13629,76946.348370
13637,76885.986448
13728,76821.666917
13748,76595.855342
13760,74494.595899
14380,74414.672440
14621,74387.932896
14647,74286.611792
14772,74128.991473
14871,74050.089169
14889,73948.235334
