Evaluations,Fitness
1,1435.109375
3,1371.542157
4,1287.346011
7,1136.883716
131,1134.443606
215,1100.972127
217,1080.971067
227,1060.082687
230,1044.468516
238,1039.219985
278,919.339616
515,880.564641
544,821.875628
680,805.060254
795,800.304127
799,792.519560
817,779.013119
818,778.320331
870,735.775287
938,732.969572
1097,721.460830
1227,702.816871
1293,643.240437
1847,619.729625
1938,578.208564
2529,577.006298
2720,576.524475
2776,547.877793
2922,536.148754
3073,529.061316
3171,516.401783
3220,509.751808
3350,486.218414
3562,479.793514
3566,453.432766
3602,451.741014
3883,447.587063
4098,444.019632
4175,436.726917
4341,434.619558
4353,429.900954
4362,426.399653
4379,423.696513
4439,418.567698
4628,417.514903
4688,415.238704
4740,405.835636
4953,399.501656
5144,398.445864
5218,396.571743
5372,394.969592
5402,393.999905
5426,392.997455
5451,386.083505
5593,385.615472
5686,384.902152
5845,384.822064
5848,382.045740
5899,379.929193
6009,379.757892
6032,379.245514
6042,379.004604
6044,377.815118
6058,377.616477
6133,376.352075
6141,376.348059
6178,373.962019
6277,368.781933
6365,368.125964
6591,367.278166
7017,366.948843
7127,363.510812
7573,362.212058
7592,356.812938
7940,354.990585
7945,354.350777
7976,353.460756
8028,348.478813
8321,346.729270
8700,346.567402
8920,343.870174
9110,342.264329
9201,342.145650
9328,341.989698
9372,341.833523
9508,341.663819
9607,341.359641
9674,340.485030
10449,340.436853
10605,340.420887
10696,340.408130
10699,340.381260
10735,340.317730
10902,340.275643
11109,340.267852
11118,340.234941
11225,340.167350
11496,340.164116
11537,340.156585
11634,340.120625
11706,340.105777
11736,340.098622
11817,340.095280
11914,340.094052
12061,340.087536
12073,340.083545
12181,340.070138
12189,340.059810
12218,340.059053
12339,340.055782
12383,340.055630
12394,340.053458
12496,340.050468
12515,340.048805
12541,340.046092
12552,340.041582
12683,340.029777
12737,340.023309
12790,340.017663
12839,340.013282
12882,340.009811
13019,339.996942
13360,339.996230
13443,339.994394
13478,339.991581
13506,339.988389
13645,339.982675
13865,339.982397
13913,339.979138
13949,339.978088
14270,339.976802
14386,339.975448
14438,339.974687
14470,339.974363
14559,339.972539
14643,339.972139
14796,339.972104
14802,339.972027
14831,339.969798
