Evaluations,Fitness
1,1.45228444e+01
2,9.37653042e+00
3,8.56646942e+00
13,6.25718141e-01
88,6.06770447e-01
173,5.96351357e-01
244,4.66206941e-01
285,4.11442355e-01
982,4.07185645e-01
1042,4.01801702e-01
1307,3.99519459e-01
3304,3.98952317e-01
4811,3.97981502e-01
13038,3.97908172e-01
13658,3.97888884e-01
14890,3.97887570e-01
