Evaluations,Fitness
1,1179.271025
4,79.755059
37,48.751679
41,4.210602
61,3.342020
145,3.263697
213,3.204518
224,3.138648
258,3.109846
315,3.041262
431,3.035797
696,3.034261
729,3.004910
1153,3.001728
2247,3.000290
4177,3.000088
6286,3.000005
