Evaluations,Fitness
1,5.94066614e+03
2,4.70547437e+01
37,1.26930428e+01
82,1.10401152e+01
107,8.27588855e+00
108,7.96401478e+00
112,6.33106485e+00
127,3.62482431e+00
158,3.34992279e+00
185,3.04988545e+00
444,3.03498177e+00
460,3.02302464e+00
745,3.01517684e+00
869,3.01273757e+00
1198,3.00119597e+00
1558,3.00103401e+00
3303,3.00000339e+00
9981,3.00000140e+00
14308,3.00000080e+00
14371,3.00000078e+00
