Evaluations,Fitness
1,1150.537830
6,664.213354
10,47.509845
23,45.740968
29,30.913850
55,22.676994
59,5.573536
99,4.804064
137,4.121546
228,4.020623
239,3.554111
425,3.008217
748,3.000872
1683,3.000764
1736,3.000217
1741,3.000176
1822,3.000089
3002,3.000060
3638,3.000008
4567,3.000003
7006,3.000000
12691,3.000000
14919,3.000000
