Evaluations,Fitness
1,581681.081106
2,8833.813390
9,979.481300
12,621.310104
14,539.415713
18,209.229992
20,90.349768
21,26.449208
34,20.688173
38,3.038677
270,3.009659
585,3.004985
1921,3.004363
2313,3.001967
2332,3.000354
2459,3.000123
3962,3.000016
8011,3.000005
9349,3.000004
9937,3.000004
10349,3.000002
12459,3.000002
13770,3.000001
14037,3.000000
