Evaluations,Fitness
1,-0.403771
2,-3.335744
8,-3.500537
70,-3.691163
107,-3.797510
271,-3.848384
3515,-3.854728
6624,-3.854901
13534,-3.854906
13803,-3.854928
14533,-3.854935
14768,-3.854943
14854,-3.854945
14950,-3.854948
14981,-3.854948
14989,-3.854950
