Evaluations,Fitness
1,19.466149
4,18.413888
9,8.301713
11,3.230155
13,0.815999
29,0.602168
114,0.472439
211,0.418815
1274,0.415851
1507,0.398327
2631,0.398082
5959,0.397937
11780,0.397888
14946,0.397887
