Evaluations,Fitness
1,21.461756
2,21.433524
4,21.156883
121,21.112282
133,21.104173
138,21.012957
141,20.954526
163,20.772657
168,20.612731
171,20.449541
201,20.381709
210,19.791123
245,19.711135
246,19.628445
275,19.588792
287,19.335827
306,19.214055
358,18.917671
377,18.898085
399,18.613105
429,18.394870
448,18.062463
476,17.750535
515,17.305569
610,17.167049
640,17.104777
707,16.639019
830,16.480877
865,16.349143
1002,16.311530
1066,16.208335
1400,16.162665
1475,16.066450
1579,16.029906
1628,16.027928
1684,15.947895
1906,15.803583
2116,15.769050
2179,15.639148
2442,15.475939
2791,15.311223
3714,15.245480
4433,15.146107
5065,15.089777
5303,14.929034
5755,14.847977
6086,14.822156
6177,14.667779
7419,14.626504
8257,14.509761
9011,14.477516
9308,14.471461
9421,14.430159
9560,14.418872
9647,14.410298
9931,14.362378
10145,14.319806
10204,14.319361
10297,14.276707
10604,14.275408
10637,14.275140
10763,14.261219
11592,14.214126
11671,14.205361
11707,14.185602
11730,14.140472
11932,14.061468
13360,14.019610
14084,13.956282
14574,13.955131
14602,13.939895
14623,13.905999
14646,13.868358
14669,13.829654
14692,13.766515
14780,13.747357
14800,13.725389
14801,13.719904
14802,13.705344
14817,13.689365
14845,13.667737
14858,13.641946
14874,13.639855
14882,13.638763
14892,13.638366
14894,13.633968
14901,13.631911
14911,13.628466
14921,13.624506
14932,13.617707
14939,13.612434
14942,13.609076
14950,13.608491
14953,13.605999
14954,13.605599
14961,13.602150
14972,13.602082
14973,13.601962
14974,13.601906
