Evaluations,Fitness
1,110.85063436749043
2,12.97049941534478
7,4.218225807564693
16,0.4022013623393832
4229,0.40184930308184974
4263,0.39883472413501053
4746,0.39880134973541637
4767,0.39852144243331544
10565,0.3980534753181555
12390,0.39792987779413025
14265,0.39791980667100546
14431,0.39791652514185927
14594,0.39788939523200106
14956,0.39788860285513117
14957,0.39788851637308476
14999,0.39788780943612423
