Evaluations,Fitness
1,2.15566036e+01
2,2.13977190e+01
3,2.11957948e+01
47,2.10760108e+01
52,2.10693262e+01
74,2.09793280e+01
95,2.08492516e+01
153,2.06903397e+01
192,2.06853237e+01
204,2.06402993e+01
218,2.05813809e+01
240,2.05444685e+01
246,2.00956405e+01
308,2.00090867e+01
322,1.99797087e+01
324,1.98610472e+01
385,1.96630290e+01
425,1.95523284e+01
454,1.93515288e+01
481,1.92788495e+01
511,1.91838441e+01
521,1.89909597e+01
526,1.89003043e+01
562,1.87111286e+01
588,1.86653418e+01
618,1.83033744e+01
697,1.81765261e+01
711,1.78543836e+01
741,1.76401476e+01
830,1.73547088e+01
858,1.71523414e+01
1023,1.70388780e+01
1027,1.70378558e+01
1081,1.70092261e+01
1192,1.69849905e+01
1232,1.68626247e+01
1309,1.66964785e+01
1371,1.64505362e+01
1726,1.63721941e+01
1789,1.62855408e+01
1948,1.62152031e+01
3151,1.61186728e+01
3333,1.59739883e+01
3374,1.59702403e+01
3702,1.59644699e+01
3709,1.59392693e+01
3743,1.59120528e+01
3804,1.58941689e+01
4095,1.58678117e+01
4516,1.58104279e+01
4528,1.57671806e+01
4700,1.57593132e+01
5115,1.57273582e+01
5391,1.56710499e+01
5679,1.56653531e+01
5810,1.56602728e+01
6679,1.56331616e+01
6858,1.55310183e+01
7315,1.53910271e+01
8132,1.53149363e+01
8568,1.52922001e+01
9300,1.52249098e+01
10011,1.52223327e+01
10311,1.51928056e+01
10336,1.51898366e+01
10517,1.51517209e+01
10688,1.50803356e+01
11126,1.50337425e+01
12270,1.50264061e+01
12293,1.49400825e+01
12881,1.48678220e+01
14110,1.48343530e+01
14300,1.48205615e+01
14499,1.48187930e+01
14621,1.47782805e+01
14702,1.47611937e+01
14706,1.47365282e+01
14712,1.47008223e+01
14743,1.46887038e+01
14782,1.46667835e+01
14810,1.46556907e+01
14836,1.46156992e+01
14888,1.46042627e+01
14892,1.45790552e+01
14914,1.45785762e+01
14942,1.45700391e+01
14944,1.45672201e+01
14946,1.45633421e+01
14950,1.45541212e+01
14971,1.45523108e+01
14972,1.45482404e+01
14975,1.45474244e+01
14996,1.45450386e+01
15000,1.45440161e+01
