Evaluations,Fitness
1,4.97949068e+02
2,4.96801566e+02
3,5.44622538e+01
107,2.57477831e+01
109,1.00524924e+01
232,8.88249033e+00
278,8.84251290e+00
409,3.97288147e+00
1024,3.96879362e+00
2154,3.76932364e+00
2276,3.71823127e+00
3250,3.21427005e+00
3574,2.99082349e+00
4567,2.98407540e+00
4638,2.98213176e+00
4782,2.98210763e+00
4851,2.98210517e+00
5144,2.98210516e+00
6550,2.98210516e+00
7914,2.98210516e+00
8512,2.98210516e+00
11163,2.98210516e+00
13467,2.98210516e+00
14933,2.98210516e+00
