Evaluations,Fitness
1,1.4550801445681376
2,1.038283595333219
411,0.7237230470488836
505,0.589504083970164
814,0.5530305218958009
1044,0.4228479687344304
1066,0.4132674212962293
1231,0.4005203889679194
12641,0.3980876861596201
