Evaluations,Fitness
1,8.821431
10,5.684595
22,4.578707
41,1.352526
61,0.961847
66,0.763589
88,0.579504
95,0.451779
227,0.445038
611,0.435368
748,0.431039
883,0.414639
1105,0.410037
1613,0.405766
1880,0.398502
7177,0.398014
9807,0.397967
12365,0.397940
13846,0.397936
14082,0.397910
14197,0.397896
14665,0.397888
14971,0.397887
