Evaluations,Fitness
1,18.422796
3,1.457633
61,0.723501
69,0.455975
249,0.449680
303,0.448146
305,0.445283
377,0.436678
417,0.428898
448,0.408585
945,0.407019
992,0.403938
1874,0.403205
2004,0.403066
2326,0.402014
2583,0.401924
3299,0.399339
3880,0.398865
9124,0.398553
9549,0.397901
14123,0.397891
14907,0.397890
14983,0.397888
