Evaluations,Fitness
1,21.248713
2,2.134607
3,1.136951
31,-0.998194
110,-1.021779
396,-1.024774
472,-1.028359
522,-1.029705
552,-1.031387
593,-1.031577
5144,-1.031614
6068,-1.031621
8994,-1.031621
11255,-1.031623
12826,-1.031628
14794,-1.031628
14898,-1.031628
14982,-1.031628
