Evaluations,Fitness
1,2.8270021159439436
5,1.3730822833975322
35,-0.09094774346980385
39,-1.0004690092370256
135,-1.0142941871582964
139,-1.0284182370721342
201,-1.0299312944053824
301,-1.0307690964717335
553,-1.0314350520794457
1109,-1.0316247764675983
13504,-1.0316267206086271
