Evaluations,Fitness
1,1394.575379
3,1291.379014
11,1218.839271
34,1148.788046
49,1116.648761
54,998.881394
80,976.735828
137,964.079322
163,928.765148
172,911.831718
212,890.955111
220,889.551815
252,882.271962
259,866.954031
269,860.960034
287,832.505491
404,793.612789
641,756.683652
887,714.912929
1560,704.101110
1723,698.073032
1804,693.643559
1820,663.538901
1975,650.042647
2000,626.186084
2743,617.967539
2816,616.225383
2984,601.079407
3772,580.888858
4105,576.476987
4151,543.190687
5813,536.479688
7453,522.207113
7918,519.375218
9070,491.120443
9241,483.555141
9374,473.530985
9449,471.381329
9731,456.924759
9783,447.164889
10691,431.704723
10719,418.113630
11053,407.323734
11217,405.992734
11264,380.110876
11981,367.125917
12110,356.101309
12208,353.522298
12998,349.341018
13156,344.255074
13226,338.639481
13238,332.778022
13380,327.497776
13527,326.854252
13659,323.648333
13683,321.748408
13834,320.351840
13841,319.702289
13854,316.655972
14076,315.160774
14106,313.915251
14108,313.901587
14137,313.074260
14184,311.430838
14201,308.812937
14255,308.416259
14295,306.739720
14303,306.443065
14349,306.110347
14387,305.089708
14405,304.971060
14423,304.917777
14430,304.881979
14483,304.617322
14484,303.289419
14501,302.898046
14505,302.270413
14538,302.120149
14568,300.731800
14607,300.481745
14614,299.944178
14685,299.676693
14705,299.435153
14721,299.348741
14727,299.167966
14762,299.111302
14785,298.809610
14811,298.661762
14830,298.570382
14842,298.495749
14849,298.437053
14864,298.348551
14886,298.310434
14887,298.165144
14908,298.162276
14914,297.911237
14926,297.888291
14952,297.879105
14971,297.877410
14973,297.777078
14974,297.693191
