Evaluations,Fitness
1,-0.850803
11,-1.247543
14,-1.579431
19,-2.742114
24,-3.768543
168,-3.794487
189,-3.816418
373,-3.849470
2279,-3.851351
5791,-3.853461
6068,-3.854498
9799,-3.854586
10823,-3.854837
11403,-3.854844
13206,-3.854857
13757,-3.854861
13858,-3.854870
14387,-3.854891
14805,-3.854896
14910,-3.854898
14926,-3.854899
14942,-3.854900
14943,-3.854901
14951,-3.854903
