Evaluations,Fitness
1,2.220074
41,2.040391
72,2.007461
86,0.717788
176,0.610810
305,0.502879
718,0.404452
767,0.398397
10166,0.398045
11296,0.397925
14369,0.397906
14524,0.397887
14993,0.397887
