Evaluations,Fitness
1,453.144131
2,0.767096
32,-0.726459
114,-0.855924
122,-0.884891
123,-0.987178
127,-0.993631
141,-1.006233
200,-1.016000
266,-1.021847
271,-1.029205
274,-1.031349
377,-1.031536
2547,-1.031580
2576,-1.031584
4877,-1.031613
5718,-1.031627
14111,-1.031627
14266,-1.031628
14403,-1.031628
14987,-1.031628
14988,-1.031628
