Evaluations,Fitness
1,2325.994393
2,828.390614
3,30.345838
11,-0.767419
48,-0.902302
97,-1.020594
196,-1.021647
261,-1.026188
307,-1.027185
364,-1.028077
384,-1.031209
923,-1.031585
4058,-1.031599
5025,-1.031602
5421,-1.031605
8147,-1.031625
8593,-1.031628
11309,-1.031628
14864,-1.031628
14983,-1.031628
14995,-1.031628
