Evaluations,Fitness
1,-2.604628
6,-3.100024
11,-3.392426
16,-3.562415
144,-3.618849
259,-3.699899
275,-3.823363
540,-3.832562
776,-3.840246
1384,-3.840311
2021,-3.841884
3404,-3.845537
5704,-3.847339
5902,-3.848333
6268,-3.850694
6939,-3.852759
8266,-3.853144
8582,-3.854171
11988,-3.854174
12499,-3.854513
12965,-3.854747
13274,-3.854854
14461,-3.854903
14578,-3.854903
14957,-3.854906
