Evaluations,Fitness
1,33.724
2,26.46
3,12.1076
33,10.9609
35,3.26632
42,1.95595
50,1.94412
92,1.94323
122,0.581403
266,0.552837
286,0.408145
1150,0.399952
1233,0.398186
10392,0.397984
11620,0.397966
13617,0.397891
14901,0.39789
14926,0.397887
14972,0.397887
14977,0.397887
14978,0.397887
14979,0.397887
14982,0.397887
14983,0.397887
