Evaluations,Fitness
1,-0.190864
41,-0.520874
62,-0.903487
70,-0.974306
97,-0.986640
101,-1.013310
201,-1.015102
241,-1.019047
579,-1.022504
605,-1.031479
2165,-1.031599
3023,-1.031609
8726,-1.031619
11016,-1.031628
11844,-1.031628
14663,-1.031628
14835,-1.031628
14875,-1.031628
