Evaluations,Fitness
1,499.998595
2,499.995514
3,495.859421
11,465.741857
22,244.002686
38,36.587388
84,18.304663
94,15.048103
257,12.644784
305,8.567152
428,5.724551
681,3.426286
895,2.982110
1001,2.982105
1414,2.982105
4268,2.982105
4294,2.982105
4912,2.982105
6384,2.982105
6386,2.982105
13131,2.982105
14820,2.982105
