Evaluations,Fitness
1,1309.097248
14,1276.172092
22,1189.194751
32,1167.159463
43,1120.815649
61,1041.432603
66,986.068001
92,873.041340
156,855.876635
184,818.479573
230,804.838896
232,800.825643
278,797.357910
327,794.027681
356,739.738079
358,714.897324
567,702.122079
711,678.246925
825,668.843066
904,662.109951
932,560.309077
1989,546.054214
4394,499.577434
6013,493.097367
10624,490.346818
11329,479.127267
11684,473.038580
12256,472.028041
12258,470.997353
12279,467.462832
12480,466.095244
12554,464.537670
12647,463.847613
12724,463.168507
12811,460.444529
12832,458.048261
12925,456.575549
13442,456.089697
13449,455.827993
13514,455.297285
13526,454.934506
13564,454.456798
13635,453.428445
13716,453.168923
13765,452.131866
13836,450.619201
13890,450.332537
13932,448.894814
14059,448.248667
14104,445.935195
14279,445.883492
14438,445.659795
14526,445.602273
14538,444.968497
14623,444.439090
14644,444.384476
14703,444.249366
14718,443.940189
14759,443.937780
14767,443.935051
14773,443.811104
14776,443.704654
14798,443.609280
14821,443.521040
14839,443.441488
14856,443.412917
14881,443.311409
14913,443.276746
14916,443.274601
14921,443.249535
14924,443.178193
14944,443.144572
14977,443.140297
14985,443.118305
