Evaluations,Fitness
1,21.485132
2,21.441281
3,21.431011
5,21.377200
12,21.327909
13,21.301904
22,21.145607
62,21.091240
75,21.058432
76,20.791738
125,20.686244
154,20.213080
161,20.093197
213,19.940342
231,19.646630
273,19.575016
274,19.397729
277,18.997025
322,18.961016
331,18.868569
352,18.410971
361,18.320407
368,17.994713
426,17.821605
428,17.728487
541,17.613886
562,17.597685
567,17.570246
575,17.487809
640,17.361418
669,17.054959
676,16.622995
826,16.510860
834,16.424890
925,16.041881
1169,16.029030
1318,15.897683
1395,15.499956
1454,15.296120
2452,15.183885
2458,15.122468
2634,15.096891
2682,14.952994
2792,14.758149
3232,14.749124
3242,14.568155
4055,14.528724
4165,14.459091
4506,14.332117
4775,14.316549
4976,13.888620
6233,13.884264
6346,13.867337
6826,13.790173
7069,13.771273
7488,13.660111
8075,13.496824
8768,13.493558
9113,13.448519
9157,13.372377
9357,13.280674
9573,13.220947
9859,13.191900
10203,13.189246
10290,13.144880
10398,13.024671
11104,12.973208
11517,12.877230
12694,12.865804
13002,12.852824
13012,12.840478
13288,12.838722
13404,12.769076
13444,12.717912
13463,12.693697
13736,12.657070
14317,12.640372
14345,12.638355
14530,12.637460
14531,12.622906
14573,12.555793
14578,12.546627
14644,12.481916
14696,12.456288
14731,12.448153
14747,12.388206
14769,12.370228
14786,12.332443
14815,12.327670
14817,12.241694
14852,12.238233
14882,12.194604
14919,12.193575
14936,12.192865
14942,12.181065
14962,12.168417
14974,12.153908
