Evaluations,Fitness
1,21.534177
2,21.474873
3,21.316982
14,21.305505
16,21.279115
97,21.213251
113,21.189769
123,21.149755
126,21.083470
155,20.781098
171,20.584778
187,20.163022
210,20.116405
219,20.110954
224,20.026314
228,19.964982
231,19.528510
281,19.361229
321,19.227524
325,19.156598
334,19.115033
335,18.783366
361,18.688909
362,18.529493
412,18.427514
443,18.141591
462,18.021688
478,17.639054
497,17.489490
568,17.432810
580,17.431952
587,17.373593
626,16.855260
627,16.750780
705,16.410593
780,16.222629
889,15.997257
1119,15.980712
1129,15.867164
1397,15.863685
1726,15.708503
2200,15.383990
3027,15.381494
3201,15.331144
3611,15.106254
3917,15.023477
4175,14.928674
5274,14.861160
5849,14.797492
5932,14.789060
6181,14.669813
6250,14.615941
6556,14.564135
6935,14.530367
7337,14.407870
7472,14.228186
8075,14.201883
8296,14.184536
8548,14.036598
9102,13.988916
10204,13.987462
10545,13.960760
10699,13.936557
10922,13.912949
11212,13.850309
11272,13.823287
11282,13.818809
11401,13.799220
11550,13.744208
13179,13.721713
13332,13.702527
13362,13.700130
13614,13.660002
13617,13.611824
13646,13.584830
13794,13.561841
13983,13.557589
14336,13.530982
14412,13.486813
14483,13.454101
14514,13.444860
14584,13.428714
14602,13.398738
14680,13.390278
14687,13.347140
14690,13.336414
14755,13.258612
14765,13.244951
14810,13.237927
14815,13.212077
14842,13.190537
14855,13.181606
14862,13.171323
14874,13.165481
14895,13.163783
14897,13.161721
14898,13.157167
14911,13.153335
14917,13.152860
14925,13.152719
14926,13.151332
14931,13.151123
14932,13.145344
14947,13.143800
14951,13.143119
14964,13.142151
14966,13.141165
14971,13.140475
14972,13.140405
14973,13.140328
14976,13.140317
14978,13.140317
14979,13.140317
14980,13.140316
14990,13.140316
14991,13.140316
14992,13.140316
