Evaluations,Fitness
1,19.365532173368656
4,3.877892283561043
8,1.80722975609795
35,1.2411885863827266
60,0.8278117834949459
129,0.47067611657620745
197,0.4106206505779788
407,0.4072756497116252
463,0.40677797478398503
1672,0.4019202458318567
1686,0.4015700700370015
2155,0.4012524886665396
2193,0.3996780793554855
2697,0.39914610853939436
3777,0.39871020097714727
11316,0.39858507591644
