Evaluations,Fitness
1,39293.601296
2,1060.630784
5,958.515498
11,29.158224
31,26.831405
41,5.738528
57,4.903716
125,4.879298
138,4.232049
153,4.108742
183,3.584397
221,3.544326
298,3.193519
317,3.177276
350,3.119834
358,3.016887
1612,3.008756
1764,3.003607
2105,3.000634
2882,3.000010
3585,3.000007
6002,3.000005
7399,3.000001
7561,3.000000
14112,3.000000
