"Evaluations","Fitness"
1,598.844742456305
10,543.003359344632
19,321.841019020279
26,253.229542103407
32,115.579125476795
41,104.772066206209
42,102.52213006588
46,97.3663867835303
99,88.4923520328497
161,85.2078836225818
394,84.0278845358015
1355,84.0079215498095
9079,84.0067424167886
11862,84.002924692222
12875,84.0024870549474
13504,84.0008404648191
13747,84.0001141912826
14040,84.0001065330484
14422,84.0000576776109
14665,84.0000210859138
