Evaluations,Fitness
1,2.497592
67,1.657970
118,1.314439
222,0.576774
304,0.433757
773,0.404650
4074,0.401678
9569,0.398498
13193,0.398181
13254,0.398143
13400,0.397972
14857,0.397948
14932,0.397913
14976,0.397909
14981,0.397901
