Evaluations,Fitness
1,1748.597717
2,1.631555
5,0.127829
17,-0.674449
49,-0.851960
71,-0.949793
80,-0.955269
130,-0.994292
138,-1.014707
146,-1.026167
203,-1.029647
280,-1.031055
625,-1.031172
835,-1.031570
5130,-1.031573
5726,-1.031577
6252,-1.031601
7385,-1.031607
8957,-1.031618
9419,-1.031628
14823,-1.031628
14997,-1.031628
14998,-1.031628
