Evaluations,Fitness
30,-3.650892
90,-3.810189
270,-3.823559
750,-3.849808
2220,-3.853716
2790,-3.854523
3660,-3.854659
5730,-3.854886
6360,-3.856411
