Evaluations,Fitness
1,100.736365
5,3.712978
9,3.361155
16,0.928638
134,0.739296
240,0.511711
256,0.481311
288,0.454139
730,0.425913
1406,0.400242
3156,0.399661
