Evaluations,Fitness
1,430.197096
2,379.589026
5,331.082072
9,276.438335
10,113.008155
18,1.884622
31,0.430353
38,0.360183
41,-0.012596
51,-0.892694
54,-1.029726
316,-1.031366
1597,-1.031625
13327,-1.031627
13888,-1.031628
14568,-1.031628
14679,-1.031628
