Evaluations,Fitness
1,-1.673315
2,-1.723323
5,-3.060903
21,-3.110294
59,-3.243902
134,-3.814783
277,-3.825949
723,-3.830001
2187,-3.842433
2280,-3.851242
2710,-3.853898
4329,-3.854013
8900,-3.854486
9912,-3.854827
14232,-3.854849
14507,-3.854863
14810,-3.854878
14836,-3.854893
14895,-3.854895
14945,-3.854897
14956,-3.854900
