Evaluations,Fitness
1,53.44255378899602
2,27.755262443694576
3,27.35248499864206
6,26.36967609629218
8,1.4447987071643418
43,0.9060992562742509
143,0.5042401736418718
148,0.4752316876008109
162,0.4001592036951731
2707,0.3979019123404779
