Evaluations,Fitness
1,210818.74231849436
2,129700.44119698099
3,110376.93313868724
4,1649.3271480325507
8,100.38049104142803
30,99.18002027832682
64,25.208880884713068
113,3.4780679778846095
230,3.0224072217117364
476,3.022282453024511
566,3.021267433782246
742,3.0018640420847476
1068,3.001413767033659
1136,3.000299048467618
1499,3.000003550519296
