Evaluations,Fitness
1,2.16957722e+01
2,2.14953634e+01
3,2.13964200e+01
4,2.13805074e+01
5,2.12030289e+01
33,2.11784130e+01
34,2.11697305e+01
35,2.08657431e+01
98,2.07552823e+01
119,2.05693186e+01
127,2.05279442e+01
131,2.03000718e+01
254,1.99651901e+01
274,1.97947708e+01
296,1.97946136e+01
308,1.95676693e+01
338,1.91798668e+01
356,1.91708795e+01
374,1.90098679e+01
413,1.86926439e+01
439,1.85579220e+01
459,1.84944556e+01
485,1.82120948e+01
501,1.82005445e+01
528,1.77357126e+01
542,1.70638516e+01
638,1.64884697e+01
754,1.63743822e+01
791,1.63360877e+01
803,1.58254396e+01
812,1.58151852e+01
885,1.56217251e+01
1100,1.55032215e+01
1126,1.54240180e+01
1202,1.53490474e+01
1235,1.51489206e+01
1257,1.48744881e+01
1473,1.41974279e+01
2089,1.40536125e+01
2397,1.38837617e+01
2958,1.37236577e+01
4090,1.33937691e+01
4996,1.32631429e+01
5494,1.31923495e+01
5620,1.31905028e+01
5749,1.31562047e+01
5807,1.27908639e+01
6532,1.27152531e+01
7108,1.25009910e+01
7334,1.24059713e+01
8132,1.22478790e+01
8537,1.21452783e+01
8645,1.20052404e+01
9024,1.19856581e+01
9195,1.19222947e+01
9347,1.18078138e+01
9846,1.17440841e+01
9910,1.15318270e+01
10960,1.15093156e+01
11101,1.14775312e+01
11362,1.14678413e+01
11528,1.14429427e+01
11591,1.14276770e+01
11611,1.14103607e+01
11727,1.13904263e+01
11792,1.13858103e+01
11836,1.13768480e+01
11959,1.13623440e+01
11988,1.13309164e+01
12071,1.13057706e+01
12216,1.12896975e+01
12383,1.12729415e+01
12385,1.11971807e+01
12530,1.11905875e+01
12699,1.11075328e+01
12710,1.11058816e+01
12984,1.10845714e+01
13076,1.09674138e+01
13517,1.09278101e+01
14370,1.08944448e+01
14494,1.08531831e+01
14558,1.08464499e+01
14559,1.08403777e+01
14565,1.08269291e+01
14600,1.08181635e+01
14607,1.08061390e+01
14610,1.07849624e+01
14664,1.07365644e+01
14703,1.07361370e+01
14704,1.07245217e+01
14738,1.07145649e+01
14741,1.06804788e+01
14747,1.06490650e+01
14802,1.06459229e+01
14806,1.06246292e+01
14821,1.05977348e+01
14827,1.05852071e+01
14863,1.05642752e+01
14881,1.05581355e+01
14888,1.05578093e+01
14906,1.05471130e+01
14912,1.05259455e+01
14937,1.05237980e+01
14943,1.05070547e+01
14945,1.05026209e+01
14971,1.05015517e+01
14982,1.05009636e+01
14984,1.04888035e+01
