"Evaluations","Fitness"
1,2.67908795428147
13,1.94572961058154
21,1.89646560166424
25,1.04921215921325
35,0.46562992888741
374,0.438654368810361
1622,0.411125878417696
2506,0.40144479802302
4035,0.399788033118959
9551,0.397970069527844
13875,0.397892058867882
14654,0.397891287054795
14973,0.39788831380012
15001,0.397887362068444
