Evaluations,Fitness
1,4.595896700880521
3,2.989592127457171
62,0.5706828862006077
199,0.5484918360175968
200,0.45795451506876717
202,0.4455931865067253
333,0.41632644148722875
900,0.4064444564945422
1968,0.4005298507005879
2286,0.3983708003269779
3901,0.3980941758929557
10806,0.39793087868745225
11027,0.3978965561538015
14417,0.3978916282713154
14736,0.3978912017095375
14792,0.3978876156117952
