Evaluations,Fitness
1,3593.483974
2,3229.706518
3,139.692131
4,17.017037
5,1.359152
33,0.853531
50,-0.032383
61,-0.148335
78,-0.581967
85,-0.616548
101,-0.767564
102,-0.930148
120,-1.004095
132,-1.017064
247,-1.018760
283,-1.025688
353,-1.028010
434,-1.031552
559,-1.031610
8554,-1.031616
10491,-1.031627
12272,-1.031628
14475,-1.031628
14787,-1.031628
14983,-1.031628
