Evaluations,Fitness
1,182850.917773
2,7989.476901
3,282.431511
8,62.023426
14,5.908942
