Evaluations,Fitness
1,337789.334939
2,229508.368294
20,219754.144550
36,173280.923105
80,138520.412486
105,134164.863053
133,126695.681190
152,111751.231827
164,109677.700500
182,84901.160007
231,82435.495767
270,79160.406232
275,76533.944713
277,74761.945983
289,73815.233890
300,67835.680496
304,52976.139865
411,52659.309833
469,49578.892769
533,43258.496646
636,41343.482942
686,39669.661902
742,35922.361436
829,35854.697136
837,34399.755226
871,29390.160490
924,28162.266888
1181,27645.413087
1308,25861.818802
1313,24369.615869
2662,24116.671301
2752,21303.816526
5070,20492.025279
5627,19739.203618
6133,18740.139348
6371,17924.679409
6588,17608.805953
6878,16811.907484
7536,16528.970623
7741,16049.674474
7779,16027.945695
7877,15847.852425
8310,15519.950770
8959,15260.961045
9129,15145.072914
9202,14911.989603
9396,14681.857608
9688,14453.730782
9753,14331.722649
10361,14270.350545
10381,13894.807017
10496,13823.910560
10977,13686.300397
11179,13600.155143
11223,13597.206278
11380,13520.507860
11454,13479.602495
11834,13466.430623
11843,13364.481028
11859,13351.189104
11866,13325.437859
12345,13324.380144
12474,13321.279049
12539,13286.226760
12898,13277.491763
12940,13167.636562
13030,13157.648114
13146,13102.101411
13485,13076.840849
13593,13074.577598
13691,13073.389509
13709,13035.857465
13773,13030.264617
13789,13024.833511
13838,13017.201428
13910,13010.182929
13968,13004.134846
13999,12991.943228
14045,12991.155443
14160,12982.111314
14214,12976.745009
14235,12971.209508
14295,12970.817292
14308,12970.198242
14328,12969.715541
14347,12963.584172
14397,12961.181602
14405,12960.918665
14419,12956.070193
14433,12949.823079
14541,12947.133651
14585,12947.052100
14611,12944.594043
14704,12943.796041
14734,12943.550685
14739,12942.912139
14766,12941.224351
14776,12940.851917
14806,12940.198906
14822,12939.934682
14834,12939.693188
14852,12939.485278
14856,12938.500379
14886,12938.199545
14915,12938.196612
14917,12938.082298
14920,12937.639522
14941,12937.549710
14949,12937.502929
14961,12937.435991
14973,12937.406308
14975,12937.359309
14977,12937.312107
14980,12937.145283
