Evaluations,Fitness
1,-3.1624960628398506
18,-3.3126078871814415
21,-3.558812730261483
169,-3.5698418682610806
202,-3.745732165170806
296,-3.835489638685157
1213,-3.844797494478243
2461,-3.852281037657937
3416,-3.8523094118675645
3469,-3.855481415753968
3887,-3.8556651113023945
5969,-3.8567002798137304
10802,-3.8583128128109774
