Evaluations,Fitness
1,1.20712607e+03
33,1.19058153e+03
35,1.16396835e+03
50,1.11742353e+03
62,1.04596130e+03
76,1.00643449e+03
113,9.98398183e+02
122,9.34572003e+02
155,8.69738311e+02
209,8.55729614e+02
224,7.82969439e+02
254,7.70625546e+02
311,7.47162969e+02
318,7.20881074e+02
429,6.41623942e+02
483,6.38523902e+02
1205,6.31475504e+02
1267,6.17082927e+02
1670,5.94482570e+02
2375,5.84200451e+02
2602,5.74640087e+02
3295,5.72063241e+02
3361,5.43160312e+02
5150,5.33106454e+02
7536,5.17582073e+02
8314,5.05845655e+02
8331,5.05658845e+02
8360,5.02100484e+02
8434,4.96859494e+02
8762,4.94118947e+02
9174,4.88106203e+02
9640,4.59143224e+02
10362,4.58246820e+02
10722,4.45756739e+02
11458,4.30785032e+02
11783,4.22823873e+02
12126,4.20845307e+02
12426,4.19876104e+02
12582,4.13282986e+02
12603,4.12380225e+02
12644,4.10334803e+02
12657,4.10282163e+02
12701,4.03382287e+02
12962,3.97256359e+02
13034,3.92584596e+02
13113,3.85017032e+02
13353,3.83866257e+02
13385,3.71827735e+02
13533,3.69632842e+02
13594,3.68879833e+02
13662,3.62817930e+02
13770,3.58119812e+02
13869,3.55335877e+02
13912,3.55172718e+02
13928,3.50317465e+02
13971,3.45155261e+02
14083,3.44136484e+02
14085,3.43887424e+02
14094,3.42908802e+02
14112,3.42549625e+02
14115,3.42528155e+02
14120,3.41467451e+02
14179,3.39941474e+02
14223,3.37784734e+02
14248,3.36300624e+02
14261,3.36080149e+02
14291,3.32472057e+02
14339,3.30287680e+02
14410,3.29561198e+02
14464,3.29334151e+02
14491,3.27782352e+02
14512,3.26889151e+02
14515,3.26071661e+02
14531,3.25702791e+02
14551,3.23733370e+02
14647,3.22982794e+02
14704,3.22891497e+02
14706,3.22849938e+02
14732,3.22412471e+02
14773,3.21064360e+02
14803,3.20890140e+02
14826,3.20712918e+02
14851,3.20669211e+02
14852,3.20415675e+02
14856,3.20312308e+02
14861,3.20065968e+02
14881,3.19793780e+02
14892,3.19668380e+02
14893,3.19369183e+02
14903,3.19355810e+02
14915,3.19291630e+02
14916,3.19269904e+02
14917,3.19093808e+02
14942,3.18960503e+02
14946,3.18953424e+02
14956,3.18833561e+02
14969,3.18711613e+02
14987,3.18672324e+02
