Evaluations,Fitness
1,613.349152
6,49.473826
11,4.218134
14,2.391037
32,0.208208
53,-0.766986
70,-1.025459
134,-1.029825
198,-1.031369
1037,-1.031615
3222,-1.031616
5234,-1.031627
12593,-1.031628
14494,-1.031628
14905,-1.031628
14971,-1.031628
