Evaluations,Fitness
1,500
2,431.502
23,362.31
52,121.423
69,18.0236
170,13.0415
238,9.60297
251,7.28912
307,6.90616
317,6.90337
580,6.35877
928,1.19771
937,1.01284
1943,1.01097
2648,1.00382
3083,0.998079
8665,0.998017
10608,0.998004
11100,0.998004
14230,0.998004
14303,0.998004
14436,0.998004
14528,0.998004
14661,0.998004
14770,0.998004
14828,0.998004
14901,0.998004
14966,0.998004
14976,0.998004
14977,0.998004
14978,0.998004
14984,0.998004
14985,0.998004
14986,0.998004
