Evaluations,Fitness
1,97.74818167729094
2,32.890640031920825
3,14.453915930538109
5,2.9200422390292644
15,0.7828766686555024
833,0.46417104866204006
880,0.4100703144911666
4016,0.4091332526090312
4749,0.39966724530757247
5135,0.3980202889705655
