Evaluations,Fitness
1,499.9949999418932
2,496.3682829271169
5,75.71618995206218
78,7.049184584176314
200,6.944994955725748
250,2.076861062953441
668,1.9921906507541662
1754,1.6841864861019646
1819,1.1031452550295646
2909,1.0035645993466107
3819,0.9982628121224814
4998,0.99800589904459
6004,0.9980042330143402
10845,0.9980038520996509
11537,0.998003845272964
14301,0.9980038391001047
14669,0.9980038382169677
14985,0.9980038381919949
14989,0.9980038380936178
