Evaluations,Fitness
1,1575.469581
2,1267.122919
85,1247.442159
92,1198.496764
106,1181.379240
108,1117.337374
141,1056.977462
154,998.417148
197,968.352728
207,944.457115
220,936.755164
227,934.225361
229,896.475063
230,823.870992
270,794.652661
307,779.473255
357,731.981296
591,713.823517
601,707.410364
628,658.944170
647,642.757308
754,640.026658
1886,602.121773
2014,592.262473
2777,568.668857
4531,562.268793
4832,559.033677
4882,544.853788
5628,536.454240
5738,536.155987
7585,527.227700
7602,525.199414
7987,517.662229
8323,496.157576
8898,489.122471
9229,472.608472
9262,465.947850
9272,463.693195
9311,430.889039
9421,424.355824
11207,418.547314
11228,412.104960
11413,405.269245
11611,398.968053
11744,395.885073
12031,394.520774
12162,392.128069
12278,365.026384
12410,359.131573
12698,354.274942
12917,348.873523
12955,339.492289
12997,338.624511
13011,329.934548
13265,324.297581
13324,321.957069
13489,310.704691
13571,310.099401
13573,307.141707
13624,304.173933
13642,302.634131
13692,301.684246
13693,300.689300
13705,296.181365
13718,294.896321
13862,294.518656
13905,292.285836
14051,291.766679
14052,290.444928
14083,288.403915
14117,288.200210
14136,285.604171
14138,282.893486
14257,277.800429
14330,277.475860
14408,276.747179
14415,276.028339
14479,275.139051
14503,274.114688
14581,274.037497
14621,273.780076
14653,272.226056
14683,271.992724
14688,271.766085
14708,271.399368
14725,270.815251
14751,270.531443
14754,270.233998
14787,269.978345
14798,269.910002
14801,269.655212
14827,269.420317
14841,269.378865
14853,269.239399
14864,268.833497
14883,268.699021
14898,268.690867
14901,268.559446
14905,268.523253
14906,268.456310
14908,268.303141
14912,268.302482
14913,268.237361
14917,268.231961
14920,268.213959
14921,268.126115
14935,268.006523
14938,267.897301
14948,267.888595
14949,267.881873
14952,267.786762
14959,267.782985
14960,267.744804
14962,267.743327
14971,267.732650
14972,267.730035
