Evaluations,Fitness
1,2265204.935886
6,2210259.299234
8,1544219.822947
11,1540705.642103
15,1080610.787637
39,738311.789842
67,593171.012948
92,512606.713564
105,435697.829241
237,406456.503562
289,346875.010008
303,262606.135704
497,223692.464555
605,216784.275816
786,216691.116024
1028,204377.937882
1103,197221.217462
1130,196700.183812
1145,192404.249073
1161,168111.988970
1185,165556.422456
1188,147751.440938
1416,145151.924133
1429,122297.853005
1719,100524.549750
3155,96959.015037
3912,95889.008798
3938,94357.001269
4134,93293.450270
4431,93106.947869
5309,93037.562529
6114,91756.555735
6125,85489.811428
6319,83366.381012
6407,83358.530792
6412,82272.986185
6913,81598.917853
6942,78062.515752
7656,77540.794821
7682,74818.885631
7901,73478.796377
8105,73008.439353
8217,72922.226687
8394,72834.716948
8416,70785.230228
8761,70735.929824
8808,70526.881667
9197,70507.738264
9401,69302.200539
9523,68665.634411
9916,68235.767833
9971,67944.100035
11155,67892.493343
11159,67380.306266
11171,65679.476991
11453,65524.498943
11636,65507.073329
11704,65193.404114
12256,65181.186150
12384,64850.253166
12463,64817.405209
12713,64704.062032
12763,64324.429040
13175,64198.999177
13287,64083.519265
13333,63846.039487
13359,63595.600112
13489,63435.517183
13770,63373.188465
13853,63364.657010
13891,63350.639157
13968,63296.580765
13970,63277.835525
13998,63263.317753
14025,63191.570157
14031,63138.167738
14195,63045.480320
14484,63038.653452
14518,63034.815624
14548,62984.662247
14585,62946.248425
14930,62930.886416
14933,62927.526938
14950,62920.813234
14951,62919.840660
14953,62919.566868
14973,62918.441302
14974,62916.648264
14985,62915.757271
14995,62915.391167
