Evaluations,Fitness
1,7.41811100e+00
136,2.09751673e+00
772,1.99286372e+00
1059,1.39176145e+00
1395,1.03256575e+00
2921,1.00707420e+00
3493,1.00486111e+00
4049,9.98363604e-01
4393,9.98261975e-01
5403,9.98007853e-01
10388,9.98005108e-01
11144,9.98003863e-01
13126,9.98003842e-01
14486,9.98003838e-01
