Evaluations,Fitness
30,683742127.617502
60,504912659.048989
90,381492296.554643
120,317108064.612557
150,165019309.726811
180,163769848.259334
210,114793792.320047
270,73741915.987838
360,71186052.006386
390,59607239.027784
420,44211895.126641
450,42675014.241927
480,33886046.620633
510,32883857.900081
540,31579032.215347
570,23511078.534929
600,11839393.723548
630,8814619.532942
660,8292468.267736
690,3763964.829245
720,1995086.887685
750,1312305.655916
840,1119082.056927
900,722434.649571
930,365286.457223
1050,243975.405983
1080,174203.931084
1110,135416.369478
1140,93113.817732
1170,54718.365387
1200,48318.321588
1230,41537.253367
1260,26627.587953
1350,20309.476264
1380,18272.098294
1410,14191.154221
1470,12091.491860
1500,9648.668759
1530,6850.890222
1560,3336.410423
1620,3307.962149
1650,2065.292264
1710,1652.425338
1740,1230.396794
1770,945.491371
1830,641.194281
1890,437.227235
1920,368.235892
1950,364.183306
1980,314.389146
2010,277.561518
2040,233.396620
2070,202.989187
2100,181.666887
2130,172.790914
2160,162.687701
2190,134.588609
2220,115.519537
2250,104.388945
2280,98.181640
2310,86.979238
2340,84.405521
2370,77.019386
2400,73.000090
2430,72.107672
2460,68.888780
2490,68.373989
2520,65.935099
2550,63.731849
2580,63.352321
2610,63.270658
2640,62.782020
2670,62.292504
2700,61.843432
2730,60.763054
2760,60.378223
2790,59.872209
2850,59.417133
2880,59.168619
2910,58.984942
2940,58.886207
2970,58.826155
3000,58.689417
3030,58.524415
3060,58.485919
3090,58.274252
3270,58.125867
3360,57.878617
3600,57.784815
3660,57.651740
3690,57.646116
3810,57.392818
4050,57.327000
4560,57.292014
4800,57.207576
5040,57.168250
13590,57.167888
13650,57.167099
13710,57.166359
14220,57.166228
14280,57.166003
14670,57.165959
14790,57.165881
14820,57.165669
