Evaluations,Fitness
1,1832.6910723044195
5,671.5335042642661
10,37.37448048512777
67,33.92350866149909
70,32.6323606575349
71,30.53354793735104
73,4.783197970162912
105,3.2312813952415245
219,3.1356103242133235
290,3.0899218412659155
313,3.0731238780053634
348,3.013136657276918
401,3.010705418856606
418,3.0050553991156828
562,3.000934404560616
1454,3.000890033792045
1480,3.000069792784288
4005,3.0000526387116104
5663,3.0000073450944735
