Evaluations,Fitness
1,499.999554
2,471.558467
3,375.631165
4,340.477036
42,219.813771
68,15.018213
98,12.851906
155,10.877727
211,6.730264
224,3.019238
337,2.983953
430,2.982431
1019,2.982132
1998,2.982105
4423,2.982105
4538,2.982105
