Evaluations,Fitness
1,3089.013918
2,2708.312352
3,2561.439516
8,2484.674980
10,2385.313775
14,2173.729195
31,2157.285109
32,2149.900787
33,2001.639290
44,1757.045155
58,1729.961961
67,1586.125827
74,1556.416308
78,1517.418799
91,1140.024933
122,1120.944387
124,888.543710
160,854.022545
217,842.906920
231,819.655660
261,796.248569
270,756.517131
280,590.188024
367,510.994555
418,506.633237
425,502.017405
428,468.787471
541,404.059062
768,383.354547
891,377.057716
955,370.747782
963,332.211625
1107,316.149764
2615,288.076159
2734,281.044124
3569,278.080840
3595,273.180930
3623,271.976605
3974,264.292635
4539,258.714821
4886,257.271907
5089,252.225755
5306,240.240488
5680,233.325028
5829,227.955486
6533,222.583251
6867,216.996703
6962,213.644817
8176,209.564241
8527,209.181824
8569,207.480364
8670,206.921946
8934,201.501530
9176,199.432147
9186,195.576077
9364,194.554191
9851,194.517919
10076,189.931415
10300,188.685528
10436,188.244879
11034,188.024849
11366,186.335472
11524,185.599062
11798,185.169970
11912,185.112961
11975,184.548641
11977,184.089437
12004,183.895781
12075,183.254425
12299,183.211075
12402,182.935516
12430,182.416034
12507,181.861411
12694,181.711178
12766,181.487895
13061,181.218566
13097,181.028284
13137,180.371752
13296,180.203754
13342,180.183763
13562,180.174249
13564,180.147308
13594,179.859500
13761,179.779918
13765,179.595306
13791,179.551957
13874,179.481322
13891,179.473127
13960,179.461606
13986,179.399180
14083,179.317512
14133,179.304278
14144,179.214403
14156,179.185783
14222,179.068153
14235,179.003741
14267,178.991406
14309,178.977865
14373,178.963450
14377,178.936465
14407,178.867084
14472,178.828279
14528,178.818988
14574,178.791008
14597,178.764842
14618,178.745628
14675,178.745342
14677,178.730167
14684,178.708218
14705,178.700174
14725,178.698176
14734,178.680556
14741,178.666037
14761,178.661023
14763,178.639994
14821,178.626029
14853,178.619002
14856,178.617787
14881,178.614499
14894,178.614436
14899,178.611182
14901,178.610313
14911,178.610260
14913,178.610124
14915,178.607454
14921,178.603209
14932,178.601517
14935,178.600912
14941,178.595666
14971,178.592412
14981,178.592312
14997,178.590473
