Evaluations,Fitness
1,41.213034
3,25.275174
4,22.934539
5,21.075246
7,15.467331
8,1.263777
175,0.871719
193,0.703576
308,0.509653
336,0.442215
623,0.411146
4088,0.410968
6307,0.406234
7786,0.398728
9448,0.397895
14947,0.397887
