Evaluations,Fitness
1,4.97986933e+02
3,4.97464694e+02
4,1.91493760e+02
7,4.48084267e+01
63,8.90229553e+00
378,7.35684823e+00
444,3.10071444e+00
765,3.01270566e+00
812,2.96941801e+00
973,2.06396599e+00
1776,2.00706372e+00
4497,1.99703028e+00
4922,1.99531783e+00
5360,1.99457765e+00
5746,1.99396228e+00
6051,1.99264865e+00
6270,1.99212539e+00
7454,1.99203090e+00
14676,1.99203090e+00
14769,1.99203090e+00
