Evaluations,Fitness
1,-0.072530
2,-2.698682
8,-3.229175
63,-3.437808
117,-3.583641
139,-3.807045
1090,-3.839883
2129,-3.843240
2156,-3.851953
3132,-3.852795
3610,-3.858476
7092,-3.858572
7222,-3.859092
7761,-3.860786
9033,-3.861814
9604,-3.861875
9728,-3.862166
11214,-3.862213
11433,-3.862309
11940,-3.862323
13389,-3.862551
13422,-3.862573
14272,-3.862580
14274,-3.862722
14735,-3.862728
14788,-3.862733
14862,-3.862737
14898,-3.862739
14909,-3.862746
14922,-3.862746
14955,-3.862749
14978,-3.862749
14979,-3.862749
14980,-3.862749
14983,-3.862749
14984,-3.862749
14985,-3.862749
