Evaluations,Fitness
1,286.126692
2,209.058925
4,24.813584
9,4.212068
23,3.880840
37,-0.650894
87,-0.743534
89,-0.919366
119,-0.925019
127,-0.988650
128,-0.994405
169,-0.997747
173,-1.016865
183,-1.027740
236,-1.030237
777,-1.031516
2976,-1.031566
3247,-1.031606
5592,-1.031609
8008,-1.031625
11362,-1.031628
14760,-1.031628
14833,-1.031628
