Evaluations,Fitness
1,21.468278331472057
6,21.438442481368526
12,21.411992789532405
13,21.367333294260362
14,21.36268264758572
30,21.150083977862284
32,21.12978563604421
71,21.110366436388002
73,21.01374504200584
84,21.01240003887791
92,20.94921585347851
98,20.907731878302997
102,20.78948172609906
126,20.774112976565338
153,20.665607516475063
161,20.518523321853348
182,20.30140906569535
212,19.96232076103904
248,19.92537604792433
252,19.915337881825273
253,19.643735945398568
272,19.494653052304475
283,19.49401262178628
310,19.374351265093633
355,19.281271739150817
366,19.27563177460339
367,18.702774211681394
435,18.701048833708835
437,18.677494329467244
452,18.53865415584105
471,18.460658142618385
484,18.377529546313184
497,18.295571167910836
527,17.836320239566017
603,17.806072886138796
619,17.084302605285643
740,17.062247632471667
828,16.964607482066395
886,16.66260861641268
935,16.63857861492344
964,16.48684133422644
1008,16.480468809322385
1087,16.29189061540171
1100,15.91570391197028
1163,15.586353062859178
1403,15.085087421242116
1462,14.550138265856535
2185,14.535680803316618
2289,14.195841787856958
3202,13.919799581097475
4895,13.76535797929101
5946,13.553782472816657
6009,13.51404046261558
6578,13.485188013030498
6940,13.354274624650964
8238,13.326772335429602
8496,13.175113975372462
8543,13.120275351845239
8664,13.049205987368426
8872,12.90697622430809
9442,12.802565834864117
9896,12.791869417690311
10431,12.790952381557016
10475,12.690711957425561
10557,12.685162055543293
11118,12.597147135622238
11908,12.546830144384158
12018,12.5380344998393
12235,12.46665894324731
12309,12.41495216513747
13705,12.327866104273975
14437,12.326897680465773
14596,12.310100821373426
14619,12.249950408171225
14723,12.243718932814328
14732,12.196732621528001
14765,12.174880146426375
14792,12.169354290235281
14801,12.143532574162167
14831,12.116399402503557
14857,12.08598928858118
14881,12.063900677365789
14883,12.052759846813583
14911,12.032118472411499
14941,12.028832944110764
14953,12.018215082271592
14971,12.016780028557196
14977,12.016231171335527
14985,12.015690537770308
14990,12.013476799632754
14993,12.011667589935005
14999,12.010734184202384
