Evaluations,Fitness
1,540.386074
6,4.823430
