Evaluations,Fitness
1,142.4224816035428
2,8.097899722536804
33,6.822531793336632
43,3.7718804778336423
49,2.7391724162090734
65,2.5831053427898727
67,2.450602414505532
68,1.857953241710078
71,1.5058307579589627
93,0.629426830659364
166,0.5474101441251573
197,0.4060234913195533
276,0.4019717700080978
3252,0.401503448747512
5663,0.3996417930993754
6331,0.39817559334360375
