Evaluations,Fitness
1,2.423901
2,-0.945822
71,-1.009686
117,-1.029129
358,-1.030706
455,-1.030940
1464,-1.031438
2978,-1.031515
3172,-1.031546
3392,-1.031627
13211,-1.031628
14460,-1.031628
14840,-1.031628
14912,-1.031628
14946,-1.031628
14966,-1.031628
14992,-1.031628
