Evaluations,Fitness
1,-1.392241
4,-1.701519
6,-2.188396
13,-2.967616
15,-3.472979
54,-3.530706
195,-3.767973
405,-3.784287
497,-3.828040
796,-3.829865
975,-3.834356
1187,-3.843226
1524,-3.848460
3065,-3.857724
4848,-3.858235
