Evaluations,Fitness
1,21.465242
2,21.320644
16,21.250930
18,21.122946
40,21.084542
46,20.970012
62,20.846032
96,20.822262
103,20.707015
106,20.654822
116,20.607051
123,20.564209
148,20.442321
153,20.419354
162,19.956419
175,19.951601
197,19.866236
213,19.740414
222,19.556482
264,19.553968
275,19.407361
297,19.172237
302,18.959339
346,18.741671
361,18.675094
366,17.722572
430,17.426637
594,17.323812
613,17.167230
662,17.060580
678,16.826448
690,16.430320
718,16.426763
872,16.212745
1042,15.757877
1074,15.715548
1138,15.686661
1203,15.623319
1234,15.487071
1252,15.100325
1279,14.956613
1326,14.937835
2192,14.884418
2359,14.698329
2418,14.479914
2489,14.093374
6398,13.931875
7412,13.821574
7463,13.816789
7580,13.609357
7821,13.455124
9088,13.354814
10330,13.321569
10388,13.252641
10741,13.252596
10896,13.216083
10978,13.098679
11585,13.008397
12742,12.899327
14276,12.864867
14499,12.856561
14503,12.851358
14531,12.845427
14553,12.811282
14593,12.798697
14667,12.791202
14673,12.700999
14729,12.699585
14764,12.663926
14768,12.651440
14818,12.639035
14824,12.613042
14882,12.606621
14885,12.602664
14895,12.599969
14915,12.599016
14922,12.592388
14926,12.591395
14941,12.584301
14946,12.581982
14954,12.581391
14955,12.581088
14962,12.580193
14971,12.578461
14972,12.573524
14974,12.573373
14975,12.572856
14986,12.571728
