Evaluations,Fitness
1,21.496707
4,21.413071
15,21.382335
25,21.316604
46,21.305791
53,21.158778
65,21.010713
131,20.978190
133,20.696328
182,20.617579
200,20.599540
211,20.562061
229,20.507336
240,20.310570
251,20.301743
252,20.214762
286,20.130526
291,20.083390
311,19.760728
342,19.509037
396,19.430223
443,19.423224
457,19.383473
461,19.133619
467,18.965083
516,18.316698
567,17.775780
656,17.746967
695,17.678297
733,17.400228
759,17.137181
876,16.861911
936,16.710577
1040,16.645038
1043,16.443559
1541,16.276560
1549,16.222564
1562,16.200269
1582,16.190537
1583,15.353865
2027,15.214916
2173,14.806566
2362,14.716624
2417,14.592087
2690,14.497871
2743,14.281039
2993,14.138085
4079,14.086147
4319,13.893531
4479,13.805308
4716,13.537406
4794,13.193342
6470,12.962921
7558,12.599117
9445,12.558882
9614,12.456216
9787,12.377451
10083,12.345178
10135,12.285644
10155,12.285041
10168,12.155444
10491,12.136531
10800,12.102090
10853,12.008846
10944,11.985036
11410,11.926286
11483,11.896741
11615,11.857968
12183,11.856137
12227,11.824328
12256,11.741356
13267,11.702625
13609,11.692381
14051,11.657334
14219,11.597291
14295,11.591247
14310,11.573278
14343,11.565286
14375,11.539309
14436,11.504404
14613,11.503354
14616,11.460722
14658,11.443935
14663,11.398477
14686,11.329793
14719,11.304950
14739,11.303741
14765,11.285604
14800,11.247515
14803,11.234822
14867,11.226415
14882,11.220951
14891,11.199842
14923,11.190347
14941,11.185826
14955,11.181586
14960,11.178751
14971,11.177938
14972,11.173961
14973,11.172833
14989,11.168691
