Evaluations,Fitness
1,2.22292393e+02
2,2.41504908e+00
11,-7.88319691e-01
73,-7.93015803e-01
93,-1.01197177e+00
187,-1.02383062e+00
212,-1.02585026e+00
240,-1.02875026e+00
271,-1.03084820e+00
348,-1.03138761e+00
504,-1.03154649e+00
2880,-1.03157082e+00
5884,-1.03158659e+00
6098,-1.03161436e+00
8358,-1.03162518e+00
12836,-1.03162745e+00
14015,-1.03162823e+00
14754,-1.03162840e+00
14967,-1.03162841e+00
14998,-1.03162844e+00
