Evaluations,Fitness
1,473.129074
3,430.304647
22,296.023403
33,199.543329
42,23.882151
45,12.702349
115,8.440477
188,7.964591
257,7.876543
312,7.874809
317,7.874057
318,7.873996
348,3.132612
411,3.044141
429,2.984017
469,2.982560
488,2.982106
1011,2.982106
1117,2.982106
1137,2.982105
1510,2.982105
1716,2.982105
2817,2.982105
3107,2.982105
6705,2.982105
12617,2.982105
14857,2.982105
14975,2.982105
