Evaluations,Fitness
1,21.06507219180143
2,3.7692298449091064
11,3.031134493535184
57,2.3625024776788734
63,0.6597441809712947
108,0.5664699191863498
173,0.41166648483198465
1186,0.397902961322254
14628,0.39789911651667254
14696,0.3978969086445048
14774,0.3978928366886496
14871,0.39789139798921447
14973,0.39788874707604727
14980,0.3978876261744322
