Evaluations,Fitness
1,1.60493455e+03
2,1.57989001e+03
3,1.53679473e+03
4,1.41010140e+03
5,1.31907694e+03
10,1.17652331e+03
42,1.17504749e+03
61,1.09489193e+03
66,1.01211748e+03
94,9.98033396e+02
101,9.15603329e+02
119,8.87629905e+02
141,8.71433140e+02
149,8.25273853e+02
175,7.57904016e+02
262,7.41792010e+02
346,7.32906010e+02
395,7.18244512e+02
423,7.01690589e+02
634,6.82624864e+02
684,6.63752249e+02
1139,6.62993914e+02
1179,6.61330119e+02
1198,6.44103012e+02
1220,5.97226250e+02
1245,5.83139821e+02
1367,5.73376613e+02
1998,5.60192668e+02
2214,5.53235082e+02
3095,5.25382563e+02
4081,5.19127660e+02
5635,4.91457405e+02
6434,4.91406660e+02
6456,4.76721360e+02
6689,4.71789172e+02
6814,4.54488015e+02
6823,4.48106107e+02
6848,4.47990324e+02
7532,4.28209176e+02
8774,4.24380341e+02
8821,4.23935366e+02
9102,4.20867125e+02
10385,4.19007814e+02
10455,4.17704936e+02
10469,4.16149222e+02
11034,4.06934051e+02
11117,4.06634180e+02
11161,4.02296101e+02
11231,3.99785005e+02
11297,3.76253992e+02
11320,3.68340736e+02
11748,3.65096718e+02
11848,3.64700941e+02
11859,3.49710267e+02
12072,3.18749652e+02
12920,3.18296776e+02
12968,3.13751451e+02
13021,3.10750252e+02
13096,3.06824591e+02
13149,3.04782626e+02
13203,2.93626668e+02
13369,2.92842721e+02
13507,2.91953832e+02
13535,2.89555090e+02
13547,2.85694264e+02
13661,2.74231380e+02
13714,2.73484843e+02
13877,2.66397374e+02
13945,2.65496784e+02
14096,2.62353102e+02
14199,2.60989452e+02
14230,2.60926296e+02
14282,2.59840450e+02
14312,2.58906669e+02
14324,2.58504577e+02
14371,2.58054698e+02
14410,2.57472461e+02
14487,2.55509225e+02
14550,2.55249046e+02
14562,2.54193967e+02
14637,2.53794762e+02
14657,2.53394382e+02
14671,2.52917781e+02
14682,2.52084713e+02
14725,2.51190158e+02
14737,2.50804629e+02
14762,2.50325170e+02
14766,2.50062548e+02
14767,2.49933715e+02
14791,2.49167502e+02
14849,2.48994742e+02
14851,2.48724405e+02
14861,2.48282637e+02
14874,2.48263882e+02
14884,2.48131059e+02
14885,2.47791260e+02
14892,2.47657997e+02
14927,2.47593276e+02
14947,2.47389639e+02
14976,2.47121705e+02
