Evaluations,Fitness
1,3194.624138
3,970.586334
5,608.398543
10,236.735399
25,8.252607
42,4.582946
133,4.128495
147,3.165382
156,3.083781
184,3.015425
350,3.002896
1524,3.000662
