Evaluations,Fitness
1,-2.21034944e+00
5,-3.41545739e+00
18,-3.58573157e+00
178,-3.62985696e+00
256,-3.79483071e+00
308,-3.85917534e+00
881,-3.85946736e+00
1029,-3.86047790e+00
7161,-3.86181527e+00
11817,-3.86240439e+00
12122,-3.86242714e+00
12130,-3.86252706e+00
12828,-3.86255299e+00
14046,-3.86260642e+00
14389,-3.86271758e+00
14859,-3.86273255e+00
