Evaluations,Fitness
1,20.716666
3,9.888618
6,8.196620
8,0.686967
98,0.619096
138,0.403022
598,0.400676
883,0.398750
7287,0.398240
8817,0.397917
13813,0.397908
14268,0.397888
14969,0.397888
14990,0.397887
14992,0.397887
