Evaluations,Fitness
1,-0.815639
2,-2.055452
4,-2.646793
17,-3.195403
27,-3.306981
37,-3.395670
92,-3.510021
191,-3.581256
202,-3.654381
211,-3.661704
329,-3.730859
385,-3.756768
678,-3.814254
1022,-3.848568
1776,-3.849813
2609,-3.856212
5151,-3.861842
