Evaluations,Fitness
1,8.83458
3,1.12
23,1.00885
102,0.628467
279,0.48108
369,0.434168
617,0.411961
620,0.403967
1150,0.40056
1233,0.398572
4636,0.398102
9972,0.398102
10392,0.397887
14971,0.397887
14974,0.397887
14975,0.397887
