Evaluations,Fitness
30,23.326869
60,17.371089
150,14.859960
240,12.834510
300,12.708450
540,8.156387
600,3.011758
660,2.990575
720,2.989941
900,2.982262
960,2.982105
2610,2.982105
2880,2.982105
