Evaluations,Fitness
1,-0.303015
2,-3.171670
24,-3.262001
89,-3.399929
147,-3.608513
348,-3.685975
356,-3.768433
586,-3.812285
1209,-3.827525
1349,-3.828172
1530,-3.845570
1774,-3.854915
