Evaluations,Fitness
1,60.994232
4,60.473711
5,9.880052
7,9.116848
16,0.517772
268,0.459435
422,0.455228
447,0.439950
465,0.400618
2530,0.397972
12609,0.397889
14910,0.397888
14970,0.397888
14979,0.397887
