Evaluations,Fitness
1,4.35392684e+04
2,2.23991043e+03
4,8.79767364e+01
20,5.27085773e+01
37,3.72307907e+00
202,3.41417883e+00
217,3.15072077e+00
255,3.06448794e+00
286,3.04289480e+00
426,3.02745091e+00
488,3.01000986e+00
976,3.00954247e+00
996,3.00040712e+00
1398,3.00037356e+00
1408,3.00012999e+00
1593,3.00010570e+00
1827,3.00000628e+00
4686,3.00000302e+00
10556,3.00000217e+00
12412,3.00000177e+00
13517,3.00000170e+00
14742,3.00000165e+00
