Evaluations,Fitness
1,1473.8537247273302
2,1369.5269296405922
32,1346.5196504066216
42,1304.7397286583468
49,1277.7163983026062
56,1268.9333421579827
62,1140.4094619757384
86,1120.563244751361
92,1002.8986605195386
126,980.5553071441173
155,975.0570816831817
172,953.0909731728065
175,883.3660812595888
259,855.8319352836365
319,805.7801738828827
430,786.2708906670579
508,728.8096109561993
863,683.9315995642505
1521,680.9685018486119
1576,652.3779968708427
2541,649.2198032847817
2930,630.0219246100651
4414,600.4650167319631
5120,577.8851074972952
10385,523.7035834847715
