Evaluations,Fitness
1,85.29874377964302
2,15.446612849669988
4,6.958397596142671
16,3.753558341522001
84,2.762632577071229
104,1.1636878133533486
114,0.5275371994397453
215,0.46448088632836004
575,0.40923470164596054
1533,0.40770080631276784
2066,0.40324854395172594
2171,0.4025769949406435
2902,0.3985753926801827
5639,0.398364911403684
10501,0.3979073233595951
14263,0.3979005265566542
14276,0.3978994689599755
14850,0.39788842573839744
14951,0.39788798344462784
