"Evaluations","Fitness"
1,0.00200018599126785
4,0.00200006268578867
5,0.00200004215283143
6,0.00200002742587338
7,0.0020000041649871
8,0.0020000039253131
14,0.0020000034697402
20,0.00200000339458612
23,0.00200000197940325
29,0.00200000062141477
36,0.0020000005905437
