Evaluations,Fitness
30,-3.313833
60,-3.641527
270,-3.822239
1170,-3.827008
1230,-3.861957
