Evaluations,Fitness
1,0.892772
12,0.413103
22,-0.510056
39,-0.915580
82,-0.995558
202,-1.006259
212,-1.020241
245,-1.031359
954,-1.031583
5198,-1.031614
5954,-1.031626
12011,-1.031627
13837,-1.031628
14491,-1.031628
14958,-1.031628
14961,-1.031628
14991,-1.031628
