Evaluations,Fitness
1,1549.832134
3,1439.378638
4,1289.594401
31,1252.268308
32,1236.792556
34,1181.458297
48,1167.626246
58,1153.060413
70,1073.674860
75,1070.722466
116,1070.156378
121,1032.093679
126,1012.540795
135,967.190610
152,891.199160
214,828.396276
248,791.328140
277,769.768945
415,754.879923
436,749.634772
437,722.510381
439,712.252118
482,674.874074
524,673.258971
593,657.716994
1017,646.034586
1181,636.428941
1781,593.588355
1978,588.828555
2016,584.964910
2271,559.452664
2476,539.063682
2893,524.458236
3060,518.561307
4400,515.230611
4882,507.248452
6775,502.374193
6797,497.548427
7172,494.331622
7597,483.961016
8725,483.641314
8783,444.500599
10117,436.740745
11140,434.780191
11260,426.856298
11668,426.309787
11808,414.072414
11919,409.205245
11927,404.133092
12688,398.990409
12821,397.149735
12988,394.118702
13081,392.397177
13261,380.226665
13521,373.575918
13624,369.123856
13649,366.073291
13738,364.514917
13771,362.635864
13893,359.811289
13963,358.764457
13998,357.857621
14001,357.530726
14062,355.176165
14073,354.398065
14163,352.721080
14268,351.728906
14332,350.666858
14368,349.431628
14397,348.467114
14413,347.162704
14480,347.008398
14527,346.628243
14549,345.538638
14553,345.397744
14592,345.012014
14594,344.885193
14598,344.848270
14671,344.109414
14713,343.910135
14720,343.737214
14721,343.635322
14732,343.005708
14769,342.325844
14823,342.244938
14825,342.115559
14834,342.076143
14839,341.594205
14858,341.379624
14881,341.302353
14882,341.164760
14918,341.164333
14925,341.013277
14935,340.715794
14956,340.678045
14971,340.658275
14972,340.575355
14991,340.529974
