Evaluations,Fitness
1,1139.229205
5,1122.137922
8,1046.853186
9,925.016977
34,897.568747
52,885.733444
92,850.073825
102,840.057225
127,832.046121
151,766.896512
200,722.318869
242,697.651181
263,684.817043
274,678.063174
309,667.288773
388,647.633129
427,615.928110
457,587.052345
549,565.332524
605,556.478006
650,549.242854
691,497.699853
712,492.791833
743,471.474442
795,431.720906
898,430.575146
909,424.974107
927,406.467781
1021,382.798803
1071,333.702863
1131,326.862350
1179,308.865713
1220,292.802275
1269,292.407904
1292,264.351830
1309,255.402223
1448,230.953352
1494,209.317836
1704,188.525460
1709,176.226803
1772,154.396955
1802,139.271018
1839,128.538831
1893,127.547601
1975,108.323642
1979,99.282589
2028,88.488451
2118,68.234135
2281,62.956815
2285,46.805373
2346,44.115902
2438,42.782563
2440,38.191811
2447,31.741407
2479,30.929054
2481,24.386261
2639,19.014252
2767,18.868107
2772,18.152006
2778,17.321911
2795,13.267773
2833,11.682115
2868,11.422261
2896,10.683996
3003,9.271380
3023,8.908569
3051,8.637923
3373,8.469852
3391,8.161022
3420,7.925998
3459,7.628206
3499,6.576669
3549,6.187387
3606,4.882346
3819,3.416631
4897,2.946960
4999,2.688524
6815,2.567471
6986,2.520265
7233,2.431375
7328,2.300207
7525,2.285057
7559,2.265008
8478,2.253727
8847,2.196968
12879,2.175587
