Evaluations,Fitness
1,13.397987
5,6.288124
32,5.020550
35,4.813994
43,2.772249
44,1.489006
87,1.282496
98,0.695410
112,0.656202
342,0.499714
544,0.497017
572,0.430512
757,0.414898
1147,0.411221
3295,0.408868
3615,0.407467
3966,0.401305
5113,0.399480
5651,0.399023
7440,0.398089
11507,0.397923
14191,0.397895
14750,0.397892
14801,0.397890
14949,0.397889
14972,0.397888
14986,0.397888
