Evaluations,Fitness
1,21.398414264549743
11,21.376328323685726
14,21.20499101627357
38,21.177026327102094
46,21.033400760166813
71,20.948377366207364
76,20.83792609710992
101,20.63610942959921
156,20.60505463617723
170,20.524016573999976
183,20.356444330333407
194,20.29919696644385
199,20.202546262073486
252,20.079416426964496
263,19.955788035881515
290,19.934321379619814
293,19.767375615419585
352,19.746659134278776
361,19.49296283467568
374,19.13691718873014
427,19.04138813858909
459,18.82097806227956
542,18.77590033175342
558,18.563662374205613
628,18.522398454985325
651,18.49468160304671
672,18.231246182750528
721,18.14712627118871
820,17.808244656077722
924,17.672813190243208
964,17.5294044231455
971,17.516680423413593
997,17.428580742809952
1043,17.352874280337648
1071,17.21890680165658
1207,17.17226910393397
1903,17.148785458697425
2057,17.101132687855266
2176,17.065167059008406
2193,17.0397104558764
2199,16.88266861805072
2295,16.57758369860957
2652,16.543927926086287
2944,16.451827441089055
3032,16.44052284261053
3405,16.340867053955517
3954,16.280939156729545
3958,16.278953070210573
3968,16.266648938686018
4194,16.198137456065915
4217,16.17332366150471
4969,16.049553173249045
5563,16.039011147622155
5717,15.916581258070675
6109,15.80219102244473
6270,15.77665133054641
6595,15.738381000747172
6641,15.699510345884574
6646,15.66853078955312
6667,15.563973039783392
6687,15.297411263031542
7768,15.1982720190514
7883,15.048397874649764
8411,15.02989049416129
8440,15.01432597096144
8491,14.96670354039984
8504,14.882260638756687
9016,14.728689021183044
9968,14.690745642801502
10394,14.660715544293936
10432,14.639792360938593
10928,14.542334620784182
11915,14.50246610137673
12599,14.486497576661064
13714,14.462230451403697
13917,14.437290757360179
14362,14.417391427881201
14380,14.412612095118163
14394,14.405844773780892
14405,14.28910694518973
14678,14.251672909610717
14683,14.251513441607397
14720,14.24967974371528
14722,14.231658708633232
14734,14.186118396131114
14766,14.121388269440823
14787,14.117250563275515
14800,14.115047555205631
14803,14.070960005793316
14827,14.063876362618677
14835,14.03604261761795
14847,14.02538251403936
14848,14.016086057891227
14857,13.999339919597517
14882,13.99527064376921
14885,13.981376570546065
14902,13.980069448507416
14918,13.962377109991168
14923,13.95654468410218
14937,13.952191585693644
14942,13.938063077524781
14944,13.934437288833063
14973,13.929442659994335
14977,13.926357456217577
14991,13.924768342128871
