Evaluations,Fitness
1,13932.74229069931
3,157.3940526861714
6,134.37747473045803
11,53.519461848961846
59,28.826692690675333
67,7.449547846500443
82,5.7801532494768395
109,3.315256737997845
217,3.070442413570808
275,3.051664221855898
306,3.048494509297803
318,3.013377890556287
949,3.0083714323847386
1482,3.0013438879352456
1614,3.0001265840658404
2438,3.0001050548475967
4343,3.000013322699152
5873,3.000009844068198
14853,3.000009463111144
14926,3.0000082091443225
