Evaluations,Fitness
1,27.004179
3,22.300394
4,8.500290
11,5.271750
27,3.385639
45,2.332662
48,2.071532
74,1.321048
83,0.798009
118,0.521749
126,0.441259
164,0.427772
215,0.425262
903,0.424690
3276,0.413016
3299,0.405807
3390,0.404869
4829,0.400280
8686,0.399904
8740,0.399644
9563,0.398132
10429,0.398114
11347,0.398088
12280,0.398064
12876,0.397916
13983,0.397899
14136,0.397896
14869,0.397893
14880,0.397890
14986,0.397889
14999,0.397888
