Evaluations,Fitness
1,-1.735850
8,-3.686472
114,-3.725319
404,-3.809350
486,-3.856710
2181,-3.858743
3134,-3.860092
6228,-3.862530
13328,-3.862669
14173,-3.862737
14395,-3.862764
14816,-3.862779
