Evaluations,Fitness
30,-3.110294
60,-3.243902
150,-3.814783
300,-3.825949
750,-3.830001
2190,-3.842433
2280,-3.851242
2730,-3.853898
4350,-3.854013
8910,-3.854486
9930,-3.854827
14250,-3.854849
14520,-3.854863
14820,-3.854878
14850,-3.854893
14910,-3.854895
14970,-3.854900
