"Evaluations","Fitness"
1,20926.0387694421
2,270.254800539257
13,132.837999403336
39,41.8195337598363
47,36.3208742845341
52,18.6730619787126
77,9.76219258972055
104,6.06015449626675
128,3.47021216531458
238,3.25011162279839
249,3.15175958178612
315,3.14063548895793
528,3.09014796985143
596,3.00626213844437
1022,3.00253807039062
1118,3.00190521331061
1199,3.00029906104306
1526,3.00004299172849
1606,3.00003773154454
2935,3.00000999686486
5738,3.00000733744494
14620,3.00000509138177
