Evaluations,Fitness
1,-1.57836704e+00
2,-3.59621886e+00
97,-3.62506136e+00
106,-3.66872292e+00
108,-3.72496752e+00
575,-3.82344584e+00
841,-3.85990722e+00
9244,-3.86036571e+00
10038,-3.86094470e+00
13630,-3.86108086e+00
13736,-3.86121208e+00
13845,-3.86121898e+00
14188,-3.86124540e+00
14586,-3.86132510e+00
14775,-3.86135092e+00
14906,-3.86137633e+00
14959,-3.86137761e+00
14989,-3.86138480e+00
