Evaluations,Fitness
30,641237039.645222
60,636337564.284380
90,536845441.893808
120,307128366.140979
150,276632889.179758
180,142067579.905547
240,115071192.543830
300,92715022.703324
330,67219970.654476
360,66489422.381279
390,59398331.146909
420,47511539.386213
450,31403371.334209
480,25954808.744248
510,25759007.584280
540,21950001.692370
570,19607293.932369
600,11869032.732061
630,8147470.188539
660,5255628.958887
690,3751413.997629
720,2697824.452658
780,1485278.970170
840,1028005.281949
930,918747.065278
960,508486.292442
990,246632.623133
1080,221474.579954
1110,181163.479617
1170,117465.235236
1200,110916.523703
1230,59242.471017
1260,56745.259091
1290,38711.348712
1320,30055.003156
1350,20307.394411
1380,18410.554268
1440,14009.537595
1470,13866.128948
1530,9625.035535
1560,7637.229903
1590,7410.916221
1620,5772.899527
1650,5129.768943
1680,3302.009244
1710,2326.150910
1740,1788.844478
1770,1358.890011
1800,1260.776181
1830,718.133764
1860,643.876323
1890,442.634747
1920,246.530924
2010,159.431703
2070,152.797026
2100,139.391186
2130,131.049064
2160,119.067310
2190,104.307033
2250,94.536167
2280,85.814696
2310,82.182911
2340,80.331072
2370,77.586898
2400,74.643919
2430,71.218338
2460,68.188060
2490,66.922213
2520,65.378371
2550,64.670153
2580,62.983644
2640,61.994682
2670,61.629381
2700,60.809417
2730,60.548100
2760,59.868579
2790,59.455293
2820,59.275586
2850,59.052016
2880,58.854523
2910,58.618488
2970,58.572727
3000,58.434134
3030,58.382134
3060,58.312236
3090,58.053560
3240,57.862410
3270,57.837475
3330,57.811272
3360,57.753921
3420,57.680089
3450,57.661784
3600,57.543792
3660,57.447695
3690,57.406710
3720,57.289175
4380,57.264082
4410,57.231692
6630,57.225600
7140,57.212571
7470,57.210087
7590,57.206930
10980,57.202790
12720,57.199828
12750,57.198248
12840,57.196767
12870,57.195879
12930,57.193573
12960,57.193115
13230,57.188990
