Evaluations,Fitness
1,1.39565219e+03
2,3.91620050e+02
3,3.91377117e+01
20,2.40122160e+00
24,-9.60549156e-01
89,-9.60997728e-01
96,-9.90119821e-01
141,-1.02187717e+00
181,-1.02663902e+00
311,-1.03100028e+00
484,-1.03149334e+00
758,-1.03154610e+00
1758,-1.03162051e+00
2290,-1.03162147e+00
6398,-1.03162263e+00
8303,-1.03162756e+00
13265,-1.03162764e+00
13440,-1.03162817e+00
14738,-1.03162817e+00
14790,-1.03162829e+00
14854,-1.03162840e+00
14946,-1.03162841e+00
14985,-1.03162845e+00
