Evaluations,Fitness
30,703467660.690681
60,583754485.383912
90,414482859.988991
120,287373990.184990
150,227332837.801059
180,218452826.005924
210,151874177.367559
240,88304411.234573
270,86428019.272003
300,81097563.086013
330,68558771.279778
360,50269096.585624
390,49716442.645970
420,32323977.727762
510,26849213.255394
540,12218068.262687
570,8304616.665216
600,7104189.536141
630,6225579.406603
660,5081335.852922
690,2230121.193477
720,1796158.052059
750,1184892.495819
780,1054257.243732
810,780541.979456
840,574143.081274
930,348141.546677
990,188691.526948
1020,182735.445214
1080,157173.069760
1110,84026.994058
1170,65208.210956
1200,28658.826105
1260,22329.384881
1290,17677.588133
1320,13924.246294
1350,10124.804156
1380,8105.790208
1410,4755.462503
1470,4223.200042
1500,2439.248370
1530,1918.445851
1560,1272.129182
1590,1085.591623
1620,867.145670
1650,758.984473
1680,543.694976
1710,419.218981
1740,363.421089
1770,353.728507
1800,274.860263
1830,197.725262
1860,181.190076
1920,149.685771
1950,140.849215
1980,125.800044
2010,123.039235
2040,105.959986
2070,96.693513
2100,83.103185
2130,82.011610
2160,80.104869
2190,77.058433
2220,74.774436
2250,71.703545
2280,70.315848
2310,65.858701
2340,65.832172
2370,63.076789
2430,61.657654
2460,61.142358
2490,60.744794
2520,60.267547
2550,59.839337
2580,59.716150
2610,59.451601
2640,59.217448
2670,58.986779
2730,58.872073
2760,58.838702
2790,58.798283
2820,58.732082
2850,58.653650
2880,58.583027
2940,58.567203
2970,58.544718
3180,58.543443
3210,58.510627
3240,58.480363
3300,58.446547
3330,58.388706
3360,58.299059
3390,58.204060
3420,58.120433
3450,58.037990
3480,58.004849
3510,57.984039
