Evaluations,Fitness
1,389.835108
9,132.918275
36,60.685360
44,5.181517
87,3.835904
179,3.305980
243,3.137986
252,3.097425
272,3.024797
593,3.015576
666,3.002622
961,3.001645
3481,3.000163
6166,3.000122
8482,3.000007
8993,3.000003
11413,3.000000
