Evaluations,Fitness
1,-0.381095
2,-2.294282
6,-2.425303
13,-2.903912
27,-3.111906
29,-3.381684
43,-3.596066
79,-3.779178
149,-3.794683
364,-3.796280
389,-3.815922
545,-3.843760
987,-3.847098
1291,-3.853067
2528,-3.853073
3464,-3.853954
6355,-3.854619
9606,-3.854870
13248,-3.854871
14237,-3.854893
14345,-3.854901
