Evaluations,Fitness
1,4843.813509817143
2,34.71139297580886
18,33.185816188993165
32,10.67241722996151
36,8.60649582580289
74,5.505577134107079
84,3.1300518379732027
155,3.0382549399725858
263,3.0256166370321957
282,3.0039936748749416
286,3.000265073740004
1673,3.0002075098580887
2246,3.000186994906693
2546,3.0000310871446634
2954,3.000019241258709
7162,3.0000155751430877
7482,3.0000080546465
9045,3.000001436294115
14784,3.000000917483983
14875,3.0000008332166956
