Evaluations,Fitness
1,8.74661297e+04
2,6.74151753e+04
3,3.10427572e+02
5,1.61921556e+02
21,9.44341313e+01
25,9.09454304e+01
28,2.52398223e+01
32,6.25792705e+00
116,3.57873564e+00
219,3.00430732e+00
448,3.00173835e+00
975,3.00109925e+00
1072,3.00107695e+00
1366,3.00094571e+00
1410,3.00078640e+00
1513,3.00015235e+00
1834,3.00003007e+00
3755,3.00002883e+00
4732,3.00000635e+00
9741,3.00000395e+00
14843,3.00000367e+00
