Evaluations,Fitness
30,0.879304
90,0.724233
150,0.659381
180,0.519251
300,0.412911
900,0.409473
1050,0.401340
2250,0.399210
4320,0.397944
9750,0.397894
14790,0.397889
14970,0.397888
15000,0.397888
