Evaluations,Fitness
1,9.68943100e+00
15,4.86966411e+00
19,4.08008003e+00
50,5.20205106e-01
99,5.13733680e-01
187,4.96447471e-01
213,4.94863432e-01
357,4.41480060e-01
396,4.06913310e-01
572,4.03705527e-01
896,4.03585393e-01
985,3.98835744e-01
5420,3.98086519e-01
8593,3.98000748e-01
9806,3.97928519e-01
14484,3.97902504e-01
14793,3.97887638e-01
