"Evaluations","Fitness"
1,12.2819184441248
2,7.97680874994826
3,6.05678045534675
4,1.62231720538987
21,0.458347840351827
222,0.45168269734951
660,0.410742183745269
1306,0.403521513646304
6015,0.400820596848421
6145,0.400215139370731
9508,0.400021349815963
11573,0.398441208450343
12089,0.398074149417191
13977,0.398072530834328
14080,0.397927961249399
14385,0.397890197538141
14845,0.397890050384115
14972,0.397888732758242
14981,0.397888605054913
15004,0.397888448498511
