Evaluations,Fitness
1,1893.607352
5,430.152854
6,37.989835
31,24.300662
52,8.666771
113,5.275898
133,4.074051
140,3.510854
148,3.394025
178,3.194729
212,3.063295
294,3.007239
717,3.004962
895,3.001024
1179,3.000496
2523,3.000455
3347,3.000002
11766,3.000000
11890,3.000000
14262,3.000000
14783,3.000000
