Evaluations,Fitness
1,2.86036991e+01
2,1.02585603e+01
8,8.63753694e+00
15,3.52258239e+00
36,1.53521658e+00
77,6.59417405e-01
398,6.20667591e-01
994,4.13535108e-01
1647,3.99710915e-01
4828,3.98407312e-01
8421,3.97935325e-01
13867,3.97912648e-01
14155,3.97903232e-01
14167,3.97895404e-01
14945,3.97890679e-01
