Evaluations,Fitness
1,1.41255320e+03
10,1.36313965e+03
12,1.21004205e+03
39,1.20472028e+03
42,1.14109824e+03
44,1.10928484e+03
67,1.02755655e+03
114,9.50311492e+02
223,8.80241102e+02
276,8.66116092e+02
303,8.29380097e+02
312,7.96485120e+02
354,7.58599774e+02
366,7.42523851e+02
412,7.27180532e+02
480,7.27004980e+02
677,7.23114223e+02
754,6.18706510e+02
1438,6.02324123e+02
1682,5.50572700e+02
3316,5.33610466e+02
4359,5.16813408e+02
7367,5.02360717e+02
7905,4.99651890e+02
8135,4.98429642e+02
8931,4.96428179e+02
9400,4.84055136e+02
9492,4.56041253e+02
9817,4.11543264e+02
10526,4.03608124e+02
11490,3.81804386e+02
11847,3.77911213e+02
12108,3.69156843e+02
12336,3.59392994e+02
12526,3.59149571e+02
12605,3.47589622e+02
12824,3.40906648e+02
12859,3.33928225e+02
12928,3.26690657e+02
13170,3.21336190e+02
13197,3.19735373e+02
13390,3.18644998e+02
13465,3.11579303e+02
13523,3.11128269e+02
13557,3.09557465e+02
13645,3.08210713e+02
13649,3.06927286e+02
13673,2.99730816e+02
13788,2.94435234e+02
13793,2.89954759e+02
13820,2.85781277e+02
14012,2.81220721e+02
14050,2.80388334e+02
14186,2.79392799e+02
14222,2.79130929e+02
14231,2.76828797e+02
14266,2.76157455e+02
14292,2.76039113e+02
14294,2.75699015e+02
14371,2.75186542e+02
14405,2.74327968e+02
14410,2.73130196e+02
14443,2.72983981e+02
14465,2.72289727e+02
14474,2.71814943e+02
14475,2.71337906e+02
14507,2.69668341e+02
14526,2.68427603e+02
14580,2.67952957e+02
14599,2.67639067e+02
14624,2.67018309e+02
14637,2.66984565e+02
14642,2.66649040e+02
14663,2.66342506e+02
14690,2.65980684e+02
14703,2.64726094e+02
14732,2.64540891e+02
14738,2.63611026e+02
14767,2.63165354e+02
14819,2.63095303e+02
14820,2.62805422e+02
14850,2.62788677e+02
14851,2.62464205e+02
14853,2.62129961e+02
14880,2.61995538e+02
14893,2.61788981e+02
14916,2.61280944e+02
14947,2.61018761e+02
14971,2.60903589e+02
14976,2.60903180e+02
14987,2.60871251e+02
14991,2.60866762e+02
