Evaluations,Fitness
1,4.99994179e+02
3,4.97945056e+02
6,1.26032270e+02
11,3.21598018e+01
27,1.72865963e+01
57,7.48069623e+00
388,7.31110275e+00
445,6.90346231e+00
499,6.67727554e+00
617,6.61464278e+00
618,5.95397205e+00
977,1.05249598e+00
998,1.04953808e+00
1866,1.03524124e+00
2156,9.99308860e-01
3312,9.98005261e-01
5224,9.98003838e-01
14949,9.98003838e-01
14981,9.98003838e-01
14993,9.98003838e-01
