Evaluations,Fitness
1,499.999505
2,499.996998
3,499.981220
4,499.954142
6,499.856458
12,499.736893
15,497.584018
17,492.820703
19,452.949282
33,167.221302
60,147.348885
67,23.563423
71,17.140576
142,16.413369
158,7.875808
211,5.169230
381,1.629102
