Evaluations,Fitness
1,14293.139435
2,84.484706
27,56.254586
46,40.448746
64,38.177499
66,35.333772
71,31.870273
78,8.429389
101,7.780497
111,4.823551
158,4.401676
195,3.006733
1742,3.000030
3945,3.000006
4678,3.000000
14158,3.000000
