Evaluations,Fitness
1,165.3303177360445
5,34.589860524419045
8,6.352052586434561
31,-0.33408819214714847
69,-0.3717912149291268
82,-0.8930028776844577
105,-0.9451391771947464
165,-0.9965453903918055
172,-0.9989094808272014
201,-1.0238282724457664
216,-1.0254232990739325
234,-1.0295565189570617
241,-1.0298796088435107
408,-1.0303640150137496
457,-1.0314103404675812
501,-1.0315823484946796
3026,-1.0316176953497302
9685,-1.0316230405193345
