Evaluations,Fitness
1,30.239149
81,16.365457
92,7.835463
100,7.793450
107,5.632593
129,4.925505
192,3.599451
240,3.552320
246,3.542205
264,3.406738
302,3.041624
582,3.021372
715,3.000233
