Evaluations,Fitness
1,-1.38985709e-01
2,-2.39151107e-01
3,-3.49565274e-01
4,-1.65544982e+00
12,-1.71338870e+00
13,-2.40078537e+00
17,-3.20227967e+00
23,-3.67921730e+00
150,-3.82775876e+00
441,-3.85356667e+00
2578,-3.86013946e+00
4971,-3.86103890e+00
5642,-3.86226685e+00
12622,-3.86237888e+00
12887,-3.86253150e+00
13732,-3.86259722e+00
13772,-3.86263085e+00
14305,-3.86266042e+00
14726,-3.86269334e+00
14891,-3.86270082e+00
14921,-3.86270125e+00
