Evaluations,Fitness
1,21.512523
2,21.373086
3,21.162360
33,21.032272
79,20.982659
96,20.839409
128,20.599383
186,20.513116
192,20.380514
229,20.279340
250,19.557268
292,19.448334
301,19.063717
336,18.962839
361,18.653271
372,18.616946
391,17.849687
616,17.226242
646,17.101173
666,16.786737
722,16.518948
784,16.327992
910,16.298974
949,16.263871
1014,16.196992
1027,16.121295
1067,15.424692
1207,15.141497
1647,14.896359
2062,14.449004
3978,14.444066
4643,14.305090
6134,14.298281
6486,14.040239
6715,13.972691
7987,13.939799
8295,13.918357
8389,13.832945
8581,13.832486
8761,13.793064
9472,13.788905
9502,13.754175
9530,13.753162
9662,13.738627
9676,13.697569
9762,13.602145
10673,13.579145
10723,13.490844
10895,13.490219
10971,13.455630
10975,13.451641
10977,13.436830
11071,13.382579
11652,13.367932
12340,13.296431
12882,13.288971
12967,13.246786
13002,13.236743
13017,13.191887
13414,13.187173
14552,13.174684
14582,13.124607
14642,13.124403
14657,13.110709
14665,13.101363
14674,13.096793
14686,13.025875
14727,13.022199
14780,13.020758
14784,13.017583
14792,12.998400
14803,12.989672
14822,12.976503
14836,12.962871
14851,12.953258
14872,12.953140
14881,12.942891
14882,12.940369
14883,12.939550
14911,12.935435
14913,12.919702
14916,12.917630
14921,12.909990
14941,12.906321
14942,12.895495
14954,12.894946
14972,12.893752
14973,12.888112
14979,12.881015
