Evaluations,Fitness
1,-1.663736
3,-3.058820
22,-3.188487
24,-3.452231
85,-3.761518
201,-3.788149
285,-3.844049
1707,-3.851213
3209,-3.851465
3311,-3.861761
8920,-3.862606
9585,-3.862658
14187,-3.862664
14293,-3.862688
14455,-3.862707
14550,-3.862728
14773,-3.862751
14879,-3.862768
