Evaluations,Fitness
1,-2.15327272e+00
2,-2.41344691e+00
6,-3.24897471e+00
25,-3.46201797e+00
84,-3.80171403e+00
431,-3.84260250e+00
729,-3.85926760e+00
4255,-3.85985074e+00
5704,-3.85993165e+00
5846,-3.86078060e+00
9119,-3.86171110e+00
11180,-3.86246830e+00
12926,-3.86257349e+00
14589,-3.86261652e+00
14744,-3.86263970e+00
14954,-3.86264429e+00
14994,-3.86264929e+00
