Evaluations,Fitness
1,21.597674220082
2,21.49700219254826
4,21.370001659734275
14,21.30646787123569
20,21.27141142422388
36,21.227638766619723
43,21.09270495190818
46,20.953473019898492
73,20.769381861024364
111,20.752492098769608
128,20.561155894248724
179,20.497253725241826
193,20.438296959124674
203,20.42785657056271
213,20.295428428876185
224,20.109745903987726
294,20.081923312897473
303,19.83710943671005
309,19.73392044855763
333,19.57749709118644
363,19.488994629490264
403,19.24289639139317
422,19.237558149653697
423,19.03738978772255
443,18.885172523454376
482,18.75977511231653
509,18.733397002256414
512,18.71185514842289
520,18.578022517323898
527,18.535856848345446
539,18.519083644274282
557,18.276857573159578
573,18.208321005565043
631,17.6273168210645
723,17.534942072635314
753,17.51436824336597
802,17.447163669976035
903,17.33701607690445
1011,17.252910636534548
1071,16.990524215208286
1157,16.989315804791097
1198,16.855188356612146
1349,16.607533398451444
1479,16.457551459179935
1509,16.167154024849058
2148,15.871013541384164
3362,15.832347464012791
4272,15.65103913239625
8011,15.511555467031142
