Evaluations,Fitness
1,4028.187202
2,633.526222
4,227.876071
5,1.188850
11,-0.642360
93,-0.904587
104,-1.031331
587,-1.031598
5828,-1.031611
5875,-1.031625
10489,-1.031627
14093,-1.031627
14391,-1.031627
14455,-1.031628
14935,-1.031628
14944,-1.031628
14958,-1.031628
14977,-1.031628
