Evaluations,Fitness
1,17.210765
3,12.661327
9,7.646521
10,7.572145
15,3.467507
18,0.525803
206,0.446697
667,0.419188
1768,0.415363
2028,0.409204
5982,0.398600
9804,0.397947
9807,0.397907
12365,0.397906
14665,0.397887
