Evaluations,Fitness
1,-0.205486
2,-1.94396
8,-2.73455
11,-3.24452
34,-3.27802
63,-3.31642
66,-3.51634
98,-3.68984
99,-3.78885
324,-3.82128
471,-3.82915
873,-3.83367
1116,-3.85433
4823,-3.85492
4835,-3.855
6985,-3.85596
14445,-3.85597
14859,-3.85599
14952,-3.85599
14959,-3.85599
14964,-3.85599
