Evaluations,Fitness
1,9.36014957e+02
5,3.66378001e+00
22,2.16408161e+00
30,1.17471043e+00
47,7.31464246e-01
52,4.63988172e-01
69,3.80838096e-01
74,-4.50501736e-01
85,-7.78698099e-01
90,-8.72838406e-01
126,-1.02042529e+00
167,-1.03011475e+00
398,-1.03020346e+00
478,-1.03097472e+00
587,-1.03108909e+00
790,-1.03147719e+00
1756,-1.03157891e+00
2763,-1.03162544e+00
6677,-1.03162810e+00
13967,-1.03162822e+00
14458,-1.03162843e+00
14824,-1.03162845e+00
14910,-1.03162845e+00
