Evaluations,Fitness
1,9030086.671190482
3,8741695.070874248
4,8195483.4816064285
7,7053564.075641823
26,6408514.161427719
28,6403744.79054096
39,4915537.070352786
61,4305042.17227011
74,4162922.1647562454
95,4077969.009314036
96,3967892.2591054263
127,3850331.9224350117
130,3677710.966078613
155,3543478.207991927
156,3354918.524880879
187,2500155.9080849797
213,2405072.3360861423
218,2232415.3889444745
250,2191558.121156619
259,2010839.8314920848
292,1946847.852546606
322,1702161.4639494093
352,1519010.7728651224
426,1294048.2745289449
496,1255643.5596799063
507,1088819.3905536924
514,1061077.4691332052
591,1031393.5802325257
641,1024276.4442424965
674,1004726.1748428585
678,993880.4998069424
701,936714.967798915
704,916936.3146946683
753,850537.529448503
916,835547.8797328697
979,831793.6413199008
993,772203.7525499723
1161,740916.3604951499
1239,692159.2454062912
2372,634879.2645354146
2607,584499.2617194675
3507,583133.6518790126
3617,564585.2189437124
3777,493101.5679132629
4070,480081.7215164785
4586,475710.13211075397
4773,460650.4150810684
5378,455662.051033563
5703,367695.1715389572
5888,367115.1532450254
14660,354325.5251173687
14826,350542.8757552626
