Evaluations,Fitness
1,1216.057121
2,1106.894489
6,1064.759256
7,1063.357514
12,924.315973
36,853.686757
81,840.988822
89,800.608787
155,786.308069
176,753.299405
253,741.040233
263,662.625646
309,661.542205
344,625.423275
446,584.195062
536,546.119891
730,531.175615
776,503.354721
817,497.768086
830,471.702195
900,430.995876
929,383.010899
1373,376.798646
1442,366.041115
1467,357.174013
1498,319.723355
1534,302.338862
1604,290.176385
1623,276.602702
1634,271.960964
1667,266.458629
1674,246.187296
1713,240.641717
1803,238.752193
1821,226.632471
1862,220.737832
1902,209.952565
1946,204.171193
1983,195.963972
2026,187.215149
2041,170.972432
2073,168.918469
2097,165.742899
2107,158.014963
2154,153.228307
2161,152.116004
2174,147.604705
2185,144.991810
2248,141.353992
2256,136.894362
2302,109.755781
2322,92.281370
2403,78.638889
2440,76.976012
2443,65.417823
2458,57.662867
2475,53.695339
2503,36.286177
2823,34.333835
2849,33.751176
2988,27.863833
3300,26.780029
3673,24.730070
3766,24.641524
3788,22.651124
5195,17.422132
5491,16.983353
5761,16.542864
6030,15.641776
6246,14.387569
6491,13.686321
6767,13.604125
6820,12.170863
6974,11.728837
7102,9.124010
8389,8.883321
8497,7.955664
8952,7.743593
8976,7.577407
9793,7.411739
10452,7.175903
10529,6.794391
10863,6.771281
11102,6.752125
11436,6.744808
11580,6.660101
11914,6.614369
12146,6.347269
13512,6.290749
13644,6.260716
13717,6.212234
13732,6.143060
13890,6.104850
14013,6.066818
14155,6.065398
14200,6.047216
14309,6.039522
14396,6.037651
14442,6.023065
14527,6.018138
14530,6.017837
14535,6.014917
14577,5.997365
14587,5.991086
14657,5.988440
14681,5.975421
14738,5.970390
14746,5.967670
14783,5.962588
14797,5.949929
14808,5.949364
14851,5.946632
14855,5.946213
14859,5.944673
14860,5.931203
14886,5.925739
14939,5.925592
14941,5.925438
14945,5.923570
14953,5.923058
14964,5.921551
14977,5.920542
