"Evaluations","Fitness"
1,-2.3126028092418
11,-2.39716448067108
14,-2.63577148142103
19,-3.67554318607734
116,-3.71365800939224
298,-3.81897787013227
400,-3.82306688992059
