"Evaluations","Fitness"
1,2550.40988588304
2,498.763878239688
3,62.1622988522088
4,21.086754961086
5,11.7822452779798
12,1.95891703434254
69,0.0285858916820647
129,-0.0513888955621012
140,-0.0982347616201538
141,-1.0302277779548
