Evaluations,Fitness
1,475.80617225748523
6,452.9666723550155
15,46.344530385911526
43,15.34190966120324
167,6.948283544945394
507,2.3849962473642576
635,2.1680042490793214
656,1.0089380554398417
1083,0.9982293071082161
1243,0.998004564204679
1693,0.9980043159428609
2096,0.9980038875890602
2216,0.9980038530289711
2293,0.9980038388194469
2383,0.998003838249166
2443,0.9980038380995409
2503,0.9980038379805038
3206,0.9980038378199623
3536,0.998003837819282
3835,0.9980038378178673
3853,0.9980038378159057
3896,0.998003837809327
3926,0.9980038378060974
3956,0.9980038378049885
3986,0.9980038378047981
4046,0.9980038378046148
4076,0.9980038378044944
4093,0.9980038378035089
4226,0.9980038378011669
4423,0.9980038377996486
4453,0.9980038377979472
4483,0.9980038377969725
4513,0.9980038377963993
4543,0.9980038377960534
4573,0.998003837795838
4603,0.9980038377957013
4633,0.9980038377956122
4653,0.9980038377946097
4693,0.998003837794469
5293,0.9980038377944564
5743,0.9980038377944556
5773,0.9980038377944549
5863,0.9980038377944547
5885,0.998003837794454
5923,0.9980038377944511
6103,0.9980038377944509
6163,0.9980038377944507
6223,0.9980038377944505
7055,0.9980038377944502
8882,0.99800383779445
10742,0.9980038377944498
10832,0.9980038377944496
