Evaluations,Fitness
1,72895642.899946
6,21230400.492103
9,1209797.636014
20,726.367090
37,600.000000
60,390.846485
70,125.092668
255,101.856686
370,85.891520
