Evaluations,Fitness
1,-0.000000
4,-0.000000
10,-1.809753
27,-2.244093
41,-2.577881
57,-3.308951
118,-3.711657
418,-3.731940
534,-3.797258
568,-3.800567
624,-3.851786
932,-3.853177
1224,-3.854406
1284,-3.855117
1330,-3.855905
1344,-3.857220
1404,-3.857725
1431,-3.857748
1442,-3.861878
2342,-3.862331
2732,-3.862551
3028,-3.862580
3148,-3.862618
3298,-3.862623
3354,-3.862768
3893,-3.862771
4164,-3.862776
4314,-3.862777
4553,-3.862778
4614,-3.862781
5123,-3.862781
5333,-3.862781
5363,-3.862781
5393,-3.862781
5423,-3.862781
5453,-3.862781
5543,-3.862781
5573,-3.862781
5603,-3.862781
5633,-3.862781
5663,-3.862781
5693,-3.862781
5723,-3.862781
5753,-3.862781
5783,-3.862781
5784,-3.862781
5843,-3.862781
6114,-3.862781
6294,-3.862781
6323,-3.862781
6354,-3.862781
6503,-3.862781
6563,-3.862781
6564,-3.862781
6593,-3.862781
6624,-3.862781
6683,-3.862781
6713,-3.862781
6744,-3.862781
6773,-3.862781
6804,-3.862781
6923,-3.862781
7193,-3.862781
7344,-3.862781
7371,-3.862782
7373,-3.862782
7403,-3.862782
7404,-3.862782
7433,-3.862782
7434,-3.862782
7493,-3.862782
7644,-3.862782
7734,-3.862782
7764,-3.862782
7791,-3.862782
7794,-3.862782
7884,-3.862782
7914,-3.862782
8034,-3.862782
8751,-3.862782
8964,-3.862782
8991,-3.862782
9051,-3.862782
9291,-3.862782
9321,-3.862782
9381,-3.862782
9383,-3.862782
9623,-3.862782
9801,-3.862782
9891,-3.862782
9893,-3.862782
10013,-3.862782
10311,-3.862782
10343,-3.862782
10493,-3.862782
11031,-3.862782
11063,-3.862782
11241,-3.862782
12081,-3.862782
13120,-3.862782
13581,-3.862782
13600,-3.862782
13731,-3.862782
13971,-3.862782
