Evaluations,Fitness
1,6987422.924949
2,6577265.466533
6,6238853.508570
8,4130660.544888
42,4106279.305247
50,4093915.489498
57,3897485.321893
117,3470835.928887
