Evaluations,Fitness
1,10118002.957153
2,7237820.485724
31,6580949.428079
33,6272748.249660
34,6200489.737513
46,5710817.450542
49,5520075.467064
58,5461818.707829
93,5399517.454436
