Evaluations,Fitness
1,440415015597.045898
2,45704863960.495430
4,8091.322093
8,1103.488977
44,600.000000
124,153.904240
238,99.189049
255,94.015029
658,93.056480
898,92.247268
908,91.123723
1294,91.076901
3214,90.917371
