Evaluations,Fitness
1,1383.2813500078987
8,1292.0371236484432
11,1289.9443092935774
24,1267.1407094757574
