Evaluations,Fitness
1,1103133033.494902
2,1084862654.211465
3,900272281.4749794
4,506452680.4387122
