Evaluations,Fitness
30,52.773195
60,14.580966
120,10.309698
180,9.803921
210,9.803909
240,9.803899
270,8.957598
300,8.841382
330,8.840853
390,8.840840
450,8.840837
480,8.840836
510,8.840836
600,8.840836
630,8.840836
660,8.840836
690,8.840836
720,8.840836
900,8.840836
960,8.840836
990,8.840836
1020,8.840836
1050,8.840836
1080,8.840836
1140,8.840836
1170,8.840836
1230,8.840836
1260,8.840836
1290,8.840836
1320,8.840836
1350,8.840836
1380,8.840836
1440,8.840836
1470,8.840836
1530,8.840836
1680,8.840836
2220,8.840836
2250,8.840836
2340,8.840836
2370,8.840836
4710,8.840836
4740,8.840836
4770,8.840836
4830,8.840836
4950,8.840836
4980,8.840836
5010,8.840836
5160,8.840836
6480,8.840836
8100,8.840836
10140,8.840836
10170,8.840836
10200,8.840836
10230,8.840836
10260,8.840836
10380,8.840836
10890,8.840836
