Evaluations,Fitness
1,[499.99748559]
2,[499.93945647]
4,[300.92748569]
44,[22.26104232]
67,[17.63880843]
70,[13.91286773]
116,[12.75619849]
136,[12.23690504]
187,[12.07103921]
249,[10.99765786]
263,[7.29259499]
352,[1.78564627]
368,[1.26306493]
975,[1.19959835]
1252,[1.00486987]
1296,[1.00177651]
1312,[0.99800801]
1462,[0.99800759]
1862,[0.99800418]
1972,[0.99800384]
2242,[0.99800384]
2332,[0.99800384]
2662,[0.99800384]
2692,[0.99800384]
2732,[0.99800384]
2812,[0.99800384]
2932,[0.99800384]
2962,[0.99800384]
3022,[0.99800384]
3532,[0.99800384]
3562,[0.99800384]
3592,[0.99800384]
3622,[0.99800384]
3632,[0.99800384]
3742,[0.99800384]
4342,[0.99800384]
4702,[0.99800384]
6982,[0.99800384]
13451,[0.99800384]
