"Evaluations","Fitness"
1,519441.486210462
66,513724.016322438
1868,512006.998330691
1894,511552.076612883
3668,508747.608651629
3694,508479.733862001
5468,506807.251262865
5494,506644.518412416
7268,505616.196630154
7294,505514.425590962
9068,504864.384201574
9081,504856.892970571
9094,504799.094032639
10868,504378.259150584
10881,504366.054924016
10894,504335.471315995
12668,504057.642002908
12681,504045.688465526
12694,504029.119007692
