Evaluations,Fitness
1,342746.199146
3,290452.589100
7,244993.652783
19,231296.118701
67,222350.112441
106,205483.150340
