Evaluations,Fitness
1,1719.788588986882
2,1355.7101368082415
8,1308.9346212223963
21,1260.8554930184264
33,1168.9571392733533
52,1097.501127233254
68,990.9206368034497
258,987.670700865077
317,926.9806068259913
582,886.4430604966451
897,886.2771806289188
1211,858.5140964446432
1479,780.0469209427724
1642,778.1075763960023
1783,758.9583117543116
2020,757.8817556122647
5016,703.159671248464
