Evaluations,Fitness
30,1330.634349
60,758.521608
90,569.665230
120,473.041024
150,418.735740
180,401.396382
210,385.654454
270,377.065141
300,376.131335
330,374.416225
390,374.383948
420,374.205822
480,374.075049
510,373.869847
540,373.750305
570,373.694780
600,373.505882
690,373.489471
810,373.489065
840,373.482578
900,373.482576
930,373.482316
960,373.482082
990,373.481774
1020,373.481435
1080,373.481422
1110,373.481384
1140,373.481351
1170,373.481339
1200,373.481325
1230,373.481321
1260,373.481317
1320,373.481316
1350,373.481315
1380,373.481314
1410,373.481313
1440,373.481313
1470,373.481313
1500,373.481313
1530,373.481313
1560,373.481313
1590,373.481313
1620,373.481313
1650,373.481313
1680,373.481313
1740,373.481313
1800,373.481313
1830,373.481313
1860,373.481313
1890,373.481313
1920,373.481313
1950,373.481313
1980,373.481313
2010,373.481313
2040,373.481313
2070,373.481313
2100,373.481313
2130,373.481313
2160,373.481313
2190,373.481313
2220,373.481313
2250,373.481313
2280,373.481313
2310,373.481313
2340,373.481313
2580,373.481313
2610,373.481313
