Evaluations,Fitness
1,1072834932.632772
2,650489206.661104
18,624253343.3350053
36,567701485.3328756
47,551422301.8398403
57,486841090.1893239
78,456750889.0504856
128,409077101.8251598
322,326106410.8687418
488,291260855.8513229
788,290604416.8392736
3488,290604416.8392735
