Evaluations,Fitness
1,21.388886
3,21.332865
7,21.215241
115,21.191214
142,21.169897
