Evaluations,Fitness
1,223.644881
2,19.506820
4,10.098969
27,2.835447
36,0.400722
1340,0.398127
2193,0.398107
2223,0.398053
2253,0.398038
2313,0.398020
2343,0.398012
2373,0.398009
2403,0.398009
2493,0.398007
2523,0.398002
2553,0.397999
2570,0.397898
2613,0.397891
3465,0.397888
3495,0.397887
3585,0.397887
3645,0.397887
3855,0.397887
5900,0.397887
5930,0.397887
6435,0.397887
6590,0.397887
7305,0.397887
7785,0.397887
7875,0.397887
8025,0.397887
8175,0.397887
8265,0.397887
8295,0.397887
8385,0.397887
8415,0.397887
8445,0.397887
8475,0.397887
8505,0.397887
8535,0.397887
8565,0.397887
8685,0.397887
8715,0.397887
11805,0.397887
