Evaluations,Fitness
1,29.298866127484825
2,26.281188687094645
9,18.563764045965414
13,2.3017567530835086
39,1.5123497407780864
65,1.0639986776357517
99,0.8941811891526292
156,0.5548673181773616
187,0.4554361721782971
202,0.4392294447572258
221,0.419562304293283
383,0.4168032006036757
3585,0.4002957794429669
9066,0.39910054536802697
10525,0.3981132120331097
