Evaluations,Fitness
1,2336.28
2,1751.34
3,1140.55
4,1052.55
5,72.3626
7,38.8812
11,7.93538
13,1.83112
27,0.530085
66,-0.427713
146,-0.527621
178,-0.927061
250,-0.946259
358,-0.998671
471,-1.01786
550,-1.0258
621,-1.03126
716,-1.03138
928,-1.03152
1012,-1.03159
1099,-1.0316
1188,-1.03161
1191,-1.03162
1248,-1.03162
1343,-1.03163
1488,-1.03163
1489,-1.03163
1549,-1.03163
1639,-1.03163
1693,-1.03163
1697,-1.03163
1751,-1.03163
1789,-1.03163
1847,-1.03163
1879,-1.03163
1883,-1.03163
2089,-1.03163
2149,-1.03163
2151,-1.03163
2299,-1.03163
2331,-1.03163
2391,-1.03163
2539,-1.03163
2603,-1.03163
2657,-1.03163
2717,-1.03163
3107,-1.03163
3169,-1.03163
3287,-1.03163
3288,-1.03163
3352,-1.03163
3527,-1.03163
3533,-1.03163
3681,-1.03163
3743,-1.03163
3953,-1.03163
3981,-1.03163
4223,-1.03163
6873,-1.03163
