Evaluations,Fitness
1,2747.950382
5,2429.927474
22,2234.766176
39,2209.524816
47,1717.583500
51,1692.701587
81,1670.108312
141,1459.910426
