Evaluations,Fitness
1,1620336.3910717685
4,849430.6963371766
109,682968.3138006254
222,631774.1498049743
242,557762.3434187869
629,497319.6042797677
789,487262.6663653181
898,442143.46622011025
1168,434630.4745998017
1348,434551.22824964044
1382,431143.0991699526
1763,415240.32920234586
4262,337907.3376863308
7412,337907.3376863307
8485,306523.04715444456
8905,306388.6228292631
11335,306388.62282926304
11665,306388.622829263
