Evaluations,Fitness
1,21.489679
2,21.471827
3,21.189970
38,21.026609
