"Evaluations","Fitness"
1,7.03674765474287
6,1.73730388994754
12,1.38294569222746
24,0.925555542389658
87,0.564803866920736
138,0.531626123852467
202,0.437509061359874
263,0.426134773933505
264,0.420287192126075
468,0.420035601378361
