Evaluations,Fitness
1,1852.9261509673404
2,1673.4511037744005
3,1664.7527277259453
5,1148.3368241671365
125,1133.9533552938765
190,875.7950176022736
310,835.8111310817834
9169,760.8241931592448
9619,760.7661815214664
12079,760.7661815214663
