Evaluations,Fitness
1,21.544936
3,21.442618
7,21.412490
8,21.326152
11,21.290824
15,21.225172
38,21.175166
42,21.139218
51,20.960477
64,20.959275
78,20.734073
110,20.651107
137,20.620923
151,20.539907
178,20.380138
301,20.379222
348,20.308001
364,20.305681
400,20.271137
501,20.240590
507,20.156987
621,20.125613
707,20.119863
734,20.109910
753,20.100923
790,20.099702
794,20.097915
815,20.097177
858,20.093648
875,20.087558
929,20.087378
940,20.085952
944,20.084507
963,20.083763
965,20.083593
1000,20.083523
1004,20.082149
1023,20.082108
1025,20.081837
1052,20.080212
1090,20.080160
1103,20.079793
1117,20.079534
1148,20.079464
1190,20.079414
1210,20.079364
1283,20.079338
1305,20.079337
1327,20.079337
1363,20.079336
1365,20.079333
1443,20.079332
1446,20.079332
1473,20.079332
1506,20.079332
1515,20.079332
1566,20.079332
1570,20.079332
1593,20.079332
1609,20.079330
1622,20.079330
1623,20.079329
1665,20.079328
1697,20.079328
1772,20.079328
1773,20.079328
1805,20.079328
1811,20.079328
1885,20.079328
1921,20.079328
1953,20.079328
1975,20.079328
2071,20.079328
2117,20.079328
2127,20.079320
2136,20.079306
2194,20.079305
2220,20.079305
2224,20.079303
2236,20.075817
2251,20.070565
2253,20.070231
2255,20.069336
2260,20.067047
2262,20.064740
2289,20.064070
2330,20.063983
2341,20.063824
2350,20.063537
2359,20.063353
2371,20.063159
2372,20.063152
2380,20.063010
2394,20.062899
2405,20.062585
2455,20.062548
2521,20.062540
2556,20.062535
2581,20.062533
2594,20.062526
2646,20.062524
2672,20.062524
2684,20.062524
2732,20.062523
2766,20.062523
2800,20.062523
2811,20.062523
2834,20.062523
2855,20.062523
2856,20.062523
2901,20.062523
3009,20.062523
3121,20.062523
3167,20.062523
3194,20.062523
3227,20.062523
3243,20.062523
3266,20.062523
3273,20.062523
3283,20.062523
3303,20.062523
3341,20.062523
3366,20.062523
3404,20.062523
3425,20.062523
3426,20.062523
3428,20.062523
3430,20.062523
3456,20.062523
3488,20.062523
3491,20.062523
3511,20.062523
3576,20.062523
3608,20.062523
3642,20.062523
3662,20.062523
3676,20.062523
3680,20.062523
3692,20.062523
3695,20.062523
3745,20.062523
3761,20.062523
3770,20.062523
3789,20.062523
3816,20.062523
3836,20.062523
3851,20.062523
3880,20.062523
3911,20.062523
3970,20.062523
3996,20.062523
4005,20.062523
4044,20.062523
4413,20.062523
