Evaluations,Fitness
1,1203.018536
2,1119.640282
4,992.592401
9,965.746082
37,930.421878
97,857.162858
