Evaluations,Fitness
1,1923.8664685837107
2,1153.2618533873797
3,0.7055007700576024
33,0.565320256268768
51,0.11142572621780245
59,-0.11240855094983593
137,-0.9811511020624147
273,-0.9940015633946002
287,-1.0029286088183804
492,-1.0236314311686916
557,-1.023759286506326
635,-1.0252999275942036
665,-1.0283963575502908
762,-1.0286033443511833
785,-1.0298541482436925
935,-1.0298617644057535
942,-1.0303831027373889
965,-1.03048408460521
969,-1.0310907978604802
995,-1.0312774194931316
1059,-1.031424179289257
1085,-1.031563512907527
1115,-1.0315995430252456
1119,-1.0316141475252292
1355,-1.0316216430459522
1385,-1.0316244416465195
1389,-1.0316259322391303
1415,-1.031627049280695
1479,-1.0316273069975208
1689,-1.0316273080458167
1901,-1.0316282277780424
1961,-1.0316282856230057
4063,-1.0316283031785685
4091,-1.0316283043897598
4123,-1.031628358775988
4181,-1.0316283904013952
4211,-1.0316284050843623
4241,-1.031628411349309
4271,-1.0316284137682445
4301,-1.0316284144978696
4303,-1.0316284160889797
4331,-1.0316284286912192
4363,-1.0316284323004383
4513,-1.0316284323841758
5003,-1.031628440262404
5023,-1.0316284496523758
5053,-1.031628452361341
5213,-1.0316284529763036
5233,-1.0316284532824869
5243,-1.0316284533157332
11522,-1.0316284533307316
11573,-1.0316284533396325
11582,-1.031628453483751
11693,-1.0316284534869533
