Evaluations,Fitness
1,21.755862
2,21.097808
33,20.906044
45,20.585233
61,20.547809
63,20.406896
64,20.223122
100,20.091625
128,19.972713
190,19.962595
225,19.962206
234,19.952145
249,19.919914
305,19.903954
326,19.897258
360,19.887848
431,19.886008
440,19.883793
453,19.844421
489,19.828719
493,19.810672
546,19.804658
557,19.790845
563,19.760457
598,19.743829
606,19.743619
607,19.728792
613,19.721405
633,19.714798
637,19.705632
669,19.697265
685,19.694974
688,19.694565
697,19.694212
699,19.688302
757,19.683464
781,19.657103
812,19.643415
816,19.637751
819,19.626042
823,19.623281
832,19.621844
839,19.620519
843,19.613958
893,19.612650
900,19.612440
924,19.589094
937,19.583510
987,19.583233
993,19.582901
995,19.581694
1014,19.581277
1021,19.577226
1076,19.577164
1081,19.577097
1082,19.576335
1107,19.575673
1111,19.575621
1142,19.575315
1148,19.573095
1172,19.573072
1208,19.573019
1209,19.572955
1238,19.572816
1341,19.569082
1360,19.569001
1365,19.565298
1462,19.565273
1472,19.565143
1522,19.565100
1587,19.565099
1590,19.565077
1616,19.565071
1643,19.565071
1676,19.565068
1677,19.565068
1683,19.565066
1747,19.565066
1759,19.565065
1773,19.565064
1775,19.565063
1779,19.565063
1805,19.565062
1871,19.565062
1887,19.565062
1895,19.565062
1901,19.565062
1925,19.565062
1942,19.565062
1970,19.565062
2003,19.565062
2044,19.565062
2090,19.565062
2125,19.565062
2134,19.565062
2142,19.565062
2184,19.565062
2213,19.565062
2286,19.565062
2322,19.565062
2346,19.565062
2381,19.565062
2406,19.565062
2440,19.565062
2499,19.565062
2531,19.565062
2556,19.565062
2590,19.565062
2676,19.565062
2709,19.565062
2763,19.565062
2803,19.565062
2823,19.565062
2838,19.565062
2856,19.565062
2874,19.565062
2886,19.565062
2921,19.565062
2955,19.565062
2962,19.565062
