Evaluations,Fitness
1,499.998602
2,499.995271
3,429.529179
4,33.387516
40,12.704278
58,8.691330
143,4.398997
342,2.982373
959,2.065330
989,1.523074
1062,1.032031
1332,0.999165
2052,0.998477
2202,0.998016
2549,0.998004
2562,0.998004
2772,0.998004
3449,0.998004
3492,0.998004
4812,0.998004
5142,0.998004
5172,0.998004
5352,0.998004
5382,0.998004
5412,0.998004
5472,0.998004
5502,0.998004
5592,0.998004
5652,0.998004
6042,0.998004
6102,0.998004
6162,0.998004
6192,0.998004
6252,0.998004
6372,0.998004
6672,0.998004
6702,0.998004
6732,0.998004
6762,0.998004
6792,0.998004
6822,0.998004
6852,0.998004
6882,0.998004
6912,0.998004
6942,0.998004
6972,0.998004
7002,0.998004
7032,0.998004
7062,0.998004
7092,0.998004
7122,0.998004
7152,0.998004
7182,0.998004
7332,0.998004
7452,0.998004
7482,0.998004
7692,0.998004
7722,0.998004
7782,0.998004
7932,0.998004
8449,0.998004
8892,0.998004
9102,0.998004
9379,0.998004
9432,0.998004
9522,0.998004
9552,0.998004
9612,0.998004
9672,0.998004
9822,0.998004
9942,0.998004
9972,0.998004
10242,0.998004
10782,0.998004
11369,0.998004
11382,0.998004
11502,0.998004
11989,0.998004
12312,0.998004
12402,0.998004
