Evaluations,Fitness
1,3130.672638
2,2968.775464
5,2605.567425
6,2481.535893
43,2449.822352
46,2206.047587
66,2175.987664
106,1869.757467
