Evaluations,Fitness
1,78.942742
2,24.224654
4,6.445942
12,2.393027
50,2.182227
73,1.119631
169,0.992134
212,0.839179
254,0.839000
319,0.820263
331,0.818866
386,0.798476
401,0.798140
414,0.792061
439,0.786298
664,0.786296
1106,0.786296
1111,0.786296
1121,0.786296
1134,0.786296
1219,0.786296
1232,0.786296
1237,0.786296
1244,0.786296
1269,0.786296
1322,0.786296
1327,0.786296
1382,0.786296
1400,0.786296
1449,0.786296
1474,0.786296
1520,0.786296
1569,0.786296
1603,0.786296
1610,0.786296
1623,0.786296
1652,0.786296
1766,0.786296
1821,0.786296
