Evaluations,Fitness
1,1124.397207
2,1116.412739
4,1081.075131
16,979.621552
31,935.176361
33,880.186889
34,844.020757
48,842.120527
50,745.407797
71,730.833476
78,696.187005
109,668.432046
137,635.222657
192,633.684442
195,623.579617
208,621.815332
222,596.819499
248,584.501988
251,554.886303
314,531.643302
336,519.920247
342,514.129620
358,512.696656
372,503.541582
470,502.911328
481,502.001547
503,501.928783
531,500.974915
535,500.323426
548,500.234865
550,499.872040
585,499.817015
610,499.782012
617,499.673742
635,499.646242
655,499.596109
656,499.531946
683,499.471084
699,499.456544
715,499.449715
729,499.377549
765,499.356142
789,499.346624
820,499.346402
849,499.345371
866,499.341778
877,499.339651
897,499.339392
907,499.338041
910,499.329957
949,499.329786
989,499.329128
1009,499.329118
1021,499.329099
1023,499.329004
1030,499.328807
1063,499.328065
1105,499.327988
1139,499.327685
1143,499.327374
1153,499.327324
1162,499.327192
1177,499.327162
1188,499.327103
1197,499.327072
1210,499.327022
1257,499.326993
1273,499.326979
1288,499.326967
1323,499.326965
1347,499.326965
1352,499.326960
1363,499.326959
1382,499.326959
1386,499.326958
1412,499.326956
1456,499.326956
1472,499.326956
1495,499.326955
1496,499.326951
1502,499.326950
1518,499.326949
1519,499.326949
1541,499.326949
1586,499.326949
1604,499.326948
1645,499.326948
1661,499.326948
1676,499.326948
1678,499.326948
1685,499.326948
1713,499.326948
1724,499.326948
1726,499.326948
1728,499.326948
1747,499.326948
1754,499.326948
1807,499.326948
1822,499.326948
1867,499.326948
1884,499.326948
1909,499.326948
1912,499.326948
1931,499.326948
1933,499.326948
1974,499.326948
1991,499.326948
2013,499.326948
2026,499.326948
2035,499.326948
2042,499.326948
2056,499.326948
2076,499.326948
2080,499.326948
2090,499.326948
2105,499.326948
2166,499.326948
2176,499.326948
2195,499.326948
2212,499.326948
2246,499.326948
2260,499.326948
2270,499.326948
2290,499.326948
2312,499.326948
2354,499.326948
2360,499.326948
2393,499.326948
2430,499.326948
2440,499.326948
2508,499.326948
2541,499.326948
2542,499.326948
2568,499.326948
2574,499.326948
2644,499.326948
2694,499.326948
2742,499.326948
2830,499.326948
3356,499.326948
