Evaluations,Fitness
1,(1053.9036169533592,)
6,(45.438404442709015,)
34,(20.118742820948214,)
94,(18.43047923652763,)
159,(9.79750602005863,)
463,(3.141690262030822,)
12609,(3.046929769892447,)
