Evaluations,Fitness
1,3.079581
17,2.428342
24,1.745659
37,0.796672
64,0.734960
77,0.513657
84,0.492444
107,0.473358
160,0.472596
194,0.469873
217,0.469342
234,0.469059
254,0.468967
305,0.468950
344,0.468930
395,0.468930
424,0.468929
464,0.468929
484,0.468929
554,0.468929
651,0.468929
673,0.468929
698,0.468929
701,0.468929
741,0.468929
821,0.468929
852,0.468929
938,0.468929
1011,0.468929
1025,0.468929
1090,0.468929
1131,0.468929
1166,0.468929
1240,0.468929
1268,0.468929
1272,0.468929
1393,0.468929
1429,0.468929
1670,0.468929
