Evaluations,Fitness
1,1765.147139
2,1634.553065
4,1615.360547
6,1505.072847
9,1286.943371
46,1261.774284
189,1210.821651
249,1202.038786
