Evaluations,Fitness
1,1657766.071608
4,880940.183114
6,348577.248174
45,292000.652145
