Evaluations,Fitness
1,-0.21823420411575414
3,-2.9753544492988793
28,-3.2915707885001253
424,-3.4565370637491455
551,-3.487171014315117
1151,-3.622325765538281
4862,-3.6868230152412647
8525,-3.8424891239672787
