"Evaluations","Fitness"
1,88.3082751232105
2,50.4140282279434
3,10.6223668864211
5,1.02832128215415
22,0.973524010276675
24,0.709456585375303
87,0.425769182933507
100,0.40705120581387
181,0.40411578755741
519,0.400655418396255
