Evaluations,Fitness
1,21.36258506997441
19,21.297679159620564
31,21.21062879859318
37,21.122694695682604
55,21.062566026264907
605,21.03126687591477
1145,21.017937202174892
1705,20.984208198209878
1883,20.85875844000355
2588,20.761719151049288
