Evaluations,Fitness
1,[3.99015714]
6,[0.84537788]
12,[-0.1710942]
31,[-0.28373375]
36,[-0.95820805]
140,[-0.99662616]
245,[-0.99943131]
306,[-1.02381292]
490,[-1.02515989]
640,[-1.02877867]
700,[-1.03133302]
926,[-1.03147532]
1946,[-1.03154162]
2100,[-1.03156126]
2250,[-1.03158182]
2340,[-1.0316239]
2625,[-1.03162545]
2726,[-1.03162747]
2996,[-1.03162805]
3266,[-1.03162808]
3356,[-1.03162845]
4506,[-1.03162845]
4588,[-1.03162845]
5796,[-1.03162845]
6240,[-1.03162845]
6450,[-1.03162845]
6630,[-1.03162845]
6690,[-1.03162845]
7266,[-1.03162845]
8040,[-1.03162845]
8070,[-1.03162845]
8130,[-1.03162845]
8190,[-1.03162845]
8280,[-1.03162845]
9438,[-1.03162845]
9476,[-1.03162845]
9575,[-1.03162845]
9755,[-1.03162845]
9965,[-1.03162845]
12526,[-1.03162845]
