"Evaluations","Fitness"
1,0.00200007250241315
2,0.00200002578160557
3,0.00200000531331361
11,0.00200000102146739
