"Evaluations","Fitness"
1,0.00200008741426527
2,0.00200000844800252
4,0.00200000180938973
1055,0.00200000164284437
1114,0.00200000160557506
1115,0.00200000151772277
1174,0.00200000149353457
1234,0.00200000147661482
1294,0.00200000146478284
1354,0.00200000145650822
1414,0.00200000145072044
1474,0.0020000014466714
1534,0.00200000144383832
1582,0.00200000139697158
1594,0.00200000137444731
1642,0.00200000130334368
1654,0.00200000129988592
1702,0.00200000123817263
1714,0.00200000123253087
1762,0.00200000118867749
1774,0.00200000114602883
1822,0.00200000109864564
1834,0.00200000108413216
1882,0.00200000100703796
1894,0.00200000098888696
1942,0.00200000092283623
1954,0.00200000089587385
2002,0.00200000082460427
2014,0.00200000082217671
2062,0.00200000075226151
2074,0.0020000007377643
2100,0.00200000073692176
2122,0.00200000069109263
2126,0.00200000068657731
2134,0.00200000066712898
2144,0.0020000006570878
2154,0.00200000065482306
2160,0.00200000064110992
2182,0.00200000059768834
2186,0.0020000005934528
2194,0.0020000005905437
