Evaluations,Fitness
1,1792.4263888708135
2,1430.233127925731
3,1359.7998453426032
7,1328.9844110650774
9,1279.6989730838973
27,1267.4606512562195
32,1235.988449667621
33,1094.9854335286705
37,1074.378218387346
58,1035.6363453975946
168,998.9383734188443
1480,903.4573496337221
6330,859.6758499107219
7377,783.9239987710546
11025,772.1873700579865
12506,771.8633942024334
12875,737.3716768285352
