Evaluations,Fitness
30,100.706241
60,5.170125
90,3.134898
120,3.082051
150,3.063225
180,3.002765
240,3.000711
270,3.000265
300,3.000158
330,3.000117
360,3.000051
390,3.000001
420,3.000000
450,3.000000
480,3.000000
510,3.000000
540,3.000000
570,3.000000
600,3.000000
630,3.000000
660,3.000000
690,3.000000
750,3.000000
1890,3.000000
3300,3.000000
4080,3.000000
