Evaluations,Fitness
1,9964295.426217206
2,7844817.419707562
25,7612950.311503774
31,6984471.3228860395
34,6765447.840781924
36,6398838.560365571
60,5882088.130147223
68,5173573.643375102
88,5050183.705366675
302,4429879.377516387
452,4047556.070733767
662,4007124.037687349
692,3997161.34458105
722,3994370.502389715
782,3994260.535467349
3242,3994260.535467348
