Evaluations,Fitness
1,1614.219696955953
2,1559.7785415493931
3,1410.855307631947
14,1250.489900652463
35,1246.8956977645694
41,1172.528197831217
95,1163.0334371138372
101,970.7747580795827
