Evaluations,Fitness
1,102.6767240001236
2,15.892796056801602
7,7.3892460399942586
31,2.2393884779461946
33,2.22566648674022
34,1.3367155133960456
41,-0.8007926238230773
68,-0.888140856731766
128,-0.9614085260041996
151,-0.9698198189434415
437,-0.9886680123048405
497,-0.999578434615384
920,-1.024674332208081
1058,-1.028191083637899
5228,-1.0314391479793403
