Evaluations,Fitness
1,2765.771435
2,2326.923942
3,1289.754095
4,637.822710
5,1.827583
9,-0.679214
40,-0.858157
75,-0.863399
86,-0.871755
90,-0.957920
95,-0.969608
131,-0.994428
183,-1.008325
211,-1.008607
212,-1.028524
215,-1.031253
253,-1.031559
289,-1.031587
302,-1.031595
309,-1.031603
332,-1.031622
345,-1.031623
362,-1.031624
363,-1.031624
374,-1.031625
520,-1.031625
555,-1.031625
597,-1.031625
602,-1.031625
628,-1.031625
632,-1.031625
633,-1.031625
670,-1.031625
811,-1.031625
890,-1.031625
922,-1.031625
934,-1.031625
982,-1.031625
991,-1.031625
1000,-1.031625
1021,-1.031625
1070,-1.031625
1081,-1.031625
1082,-1.031625
1090,-1.031625
1104,-1.031625
1121,-1.031625
1141,-1.031625
1174,-1.031625
1225,-1.031625
1271,-1.031625
1287,-1.031625
1300,-1.031625
1331,-1.031625
1351,-1.031625
1452,-1.031625
1492,-1.031625
3806,-1.031625
3818,-1.031625
3826,-1.031625
3921,-1.031625
3928,-1.031625
3932,-1.031625
3939,-1.031625
3968,-1.031625
3978,-1.031625
4018,-1.031625
4108,-1.031625
