"Evaluations","Fitness"
1,-0.84921187164434
3,-1.55702216387052
4,-1.72879330987382
7,-2.10678845535078
9,-2.25980453768351
10,-2.70661966504489
14,-3.56483381735316
118,-3.57357428510246
207,-3.82613122370671
580,-3.85197791232002
