Evaluations,Fitness
1,807251220.9190476
2,760221494.8076419
4,756196370.9942626
17,718016191.2276515
37,563786581.1939625
41,530831861.37404597
42,503685181.64924043
49,499643939.48037726
185,479871200.2321357
191,475063165.77571785
197,457464586.8968191
317,450704507.26443154
377,439510081.7095251
531,429356246.62480325
557,317419394.9313619
2722,294839796.74251485
3022,286157986.0594872
