Evaluations,Fitness
1,497.551583
3,497.144778
8,120.286798
40,14.889076
48,3.968821
92,3.968296
136,3.968250
188,3.968250
211,3.968250
376,3.968250
381,3.968250
404,3.968250
421,3.968250
441,3.968250
475,3.968250
495,3.968250
501,3.968250
525,3.968250
562,3.968250
588,3.968250
615,3.968250
628,3.968250
631,3.968250
632,3.968250
664,3.968250
696,3.968250
711,3.968250
756,3.968250
891,3.968250
1626,3.968250
