Evaluations,Fitness
30,4248176.126536
60,1851473.879426
90,1497753.576246
120,1123186.902121
150,956745.101481
180,896379.988283
210,852622.415287
270,848088.220035
300,843274.952362
330,838733.681027
360,830548.417757
390,823837.091469
420,823171.391520
450,823081.069150
540,822911.836294
570,822776.065495
600,822714.332780
630,822687.697165
660,822620.161525
690,822607.378587
720,822589.828374
780,822587.125976
810,822582.292237
840,822569.746211
870,822563.749677
900,822562.677943
930,822556.454506
1050,822556.249386
1080,822555.967824
1110,822555.894031
1140,822555.881451
1200,822555.863542
1260,822555.861061
1290,822555.859649
1320,822555.859138
1380,822555.858696
1410,822555.858429
1470,822555.858229
1500,822555.858167
1530,822555.858134
1560,822555.858094
1590,822555.858084
1620,822555.858044
1680,822555.858038
1710,822555.858037
1740,822555.858034
1770,822555.858034
1800,822555.858034
1830,822555.858033
1890,822555.858033
1950,822555.858033
1980,822555.858033
2010,822555.858033
2040,822555.858033
2070,822555.858033
2100,822555.858033
2130,822555.858033
2160,822555.858033
2190,822555.858033
2220,822555.858033
2250,822555.858033
2280,822555.858033
2310,822555.858033
2340,822555.858033
2370,822555.858033
2400,822555.858033
2430,822555.858033
2700,822555.858033
2910,822555.858033
