Evaluations,Fitness
1,1175331.376079
2,823930.954053
3,446058.167104
46,315715.144012
