Evaluations,Fitness
1,21.426871
2,21.339422
3,21.172382
5,20.927916
43,20.910218
86,20.906261
136,20.897934
140,20.880329
145,20.685883
236,20.677329
239,20.587834
244,20.559566
249,20.493533
282,20.431030
284,20.417508
287,20.411465
295,20.219592
413,20.164240
432,20.113274
439,20.034981
576,19.999206
578,19.987547
683,19.966769
900,19.965317
967,19.965169
1096,19.965164
1401,19.965127
1982,19.965015
2513,19.964962
7041,19.964957
7095,19.963984
