"Evaluations","Fitness"
1,3371.63491703694
2,1369.7756872175
5,682.239832538529
13,648.451482234368
14,29.4645844245547
104,4.95842665542234
105,3.66001918770756
491,3.53070804711099
