Evaluations,Fitness
1,9566537.074710092
2,5615614.265371651
28,5018377.2282588305
