Evaluations,Fitness
30,550433173.984596
60,220752265.709912
90,117781427.215008
120,95944568.965318
150,72962410.742624
180,65297693.533158
210,59762674.414278
240,57252217.326778
270,56109308.394018
300,55770029.205859
330,54606645.044994
360,53469191.401090
390,53273244.253214
420,53053473.715028
450,53015235.775593
480,52769720.750274
510,52742784.268286
540,52672659.422547
690,52671915.171253
720,52670748.355970
780,52670334.139695
840,52670181.939055
870,52670110.305953
900,52670094.105153
930,52670045.059194
960,52670032.668203
990,52670026.513964
1020,52670023.071096
1050,52670022.419369
1080,52670018.522601
1140,52670018.031641
1170,52670017.992033
1200,52670017.941857
1230,52670017.294408
1260,52670016.844849
1290,52670016.728748
1320,52670016.532654
1350,52670016.449017
1380,52670016.253185
1410,52670016.235231
1500,52670016.234485
1560,52670016.232909
1590,52670016.229996
1620,52670016.228508
1650,52670016.227680
1680,52670016.227668
1710,52670016.227038
1740,52670016.226708
1860,52670016.226698
1890,52670016.226685
1920,52670016.226680
1950,52670016.226655
1980,52670016.226653
2010,52670016.226651
2040,52670016.226651
2070,52670016.226609
2100,52670016.226539
2190,52670016.226531
2220,52670016.226529
2310,52670016.226529
2340,52670016.226529
2370,52670016.226528
2430,52670016.226528
2460,52670016.226528
