Evaluations,Fitness
1,2267.661302496354
7,1975.4623127371378
