Evaluations,Fitness
1,984.027712
10,980.591206
14,901.287041
