Evaluations,Fitness
30,986.767163
60,774.728162
90,765.932768
120,700.741702
150,660.408849
180,619.924417
210,579.997445
240,577.630535
270,564.665542
300,561.462514
330,553.333268
390,548.539546
420,540.721007
450,538.498131
480,536.952072
510,535.664188
540,535.267390
570,531.295819
600,528.360007
630,527.248919
660,527.139047
690,526.975922
720,526.905803
750,526.840870
780,526.805812
810,526.803871
840,526.795393
870,526.794005
900,526.791063
930,526.790931
960,526.789621
990,526.786395
1050,526.785929
1080,526.785391
1110,526.785151
1140,526.785141
1170,526.785102
1200,526.785046
1230,526.785020
1260,526.785001
1350,526.784996
1380,526.784995
1440,526.784994
1470,526.784990
1500,526.784989
1530,526.784988
1560,526.784988
1590,526.784988
1620,526.784987
1650,526.784987
1680,526.784987
1710,526.784987
1740,526.784987
1770,526.784987
1800,526.784987
1830,526.784987
1860,526.784987
1890,526.784987
1920,526.784987
1980,526.784987
2010,526.784987
2040,526.784987
2070,526.784987
2100,526.784987
2160,526.784987
2220,526.784987
2310,526.784987
2340,526.784987
2370,526.784987
2400,526.784987
2430,526.784987
2460,526.784987
2490,526.784987
2520,526.784987
2550,526.784987
2610,526.784987
2730,526.784987
2760,526.784987
