Evaluations,Fitness
1,1247152660.510315
2,944963355.192509
7,773255874.7203062
13,758280268.5098453
20,610093174.7945473
