Evaluations,Fitness
1,[2.87525044e+08]
2,[2.70728192e+08]
4,[1.98586642e+08]
5,[1.76042198e+08]
19,[1.74696117e+08]
31,[1.74056769e+08]
32,[1.67576713e+08]
34,[97226988.533199]
62,[89900417.33678052]
66,[85204806.11433396]
68,[81443057.19037594]
70,[74829312.45197654]
73,[63229788.48610498]
84,[63183525.23864028]
103,[62769555.61508752]
134,[49931971.74049004]
172,[46144113.32729445]
218,[41798523.86773193]
234,[39097096.08622892]
244,[37461981.74981844]
255,[37073821.9351046]
308,[33515417.55233729]
332,[31020768.03033479]
340,[28447010.82388221]
355,[26903600.07049518]
482,[26519589.45983025]
484,[26490551.49899997]
502,[25899698.31685261]
565,[23492119.29164657]
616,[23435799.10297551]
634,[22572707.29771285]
666,[21799617.72383719]
737,[20994256.54502865]
785,[15304600.03573221]
947,[15179696.00782521]
1037,[12947337.97182718]
1307,[11948322.7793461]
1337,[11934325.91262966]
1427,[11564634.48990019]
1589,[10508217.96856397]
1681,[10441677.66745726]
1743,[10321480.27872256]
1833,[9339789.61481078]
1923,[9266677.86729487]
2013,[8612619.11610886]
2223,[8433478.03831488]
2283,[8143538.85392455]
2322,[7927646.77560547]
2583,[7423588.3545084]
2922,[7341286.98080144]
2973,[6971657.48157424]
3183,[6806149.78293628]
3273,[6549987.26388216]
3366,[6005415.62611755]
3439,[5377460.18232178]
3930,[4863313.76956222]
4508,[4787054.14906307]
5018,[4585315.3715853]
5228,[4580398.23153023]
5318,[4069234.14780688]
5528,[3904307.18047857]
5618,[3894581.72892834]
5828,[3859562.73871741]
6068,[3852374.10671524]
6510,[3679694.26826193]
6638,[3584923.46674003]
6878,[3543456.78191216]
7298,[3478755.13983829]
7358,[3392762.67589914]
7838,[3220730.6141328]
7898,[3185098.13518165]
8559,[2955101.19182622]
8588,[2803015.23611716]
8649,[2690088.47435027]
8949,[2617788.05896286]
9039,[2565196.79672566]
9129,[2546030.37655906]
9369,[2539444.19253696]
9399,[2515585.0594451]
9428,[2317110.87754083]
10105,[2287579.35779331]
10165,[2165691.15559967]
10298,[2165300.59880348]
10508,[2014559.41861909]
10568,[1924472.50479151]
10828,[1889307.07301505]
11258,[1837749.75258451]
11318,[1722771.32048073]
11588,[1709220.97058404]
11678,[1627269.2869802]
11738,[1597927.98403779]
12728,[1578187.93834747]
12905,[1380215.18972817]
12998,[1379988.38429204]
13088,[1312445.93197434]
13208,[1304108.43540933]
13448,[1282792.45921683]
13598,[1276311.69525891]
13868,[1261118.87563693]
14708,[1257875.30451562]
