Evaluations,Fitness
1,344129.245504
4,337834.801524
5,336399.080366
8,331693.974606
9,197494.050902
35,179162.041789
41,154756.820107
44,153330.591265
56,127422.038582
65,121696.318533
71,104185.441684
88,90110.174160
117,85103.297907
124,83608.832550
136,80299.391140
149,79248.151910
154,79246.229505
175,76553.170454
178,75974.952941
199,73893.939990
213,73735.180234
215,72298.692994
221,71543.835119
228,71001.059717
251,70405.934922
273,70341.153249
311,70267.358213
328,70165.369866
364,69988.177230
395,69925.245262
411,69902.521158
417,69900.153559
431,69857.083962
459,69826.195624
507,69824.803164
527,69824.426068
532,69818.257855
555,69815.026358
560,69810.159860
585,69800.611825
601,69800.108092
621,69795.284736
631,69794.841087
642,69791.936867
661,69791.915389
702,69791.231539
742,69791.221370
751,69791.126232
770,69791.000466
791,69790.984739
832,69790.948973
853,69790.940284
860,69790.919144
872,69790.917885
881,69790.896491
949,69790.896107
972,69790.894168
982,69790.892113
1002,69790.888705
1022,69790.887242
1062,69790.886073
1107,69790.886033
1122,69790.885889
1167,69790.885821
1173,69790.885636
1216,69790.885585
1293,69790.885585
1299,69790.885580
1302,69790.885579
1321,69790.885579
1329,69790.885569
1385,69790.885569
1390,69790.885554
1419,69790.885551
1450,69790.885550
1452,69790.885549
1479,69790.885549
1512,69790.885548
1515,69790.885548
1540,69790.885548
1569,69790.885548
1619,69790.885547
1621,69790.885547
1637,69790.885547
1664,69790.885547
1679,69790.885547
1681,69790.885547
1713,69790.885547
1751,69790.885547
1795,69790.885547
1895,69790.885547
1926,69790.885547
1973,69790.885547
1983,69790.885547
1997,69790.885547
2014,69790.885547
2018,69790.885547
2024,69790.885547
2043,69790.885547
2114,69790.885547
2155,69790.885547
2163,69790.885547
2219,69790.885547
2233,69790.885547
2279,69790.885547
2293,69790.885547
2331,69790.885547
2365,69790.885547
2391,69790.885547
