Evaluations,Fitness
1,21.456659
2,21.168270
5,21.167959
8,20.903486
9,20.846809
31,20.585128
32,20.562541
33,20.054730
50,19.882317
61,19.703218
63,19.656800
65,19.575932
67,19.216643
86,19.161254
91,19.118723
93,19.023429
95,18.987352
112,18.730599
115,18.465557
130,18.318220
155,18.305819
158,18.237856
172,18.206217
184,18.147047
188,18.102594
227,18.058187
244,17.986237
273,17.968534
284,17.965066
301,17.951326
311,17.949855
321,17.914682
336,17.847494
337,17.785147
341,17.782890
363,17.778002
367,17.747604
393,17.731237
427,17.729755
431,17.709406
475,17.707804
487,17.705460
492,17.702146
539,17.699207
540,17.698221
542,17.694092
552,17.689558
596,17.685616
610,17.685579
617,17.685479
631,17.684023
632,17.683953
646,17.683945
667,17.683870
684,17.683682
689,17.683611
692,17.683485
702,17.683431
714,17.682347
750,17.682170
767,17.682094
800,17.681695
813,17.681450
861,17.681392
872,17.681379
880,17.681362
881,17.681346
910,17.681341
920,17.681333
941,17.681326
951,17.681324
963,17.681316
967,17.681316
990,17.681306
997,17.681298
1007,17.681286
1031,17.681272
1146,17.681272
1150,17.681271
1171,17.681270
1205,17.681270
1284,17.681270
1292,17.681270
1304,17.681270
1312,17.681270
1327,17.681270
1339,17.681269
1357,17.681269
1389,17.681269
1427,17.681269
1430,17.681269
1446,17.681269
1462,17.681269
1476,17.681269
1479,17.681269
1506,17.681269
1513,17.681269
1551,17.681269
1582,17.681269
1644,17.681269
1654,17.681269
1658,17.681269
1697,17.681269
1744,17.681269
1782,17.681269
1816,17.681269
1826,17.681269
1834,17.681269
1842,17.681269
1864,17.681269
1921,17.681269
1959,17.681269
2006,17.681269
2008,17.681269
2011,17.681269
2045,17.681269
2068,17.681269
2078,17.681269
2121,17.681269
2131,17.681269
2133,17.681269
2189,17.681269
2195,17.681269
2214,17.681269
2253,17.681269
2255,17.681269
2298,17.681269
2334,17.681269
2345,17.681269
2373,17.681269
2401,17.681269
2438,17.681269
2451,17.681269
2497,17.681269
2541,17.681269
2578,17.681269
