Evaluations,Fitness
1,9885394.285545947
3,8014002.7407431
6,6964962.521169967
17,5873259.558095397
45,5274011.105578754
165,4938026.708828892
477,4415901.3925358085
490,4195613.208709203
700,3959725.8491971176
850,3898576.006261619
866,3701386.18197207
1076,3427906.6488826172
1196,3413154.247124213
1256,3352178.619579521
3986,3352178.6195795205
