Evaluations,Fitness
1,107779.939948
2,1345.908583
5,35.276459
56,3.058377
779,3.014112
780,3.005561
929,3.000198
1079,3.000119
1107,3.000005
1259,3.000000
1349,3.000000
1917,3.000000
2219,3.000000
2339,3.000000
2609,3.000000
2863,3.000000
3430,3.000000
3432,3.000000
3447,3.000000
3476,3.000000
3852,3.000000
4305,3.000000
4573,3.000000
5217,3.000000
5359,3.000000
5824,3.000000
6145,3.000000
6934,3.000000
7415,3.000000
11308,3.000000
