Evaluations,Fitness
1,2731.260216
3,2603.520021
7,2144.071486
17,2140.258830
38,2085.119380
48,1718.959835
