Evaluations,Fitness
30,1.192155
60,-0.892533
90,-0.938438
120,-0.993881
150,-1.029905
180,-1.030194
210,-1.031405
240,-1.031561
270,-1.031618
300,-1.031628
330,-1.031628
360,-1.031628
390,-1.031628
420,-1.031628
450,-1.031628
480,-1.031628
510,-1.031628
540,-1.031628
570,-1.031628
600,-1.031628
660,-1.031628
840,-1.031628
900,-1.031628
930,-1.031628
1080,-1.031628
