Evaluations,Fitness
1,1531.963633982759
2,1404.3033829073966
5,1331.682335281736
8,1314.8797477005237
14,1186.1574634675658
