Evaluations,Fitness
1,21.349559
13,21.271977
30,21.259217
135,21.251464
