Evaluations,Fitness
1,21597903.760978
2,799865.356254
8,523629.434871
51,294332.725833
68,287371.917342
