Evaluations,Fitness
1,1640.389435156752
3,1531.953585814406
6,1498.549584785693
31,1404.2549668430372
36,1248.3986598720364
156,1198.154254573641
183,1176.9030146132884
216,849.7463266007312
803,842.3311967128898
816,823.0479202575647
833,807.9092808261779
1223,807.8469694411826
2136,728.5045017290145
