Evaluations,Fitness
1,5935709.289839094
2,5243561.845753968
3,5097193.104857822
4,5096137.016429626
15,4992320.741736293
21,4211918.378382841
34,4045903.742452138
37,3767726.5427132286
58,3557313.9322001087
90,3448965.097195131
259,3008287.184467708
360,2968578.2255765
3210,2968578.225576499
3390,2968578.2255764985
