Evaluations,Fitness
1,58.1741
2,21.9887
25,6.5254
506,5.94542
525,2.99593
1244,2.98265
1724,2.9823
1751,2.0551
2051,2.00464
2172,1.99615
2232,1.99243
2264,1.99203
2441,1.99203
2565,1.99203
3095,1.02273
3303,0.998958
3905,0.998663
3936,0.998139
3995,0.998025
4176,0.998021
4204,0.998015
4236,0.998014
4293,0.998009
4443,0.998006
4563,0.998006
4570,0.998004
4629,0.998004
4630,0.998004
4720,0.998004
4779,0.998004
4840,0.998004
4870,0.998004
5229,0.998004
5286,0.998004
5316,0.998004
5436,0.998004
5494,0.998004
5524,0.998004
5554,0.998004
5644,0.998004
5764,0.998004
5824,0.998004
5884,0.998004
6366,0.998004
6486,0.998004
6546,0.998004
6876,0.998004
7265,0.998004
7325,0.998004
7564,0.998004
7833,0.998004
8575,0.998004
9237,0.998004
