Evaluations,Fitness
1,12.461400542476586
6,4.8962000581294385
7,4.488706847472127
15,0.6525551583321754
81,0.6438956897968513
201,0.44193595453271683
225,0.4373841038433035
282,0.4098695878634384
299,0.40384731898834225
719,0.4019798561945649
802,0.39826868269910953
1129,0.39804236213117505
1182,0.39801953762020403
1572,0.3979999776983636
1582,0.3979146055088876
1702,0.39789367628688943
1849,0.3978935794395273
1909,0.3978917701251543
2032,0.3978878506619683
2341,0.3978875386762759
2842,0.39788739565670106
2902,0.39788738878671204
3015,0.39788738429453296
3124,0.3978873654774109
3750,0.3978873610045852
3832,0.3978873584830094
3938,0.397887357983743
4290,0.3978873579259119
4598,0.3978873578102302
4950,0.3978873577794797
5026,0.397887357746999
5160,0.3978873577434836
5163,0.39788735774315853
5328,0.39788735773343475
5716,0.3978873577326798
5760,0.3978873577324471
5820,0.3978873577316637
5850,0.397887357731074
5880,0.39788735773080397
5910,0.39788735773068673
5940,0.39788735773063877
5970,0.3978873577306228
6000,0.39788735773061923
6060,0.39788735773061745
6093,0.39788735773036166
6123,0.3978873577298785
6180,0.39788735772980566
6586,0.39788735772975414
6676,0.3978873577297488
6706,0.39788735772973816
