Evaluations,Fitness
1,76.187462
16,6.375675
52,5.440100
61,4.198764
106,3.985082
110,3.420287
121,3.383715
131,3.171214
141,3.150293
148,3.109255
151,3.079216
170,3.071264
171,3.029399
190,3.029293
200,3.003293
215,3.002071
220,3.000331
247,3.000004
284,3.000002
310,3.000002
337,3.000002
344,3.000001
381,3.000001
387,3.000000
397,3.000000
486,3.000000
512,3.000000
534,3.000000
596,3.000000
602,3.000000
624,3.000000
627,3.000000
661,3.000000
697,3.000000
713,3.000000
724,3.000000
727,3.000000
781,3.000000
807,3.000000
907,3.000000
932,3.000000
1090,3.000000
1114,3.000000
1139,3.000000
1158,3.000000
1222,3.000000
1746,3.000000
4357,3.000000
10340,3.000000
