Evaluations,Fitness
1,332353.167904
2,280557.617116
3,269579.813081
7,255982.699434
21,254699.847510
31,236672.336273
33,234717.049345
34,177398.975204
37,162854.569611
62,162816.453990
63,155562.514750
64,143747.623457
91,137345.568492
92,137296.944397
93,127847.545442
110,115719.594730
136,113527.431110
170,113120.658814
180,112233.531966
183,110746.211933
212,110281.255372
216,109384.289147
217,108394.529557
276,107895.298016
301,107112.636425
362,107105.940605
391,106912.998517
434,106827.725612
454,106780.086248
494,106771.971397
574,106771.883139
582,106765.152280
596,106761.110763
602,106760.108381
612,106754.469105
632,106750.210090
654,106748.511463
668,106747.417700
688,106746.249868
698,106745.457667
716,106745.165409
728,106744.662128
734,106744.130140
758,106743.856917
794,106743.719039
848,106743.700567
876,106743.659196
914,106743.655905
936,106743.654168
962,106743.642530
991,106743.639062
1001,106743.628727
1048,106743.626955
1116,106743.626261
1132,106743.626030
1133,106743.625465
1162,106743.623890
1172,106743.623360
1173,106743.623077
1193,106743.622820
1233,106743.622801
1267,106743.622723
1269,106743.622636
1293,106743.622627
1308,106743.622611
1329,106743.622573
1428,106743.622573
1447,106743.622571
1539,106743.622571
1548,106743.622571
1569,106743.622570
1600,106743.622570
1623,106743.622570
1629,106743.622570
1690,106743.622570
1727,106743.622570
1747,106743.622570
1780,106743.622570
1785,106743.622570
1820,106743.622570
1829,106743.622570
1831,106743.622570
1832,106743.622570
1838,106743.622570
1860,106743.622570
1886,106743.622570
1892,106743.622570
1914,106743.622570
1920,106743.622570
1987,106743.622570
2051,106743.622570
2074,106743.622570
2077,106743.622570
2190,106743.622570
2250,106743.622570
2355,106743.622570
3321,106743.622570
