Evaluations,Fitness
1,1122.601867
2,31.615596
7,12.824660
26,2.247130
27,0.196260
37,-0.233643
73,-0.908122
77,-1.013564
97,-1.023989
99,-1.029966
135,-1.030008
159,-1.030070
167,-1.030140
176,-1.031240
238,-1.031422
258,-1.031432
275,-1.031618
415,-1.031619
419,-1.031625
427,-1.031626
443,-1.031626
445,-1.031626
492,-1.031627
535,-1.031627
548,-1.031627
593,-1.031627
606,-1.031627
615,-1.031627
616,-1.031628
618,-1.031628
653,-1.031628
664,-1.031628
692,-1.031628
705,-1.031628
733,-1.031628
789,-1.031628
795,-1.031628
796,-1.031628
811,-1.031628
874,-1.031628
899,-1.031628
904,-1.031628
908,-1.031628
1014,-1.031628
1025,-1.031628
1052,-1.031628
1053,-1.031628
1054,-1.031628
1066,-1.031628
1084,-1.031628
1190,-1.031628
1204,-1.031628
1281,-1.031628
1300,-1.031628
1345,-1.031628
1354,-1.031628
1392,-1.031628
1401,-1.031628
1504,-1.031628
1540,-1.031628
1572,-1.031628
1630,-1.031628
1642,-1.031628
1654,-1.031628
