Evaluations,Fitness
1,14.133673
6,4.582010
10,2.214273
29,1.730211
32,1.374762
34,0.061358
36,-0.371785
37,-0.668858
45,-0.782907
55,-0.867582
100,-0.892621
160,-0.925547
241,-0.930930
288,-0.957872
661,-1.022422
896,-1.024732
918,-1.027537
948,-1.029108
1021,-1.029256
1022,-1.030921
1052,-1.031080
1142,-1.031153
1472,-1.031445
1862,-1.031457
1892,-1.031477
1952,-1.031530
1986,-1.031620
2046,-1.031621
2226,-1.031626
2346,-1.031628
2676,-1.031628
2706,-1.031628
2766,-1.031628
2886,-1.031628
3048,-1.031628
3066,-1.031628
3306,-1.031628
3318,-1.031628
3378,-1.031628
3906,-1.031628
3918,-1.031628
4308,-1.031628
4518,-1.031628
4698,-1.031628
5088,-1.031628
5358,-1.031628
6348,-1.031628
6768,-1.031628
6918,-1.031628
7446,-1.031628
7566,-1.031628
7596,-1.031628
7656,-1.031628
7716,-1.031628
7866,-1.031628
7878,-1.031628
8076,-1.031628
8166,-1.031628
10592,-1.031628
10656,-1.031628
