Evaluations,Fitness
1,30931.429201
2,123.372644
20,35.369084
75,23.864293
94,5.135150
169,3.127544
664,3.053595
699,3.018693
757,3.006009
888,3.004779
996,3.002641
1087,3.000743
1232,3.000575
1352,3.000097
1383,3.000044
1654,3.000040
1659,3.000008
1893,3.000001
1993,3.000001
2023,3.000000
2053,3.000000
2235,3.000000
2263,3.000000
2413,3.000000
2417,3.000000
2593,3.000000
2635,3.000000
2642,3.000000
2653,3.000000
2746,3.000000
2749,3.000000
2798,3.000000
2900,3.000000
2901,3.000000
3110,3.000000
3116,3.000000
3379,3.000000
3735,3.000000
3804,3.000000
3945,3.000000
4423,3.000000
4586,3.000000
4663,3.000000
4676,3.000000
4706,3.000000
4734,3.000000
4856,3.000000
5205,3.000000
5477,3.000000
5959,3.000000
7531,3.000000
8534,3.000000
14389,3.000000
