"Evaluations","Fitness"
1,0.00200004906751115
4,0.0020000012839971
12,0.0020000012408864
