Evaluations,Fitness
1,1361.158312
4,1257.624640
30,1226.492386
32,1208.984547
34,1061.527641
45,931.762927
123,926.610238
142,874.969237
235,851.693484
249,846.581455
271,842.836528
282,833.649727
316,804.003338
368,801.332679
384,796.572304
392,793.753746
397,793.497622
416,791.310800
422,787.686202
453,782.140285
481,782.109285
494,782.006267
511,781.241053
513,779.866268
605,779.809821
630,779.662881
636,779.605311
652,779.599747
665,779.472529
681,779.467542
685,777.981824
708,777.737454
743,777.710669
855,777.708511
859,777.706016
885,777.659580
921,777.657324
952,777.649415
997,777.649313
1010,777.648419
1043,777.648280
1045,777.648255
1057,777.647800
1097,777.647624
1147,777.647610
1163,777.647532
1217,777.647527
1220,777.647502
1228,777.647484
1235,777.647447
1247,777.647435
1267,777.647412
1306,777.647412
1313,777.647389
1336,777.647385
1372,777.647385
1373,777.647384
1407,777.647383
1433,777.647383
1447,777.647381
1481,777.647380
1507,777.647380
1516,777.647380
1531,777.647380
1563,777.647380
1605,777.647380
1606,777.647380
1639,777.647380
1658,777.647380
1715,777.647380
1726,777.647380
1734,777.647379
1744,777.647379
1778,777.647379
1812,777.647379
1814,777.647379
1831,777.647379
1862,777.647379
1929,777.647379
1931,777.647379
1952,777.647379
1959,777.647379
1982,777.647379
1984,777.647379
2007,777.647379
2012,777.647379
2030,777.647379
2082,777.647379
2111,777.647379
2163,777.647379
2177,777.647379
2206,777.647379
2223,777.647379
2237,777.647379
2252,777.647379
2253,777.647379
2291,777.647379
2303,777.647379
2304,777.647379
2351,777.647379
2398,777.647379
2399,777.647379
2422,777.647379
2459,777.647379
2512,777.647379
2549,777.647379
2590,777.647379
2632,777.647379
2700,777.647379
