Evaluations,Fitness
1,21.154487
2,21.151669
3,21.136100
5,20.975754
29,20.923393
37,20.899607
141,20.813158
173,20.797813
181,20.723841
195,20.614888
239,20.530437
273,20.415633
286,20.258464
416,20.249007
452,20.225725
457,20.154196
507,20.113064
547,20.100664
564,20.039102
637,20.034314
708,20.029835
728,20.017989
736,19.975828
746,19.966769
907,19.966643
1081,19.965946
1266,19.965911
1308,19.965500
1345,19.965405
1405,19.965103
1613,19.964945
3245,19.964943
4055,19.964943
4175,19.963421
14015,19.963244
