Evaluations,Fitness
30,4748009.206685
60,2603314.617487
90,1800697.752471
120,1506311.818266
150,1294330.680501
180,1242775.980441
210,1227469.123711
240,1210586.584057
270,1202346.878579
300,1185837.976448
330,1178305.947923
360,1177935.048384
390,1176380.144285
480,1176103.442517
510,1175671.907008
540,1175326.366878
570,1175278.669276
600,1175194.442102
630,1175189.921486
660,1175174.623136
780,1175173.735357
810,1175171.251720
840,1175171.117748
870,1175170.778320
900,1175170.397472
930,1175168.854388
960,1175168.668369
990,1175168.370918
1020,1175168.150887
1050,1175167.978449
1080,1175167.923113
1200,1175167.920280
1230,1175167.918847
1260,1175167.912795
1290,1175167.911990
1320,1175167.911157
1350,1175167.910631
1380,1175167.910459
1410,1175167.909967
1440,1175167.909798
1530,1175167.909754
1560,1175167.909740
1590,1175167.909735
1620,1175167.909733
1650,1175167.909728
1680,1175167.909718
1710,1175167.909716
1740,1175167.909712
1770,1175167.909712
1800,1175167.909709
1920,1175167.909709
1950,1175167.909708
1980,1175167.909708
2070,1175167.909708
2130,1175167.909708
2160,1175167.909708
2190,1175167.909708
2220,1175167.909708
2250,1175167.909708
2310,1175167.909708
2340,1175167.909708
2400,1175167.909708
2490,1175167.909708
2520,1175167.909708
2730,1175167.909708
2760,1175167.909708
