"Evaluations","Fitness"
1,44.9997708721621
2,37.256652371571
3,20.4415401133066
4,12.0672935007652
7,2.61818792459715
15,0.928136911320959
77,0.583727983518825
87,0.54664369552682
151,0.467201774869695
223,0.411045824765973
407,0.399145939432167
