Evaluations,Fitness
1,207417.882859
2,194340.741804
6,180810.661526
20,150054.205652
92,120935.308739
