Evaluations,Fitness
1,1341039.340565
4,947099.928378
20,837153.670410
38,833754.593810
47,663830.306732
104,574356.234268
