Evaluations,Fitness
1,1288.9142826981397
11,1268.4915369854996
23,1153.0579405348212
30,1062.9048268882489
36,959.5289072340017
219,929.3622169897978
623,927.2468204235877
694,903.6968574856966
726,900.5469191418288
1890,886.9480284066697
1913,862.690997446627
1926,842.63287269854
2318,827.1140291108572
3887,817.6094702927812
3986,785.6071138858555
4486,766.5800930712192
5783,745.3908380979325
6195,729.0779447957036
12593,716.9465280802041
12658,706.0902387054153
