Evaluations,Fitness
1,1081.974052491797
5,1041.108191945412
13,1040.1929647270713
14,1025.5594917401188
31,931.0070112178247
35,916.9774156436088
45,884.7737785336408
51,872.2359080402235
57,870.4026639743715
123,857.3384133882174
126,809.0552801094801
282,800.7815693500125
411,757.7580032994089
2009,747.756691478764
2664,720.6443463368163
4150,672.8973020584389
