Evaluations,Fitness
30,126243.060331
60,71766.790905
90,56860.413773
120,46717.555487
150,40248.494345
180,37737.589792
210,37389.491580
240,36401.015843
270,36270.562570
300,36035.564755
330,36003.765248
360,35816.226037
390,35810.824041
420,35775.780827
450,35764.965385
480,35750.465144
510,35739.701623
540,35731.075469
600,35730.753466
630,35729.808381
660,35729.101432
720,35728.892354
750,35728.726878
780,35728.584978
840,35728.566543
870,35728.543474
900,35728.532863
930,35728.530682
960,35728.522727
990,35728.517065
1020,35728.516911
1080,35728.516409
1110,35728.516232
1140,35728.516168
1170,35728.515864
1200,35728.515855
1230,35728.515635
1290,35728.515628
1320,35728.515579
1380,35728.515539
1410,35728.515529
1440,35728.515519
1470,35728.515516
1500,35728.515515
1530,35728.515513
1560,35728.515510
1620,35728.515510
1650,35728.515509
1680,35728.515509
1710,35728.515508
1770,35728.515508
1800,35728.515508
1830,35728.515508
1860,35728.515508
1890,35728.515508
1920,35728.515508
1950,35728.515508
1980,35728.515508
2010,35728.515508
2070,35728.515508
2100,35728.515508
2130,35728.515508
2160,35728.515508
2190,35728.515508
2250,35728.515508
2310,35728.515508
2370,35728.515508
2460,35728.515508
