"Evaluations","Fitness"
1,-2.52639810348768
18,-3.05535132150483
19,-3.26942042898044
22,-3.52696296078392
297,-3.83524384349148
