Evaluations,Fitness
1,1679500.285569
6,1359253.173934
18,1357069.716923
29,570719.989121
105,475353.685356
116,363190.158268
