Evaluations,Fitness
1,21.020813
4,21.016556
19,20.363058
31,20.253542
35,20.099850
52,20.092855
55,20.038650
61,19.821290
64,19.605136
69,19.095828
91,18.693806
100,18.673800
103,18.609518
104,18.262139
121,18.228105
123,18.185535
124,18.172935
149,17.965110
154,17.796150
182,17.775775
192,17.710945
217,17.655985
282,17.591222
300,17.572992
342,17.522967
375,17.503964
397,17.499124
402,17.455139
435,17.454186
443,17.452515
499,17.444407
525,17.443364
551,17.440816
566,17.439769
571,17.425317
607,17.412550
660,17.404971
701,17.402739
751,17.402706
776,17.401986
784,17.401937
792,17.401919
801,17.401732
829,17.401486
874,17.401395
882,17.401378
893,17.401295
936,17.401260
961,17.401202
984,17.401200
991,17.401187
1011,17.401162
1021,17.401152
1026,17.401152
1040,17.401131
1045,17.401122
1062,17.401050
1082,17.401029
1086,17.401023
1117,17.401009
1142,17.401007
1152,17.401007
1159,17.401007
1177,17.401005
1195,17.401005
1202,17.400999
1213,17.400608
1231,17.399320
1232,17.393854
1266,17.393680
1270,17.393160
1276,17.393019
1283,17.392281
1300,17.391538
1322,17.391375
1326,17.391350
1336,17.390843
1382,17.390765
1393,17.390634
1398,17.390391
1421,17.390246
1485,17.390220
1511,17.390199
1528,17.390188
1532,17.390157
1571,17.390154
1572,17.390147
1592,17.390131
1644,17.390128
1652,17.390127
1657,17.390127
1699,17.390124
1712,17.390122
1753,17.390121
1770,17.390121
1783,17.390121
1795,17.390121
1808,17.390120
1845,17.390120
1920,17.390120
1930,17.390120
1958,17.390120
1980,17.390120
2023,17.390120
2025,17.390120
2050,17.390120
2052,17.390120
2053,17.390120
2080,17.390120
2082,17.390120
2140,17.390120
2164,17.390120
2211,17.390120
2252,17.390120
2262,17.390120
2295,17.390120
2312,17.390120
2344,17.390120
2439,17.390120
2451,17.390120
2472,17.390120
2494,17.390120
2496,17.390120
2510,17.390120
2568,17.390120
2591,17.390120
2630,17.390120
2635,17.390120
2645,17.390120
2651,17.390120
2661,17.390120
2729,17.390120
2801,17.390120
2879,17.390120
2891,17.390120
2901,17.390120
2915,17.390120
2921,17.390120
2922,17.390120
3008,17.390120
3035,17.390120
3037,17.390120
3039,17.390120
3131,17.390120
3160,17.390120
