Evaluations,Fitness
1,21.456155577717123
4,21.386638050767317
8,21.220833530487905
23,21.143946765318844
33,21.090730068010846
44,20.883094958053235
319,20.548647821419582
589,20.521560821552203
619,20.364759385951395
829,20.3623188682732
