"Evaluations","Fitness"
1,21.4673025814938
2,21.2861693056868
29,21.0680170001406
1742,21.0669987394193
1743,21.0455132951574
5723,21.041125165607
5724,21.0082452552314
6228,21.0037815429827
6229,20.9778805894018
6230,20.9458437544113
6231,20.9109023804362
6233,20.8922460069638
6238,20.8646176167746
7561,20.8642426495396
8007,20.8618503295748
8008,20.8543087851487
9306,20.8436786502042
9309,20.8353510727194
9311,20.8202348676867
9312,20.810127623339
9345,20.792259113376
9361,20.7714517267604
9892,20.7626189754079
9893,20.7409306453684
9895,20.7361792187058
9896,20.7156900817213
11073,20.7155575910929
11074,20.6699119116577
11075,20.6499191322224
11076,20.6321541485832
11080,20.5999684925069
11081,20.5998206072311
11092,20.587535746206
11093,20.566197278071
12842,20.5558502804569
12847,20.5536659086165
12852,20.5378269964485
12853,20.5314668936306
12854,20.5017329397487
12855,20.4988938108313
12856,20.4822131183594
12857,20.444794688068
12859,20.4268143594793
