Evaluations,Fitness
1,275.237110
2,0.763034
19,-0.567269
67,-0.954597
157,-1.008456
224,-1.031009
1286,-1.031539
1316,-1.031599
1376,-1.031624
1946,-1.031626
2186,-1.031628
2546,-1.031628
2996,-1.031628
3116,-1.031628
3159,-1.031628
3176,-1.031628
3206,-1.031628
3236,-1.031628
3266,-1.031628
3296,-1.031628
3326,-1.031628
3339,-1.031628
3416,-1.031628
3446,-1.031628
3506,-1.031628
3536,-1.031628
3656,-1.031628
3836,-1.031628
4406,-1.031628
4441,-1.031628
4471,-1.031628
4526,-1.031628
4561,-1.031628
4621,-1.031628
4861,-1.031628
4951,-1.031628
4981,-1.031628
5011,-1.031628
5041,-1.031628
5071,-1.031628
5101,-1.031628
5131,-1.031628
5161,-1.031628
5216,-1.031628
5251,-1.031628
5469,-1.031628
5840,-1.031628
6326,-1.031628
6639,-1.031628
6680,-1.031628
6716,-1.031628
6950,-1.031628
7179,-1.031628
7569,-1.031628
7640,-1.031628
