Evaluations,Fitness
1,2078.370374
2,636.018154
4,202.623605
5,16.655095
9,-0.419378
80,-0.473667
99,-0.480686
101,-0.776663
120,-0.852941
126,-0.874456
131,-0.951394
143,-0.952475
151,-1.025676
170,-1.027825
181,-1.030333
197,-1.031237
211,-1.031349
235,-1.031443
257,-1.031462
267,-1.031490
286,-1.031617
299,-1.031618
316,-1.031618
327,-1.031626
364,-1.031627
382,-1.031628
414,-1.031628
419,-1.031628
430,-1.031628
448,-1.031628
460,-1.031628
504,-1.031628
520,-1.031628
539,-1.031628
550,-1.031628
641,-1.031628
670,-1.031628
701,-1.031628
730,-1.031628
752,-1.031628
761,-1.031628
880,-1.031628
905,-1.031628
929,-1.031628
933,-1.031628
958,-1.031628
961,-1.031628
996,-1.031628
1016,-1.031628
1021,-1.031628
1098,-1.031628
1171,-1.031628
1211,-1.031628
1511,-1.031628
