Evaluations,Fitness
1,-0.0582656
2,-0.247639
3,-0.508739
6,-0.73201
12,-0.739369
15,-2.56537
29,-2.84211
42,-2.90707
50,-3.2031
62,-3.52812
82,-3.69003
113,-3.77411
188,-3.77694
213,-3.82105
292,-3.84768
296,-3.8494
333,-3.85223
355,-3.85487
562,-3.8561
640,-3.85881
851,-3.85888
855,-3.8617
977,-3.86222
1009,-3.86276
1111,-3.86276
1228,-3.86278
1347,-3.86278
1380,-3.86278
1540,-3.86278
1590,-3.86278
1738,-3.86278
1768,-3.86278
1801,-3.86278
1860,-3.86278
1918,-3.86278
1920,-3.86278
1921,-3.86278
1951,-3.86278
2011,-3.86278
2041,-3.86278
2133,-3.86278
2161,-3.86278
2219,-3.86278
2221,-3.86278
2310,-3.86278
2340,-3.86278
2400,-3.86278
2490,-3.86278
2521,-3.86278
2638,-3.86278
2700,-3.86278
2729,-3.86278
2757,-3.86278
2758,-3.86278
2759,-3.86278
2881,-3.86278
2907,-3.86278
2908,-3.86278
2939,-3.86278
3058,-3.86278
3117,-3.86278
3359,-3.86278
3389,-3.86278
3417,-3.86278
3447,-3.86278
3449,-3.86278
3537,-3.86278
3543,-3.86278
3569,-3.86278
3627,-3.86278
3959,-3.86278
3989,-3.86278
4199,-3.86278
4318,-3.86278
4440,-3.86278
7656,-3.86278
