Evaluations,Fitness
1,968.394335
11,941.443414
48,934.281623
138,912.490362
