Evaluations,Fitness
1,494.082677
2,439.664744
4,45.398906
6,11.212305
18,6.289733
24,2.330506
31,1.072542
36,-0.197071
122,-0.731062
179,-0.754167
241,-0.804354
292,-0.922524
380,-0.983326
440,-0.984207
470,-1.023401
560,-1.026649
650,-1.031220
770,-1.031331
830,-1.031340
920,-1.031466
1040,-1.031473
1079,-1.031596
1739,-1.031604
1792,-1.031608
1829,-1.031617
1889,-1.031625
2311,-1.031626
2521,-1.031627
2660,-1.031627
2690,-1.031627
2900,-1.031628
2930,-1.031628
2960,-1.031628
2969,-1.031628
2999,-1.031628
3080,-1.031628
3110,-1.031628
3170,-1.031628
3440,-1.031628
3449,-1.031628
3590,-1.031628
3830,-1.031628
4192,-1.031628
4310,-1.031628
4462,-1.031628
4582,-1.031628
4612,-1.031628
4642,-1.031628
4672,-1.031628
4702,-1.031628
4732,-1.031628
4762,-1.031628
4792,-1.031628
4822,-1.031628
4852,-1.031628
4882,-1.031628
4912,-1.031628
4942,-1.031628
4972,-1.031628
5002,-1.031628
5032,-1.031628
5060,-1.031628
5062,-1.031628
5212,-1.031628
5240,-1.031628
5272,-1.031628
5332,-1.031628
5394,-1.031628
5399,-1.031628
5692,-1.031628
5784,-1.031628
5932,-1.031628
5934,-1.031628
5992,-1.031628
6202,-1.031628
6532,-1.031628
6772,-1.031628
6952,-1.031628
7912,-1.031628
