Evaluations,Fitness
1,[49.85523961]
4,[40.23518951]
5,[9.97512664]
13,[9.30367075]
21,[1.60114233]
85,[1.09667768]
109,[0.46375107]
276,[0.45535494]
301,[0.44983057]
317,[0.4268352]
323,[0.4262437]
394,[0.42595586]
426,[0.4158385]
451,[0.41310538]
494,[0.40831625]
769,[0.40545379]
803,[0.39883504]
960,[0.39851152]
1076,[0.39818978]
1087,[0.39801064]
1184,[0.39793646]
1226,[0.39790148]
1346,[0.39789175]
1826,[0.39789102]
2051,[0.39788802]
2111,[0.39788774]
2171,[0.3978874]
2225,[0.39788737]
2711,[0.39788737]
2741,[0.39788736]
2831,[0.39788736]
2981,[0.39788736]
3032,[0.39788736]
3422,[0.39788736]
3803,[0.39788736]
3940,[0.39788736]
3953,[0.39788736]
4172,[0.39788736]
4300,[0.39788736]
4403,[0.39788736]
4472,[0.39788736]
4802,[0.39788736]
5162,[0.39788736]
5342,[0.39788736]
5462,[0.39788736]
