Evaluations,Fitness
30,1337.514288
60,782.004209
90,507.837990
120,412.272503
150,370.092670
180,349.978757
210,336.375973
240,334.875417
270,333.868416
300,331.327258
360,330.578165
390,330.231534
420,329.970074
450,329.944389
480,329.742875
510,329.557628
570,329.551551
600,329.539263
630,329.532050
660,329.525339
690,329.525313
720,329.521821
750,329.521423
780,329.520184
840,329.519957
870,329.519815
900,329.519358
930,329.519345
1050,329.519312
1080,329.519261
1170,329.519260
1200,329.519260
1230,329.519256
1260,329.519256
1290,329.519251
1320,329.519250
1350,329.519250
1380,329.519249
1410,329.519249
1440,329.519249
1500,329.519249
1530,329.519249
1590,329.519249
1620,329.519249
1650,329.519249
1740,329.519249
1770,329.519249
1830,329.519249
1860,329.519249
1920,329.519249
1950,329.519249
1980,329.519249
2010,329.519249
2040,329.519249
2070,329.519249
2100,329.519249
2130,329.519249
2160,329.519249
2190,329.519249
2220,329.519249
2250,329.519249
2310,329.519249
2340,329.519249
2370,329.519249
2430,329.519249
2460,329.519249
2490,329.519249
2520,329.519249
