Evaluations,Fitness
1,29.617767
3,8.143458
7,3.681592
22,2.921240
83,2.498124
118,2.302157
134,1.891128
150,1.761518
208,1.748297
233,1.747918
240,1.741530
478,1.741526
495,1.741523
500,1.741520
549,1.741520
561,1.741516
572,1.741515
574,1.741514
597,1.741513
718,1.741512
724,1.741512
726,1.741511
777,1.741511
781,1.741511
810,1.741511
811,1.741511
838,1.741511
848,1.741511
898,1.741511
998,1.741511
1101,1.741511
1228,1.741511
1335,1.741511
1428,1.741511
