Evaluations,Fitness
1,1038.8801462835372
4,982.7028429385346
31,948.1575143248388
37,896.7207386888497
56,840.8698644598146
81,808.021653742663
269,798.0570160340462
