Evaluations,Fitness
1,(1891.9226597645743,)
2,(1246.7533771714313,)
3,(528.2660404875659,)
4,(4.220631760334999,)
20,(2.144238048652028,)
28,(0.3444397922152593,)
37,(-0.12329221216496633,)
44,(-0.1275547031688139,)
68,(-0.1349081267748471,)
97,(-0.9692113312554541,)
204,(-0.9719739553828017,)
341,(-0.9938715364217421,)
360,(-0.9980603758957685,)
779,(-1.0295228683943998,)
913,(-1.0296443789107006,)
1203,(-1.029874127125099,)
6796,(-1.030991673634108,)
