Evaluations,Fitness
1,6996018.281576893
2,6950472.979006296
3,6600856.525811048
4,5714507.154159443
7,4845482.647097682
17,4526780.820109548
34,4140936.895318334
38,3824589.6340568555
53,3674377.169345424
182,3366117.1903936444
263,3214222.009854705
533,3177417.384782482
2795,2993369.6853288626
4080,2604943.6552741113
4265,2268285.8961228533
4380,2190614.8407350616
