Evaluations,Fitness
30,1449.464424
60,842.260167
90,572.787008
120,512.012901
150,458.256893
180,421.132400
210,412.499030
240,412.303633
270,408.959725
300,407.308100
330,406.210549
360,405.235510
390,404.961835
420,404.881090
450,404.558816
480,404.129516
510,404.054835
540,404.036746
570,403.999874
600,403.980951
630,403.956641
690,403.940486
720,403.938732
750,403.934711
780,403.932690
810,403.926706
840,403.926025
870,403.917333
900,403.914431
930,403.913075
960,403.912008
1020,403.911801
1080,403.911774
1110,403.911577
1200,403.911561
1260,403.911557
1290,403.911553
1350,403.911553
1380,403.911553
1410,403.911550
1440,403.911550
1470,403.911550
1500,403.911549
1530,403.911548
1560,403.911548
1590,403.911548
1650,403.911548
1680,403.911548
1710,403.911548
1740,403.911548
1770,403.911548
1800,403.911548
1830,403.911548
1860,403.911548
1890,403.911548
1920,403.911548
1950,403.911548
1980,403.911548
2070,403.911548
2310,403.911548
2400,403.911548
2430,403.911548
2460,403.911548
