Evaluations,Fitness
1,499.99867064175487
2,499.9718550439944
3,497.9146067249347
5,422.2321908853451
9,246.5786722532927
26,67.10532682582566
47,4.954785114888879
152,4.68180962246571
193,2.48964920403898
212,1.0072332386314204
807,1.000603183861068
991,0.9980219095254835
1292,0.9980039319177999
2233,0.9980038603371972
5528,0.9980038435709382
13298,0.998003839066807
