Evaluations,Fitness
1,19.903114062028887
4,3.0205959360675347
6,0.5819651207618648
45,0.438429139186459
121,0.43135573158906126
155,0.4150617682057298
436,0.40262867865068586
936,0.40112137213601606
2061,0.398852347549429
6916,0.39846776786577287
7233,0.3980341212767158
