Evaluations,Fitness
1,2779.323372937801
4,2582.8863615573428
8,2366.7582755790963
9,2354.6865350757002
15,2277.2857908989977
