Evaluations,Fitness
1,(1587.899266748399,)
3,(563.8706775476358,)
6,(110.76368203073152,)
8,(80.02982447652394,)
12,(1.8786213765592086,)
22,(1.8338402999691288,)
36,(1.565661581617639,)
41,(1.3129336369988502,)
49,(1.1266633868627316,)
51,(0.7364869140880062,)
56,(0.31067242637387504,)
67,(-0.7571675741290212,)
207,(-0.8550533287115716,)
347,(-1.024958132554767,)
2792,(-1.029155772614431,)
2897,(-1.0295639879992884,)
6002,(-1.0297725513502043,)
