Evaluations,Fitness
30,2.411453
60,1.051236
90,0.406620
150,0.401895
180,0.398468
270,0.398434
330,0.398415
360,0.398318
390,0.398263
420,0.398254
450,0.398251
480,0.398250
510,0.398249
540,0.398248
570,0.398248
600,0.398246
690,0.398246
720,0.398246
750,0.398246
810,0.398246
840,0.398246
870,0.398246
900,0.398246
960,0.398246
1020,0.398246
1050,0.398246
