"Evaluations","Fitness"
1,9.86475668195662
2,8.2497081847245
3,1.32238479254971
68,1.31305839846737
69,0.536724980231032
94,0.423039168296199
278,0.420319946761113
279,0.400211197931045
