Evaluations,Fitness
1,6107658.064932
4,5641485.163646
12,5339637.624218
17,4102006.977311
54,3999380.241729
107,3914082.968610
167,3606094.060030
