Evaluations,Fitness
1,21.27486156210691
19,21.25363656106474
34,21.1647889579044
86,21.026343844365865
282,20.949323473140492
326,20.903972887373737
356,20.691915850720665
506,20.611531909518174
1016,20.611468677516154
