"Evaluations","Fitness"
1,0.00200010865808268
2,0.00200000293315715
19,0.00200000169141353
99,0.00200000166191681
159,0.0020000015531239
219,0.00200000145421722
279,0.00200000138113466
332,0.00200000134078574
333,0.00200000112879259
392,0.00200000106196339
393,0.0020000010118063
399,0.00200000099997408
452,0.00200000096725875
457,0.00200000092583463
458,0.00200000090308666
516,0.00200000085499658
518,0.00200000080465174
