Evaluations,Fitness
1,276275326.4419372
2,199699577.50592628
7,198198548.80264297
9,182829991.1656776
23,170966717.3336681
31,158201706.5600169
32,99180202.61750071
39,98785799.3095323
61,79541395.6123363
62,78035266.28171667
65,65643828.32391256
72,60654667.73771277
121,59657784.64956203
139,58329282.55882435
142,55027748.0086759
156,50401733.8173703
199,48414048.05716254
205,47597435.59266406
212,46543384.28262349
214,45839934.09319798
224,37712525.480134554
281,33005839.27199469
296,30410466.481367666
305,27911436.14240677
378,24421903.03927987
410,22468386.245173883
455,19466283.754861835
546,17243458.952243246
764,16977624.689207662
823,16293081.990304954
911,15471701.11356403
1000,14898521.344106998
1238,13845557.933725338
1385,12989424.802834516
1928,11893076.348314155
1955,11883970.24014151
1966,10821762.229977958
2208,9929490.126324775
2268,8871515.711379899
2577,8721334.773875417
2694,7372230.0112317875
2817,7341596.035358742
2877,7336633.005635641
2892,7120266.65370316
3494,7035207.094141866
3974,6990929.999480888
4375,6819336.201940922
4544,6568167.920720863
4754,6393684.261207151
4844,6282705.692794524
5024,6172741.931798796
5084,6110016.203185396
5144,6107311.358962943
5174,6059657.733303577
5264,6038205.362190496
5335,5971833.323255769
5677,5691392.030984398
5845,5553222.857119644
5995,5255946.36768608
6055,5219477.914635435
6145,5188093.904865829
6205,5163046.468562315
6757,4867145.064020769
6985,4823612.782327037
8010,4649107.5721568065
8370,4594187.909411519
8490,4495968.325982411
8550,4479038.346289093
8700,4441094.760868846
8880,4412136.343373804
8910,4411469.221321049
8970,4409286.91142612
9000,4402730.391312834
9180,4382345.269517749
9210,4375130.70020187
9300,4366499.124988851
9480,4359874.373679014
9566,4342563.167727598
9630,4337202.90890847
9690,4142828.103016841
9931,3876204.014189785
9980,3403922.5968034924
10317,3273091.5957545005
11127,3163603.183599481
11457,3093242.6127235573
11487,3038886.60838163
11505,3022455.911379283
11607,2954079.2306762096
11654,2690159.012762782
11924,2612797.313107274
11984,2333435.0599434893
13094,2322467.6325686714
13136,2253240.72801131
13679,2062632.001136293
13744,1855174.622143093
14554,1782874.103234198
14704,1724468.2671179553
14764,1718618.1824404527
14824,1661266.3145248063
