Evaluations,Fitness
1,1006487021.0304067
3,816467940.0793805
5,588996247.30199
32,572406777.0784147
49,531135441.7114637
56,527404989.2227262
58,512787624.31731325
65,501841281.98502964
138,472056416.3557543
526,443751146.3302079
706,362812684.1617609
945,281474637.21664584
