Evaluations,Fitness
1,989.5486775586375
5,986.5898325484914
10,935.4590508874303
33,928.4266111254299
40,884.5379097118262
101,814.3381691662125
2052,805.3824364907796
2532,805.1751913953589
3424,779.8838840556433
3844,770.9155138154413
