Evaluations,Fitness
30,530739175.527007
60,165281205.025005
90,94559818.213746
120,70394097.621814
150,57582873.857909
180,50067408.830633
210,49060264.379219
240,47300287.100021
270,44387969.146367
300,44119604.250560
360,43906122.984831
390,43846497.053467
420,43719778.856555
450,43703695.075776
480,43675254.088989
510,43668984.862133
540,43658102.599710
570,43616211.897028
630,43612982.287676
690,43611691.935930
750,43610969.433567
810,43610474.856396
870,43610330.647967
900,43610303.424512
960,43610276.312332
990,43610259.246445
1020,43610250.697858
1080,43610244.020787
1110,43610239.057282
1200,43610238.971868
1230,43610238.913362
1260,43610238.487090
1290,43610238.406030
1320,43610238.384348
1350,43610238.248846
1380,43610238.243079
1410,43610238.211578
1440,43610238.078546
1470,43610237.956474
1530,43610237.943812
1560,43610237.939984
1650,43610237.939943
1740,43610237.939655
1770,43610237.939553
1800,43610237.939482
1830,43610237.939158
1860,43610237.939139
1890,43610237.939062
1920,43610237.939021
1980,43610237.938987
2040,43610237.938986
2070,43610237.938985
2100,43610237.938985
2160,43610237.938984
2190,43610237.938984
2250,43610237.938984
2280,43610237.938984
2340,43610237.938984
2430,43610237.938984
3030,43610237.938984
7500,43610237.938984
