Evaluations,Fitness
1,28.988224519374054
2,10.314351576336438
3,4.408809330520988
51,3.2662378432675316
63,2.952350860919471
67,1.8395888038812362
142,0.8677819318571967
199,0.8333924847938885
224,0.7101079504048045
288,0.5925521899535227
310,0.5760643923907018
362,0.5542056128974444
367,0.4053969531003254
438,0.40369214505105333
562,0.4003458413837233
3501,0.39994946988584346
6159,0.398531757296249
6839,0.3980596434635171
7023,0.39800222184662104
