Evaluations,Fitness
1,21.493155
2,21.258640
4,21.196041
7,21.183932
8,21.090454
9,20.987354
23,20.927775
47,20.885560
51,20.767126
107,20.745337
307,20.687164
311,20.611635
322,20.607791
339,20.390906
433,20.341622
452,20.307213
511,20.262213
517,20.183223
562,20.167575
581,20.148894
624,20.126007
648,20.012548
803,19.988283
907,19.966769
965,19.966606
991,19.966452
1064,19.965704
1075,19.963663
