Evaluations,Fitness
1,21.45008451506346
2,21.18140111899024
8,21.17057640112436
9,21.04052305028659
17,20.934361967724332
28,20.924211855768004
33,20.74305317242844
35,20.688600457343036
240,20.610211422546303
480,20.476710537343944
570,20.453541842510667
1429,20.451216913550542
1999,20.433122701341304
