Evaluations,Fitness
1,833086.4408005202
10,640630.989082016
37,503043.9544981708
64,296711.67669209075
207,233560.6167794783
447,218193.940567426
3417,218193.94056742595
13868,200738.24650769387
14198,189190.10405563324
