Evaluations,Fitness
1,21.187871
4,21.177542
9,21.171962
12,21.129808
13,21.063273
14,21.038928
18,21.013064
23,20.914066
44,20.891489
83,20.747233
124,20.742471
184,20.603583
442,20.527313
529,20.458558
536,20.445648
538,20.356526
540,20.350685
556,20.332966
566,20.194055
651,20.178158
691,20.158757
703,20.061183
809,19.968604
1115,19.966769
1203,19.965952
1401,19.965853
1435,19.965227
1668,19.965167
1711,19.964970
2341,19.964395
12361,19.963151
