Evaluations,Fitness
1,323246.7889287453
3,267381.2534682805
15,208999.89261655888
