Evaluations,Fitness
1,1376.4600761582792
3,1354.880479918641
10,1242.911507200814
27,1231.358708592808
41,1183.425264274345
45,1182.218926962664
87,1134.9274862773555
145,1083.421931189857
178,1082.1864300086831
254,1071.1933887420792
584,1045.6769223041974
700,1039.494790015981
850,1026.4694327413822
1090,1010.4889242659453
1150,1009.9577837302705
1472,975.1929774075104
