Evaluations,Fitness
1,499.723498985676
2,495.5129503946814
3,493.8140396450291
5,465.50489004292325
15,5.7341232662518475
165,3.0213779286287203
264,1.9210763796049117
328,1.0145615685174643
388,1.0145148407144238
502,0.9991087504548655
616,0.9980040087733666
3256,0.9980038663014216
5577,0.9980038438568214
5697,0.9980038414158279
11068,0.9980038404967887
