"Evaluations","Fitness"
1,20334.2385869206
4,318.79021473914
14,12.2334164150341
300,8.07392326538659
336,4.2320144424011
359,3.54640299459918
493,3.04676346727739
