Evaluations,Fitness
1,36.0782005658757
5,8.147397448087474
6,1.4443549534513416
38,1.264152601938255
43,1.258649370134334
68,0.46776221081482916
180,0.4570774269927167
240,0.4559678244470362
245,0.41853332611429295
365,0.40229044333182706
436,0.39830787467909623
488,0.39813393973658506
1285,0.39811427978857594
1345,0.3979147869966546
1585,0.3978996804268071
1595,0.39789512426062856
1735,0.3978878818801981
1895,0.3978877433479262
2189,0.3978877223876882
2318,0.39788752994726195
2485,0.3978874299241504
2545,0.39788742711032654
2588,0.39788740561291647
2648,0.3978873946544965
2768,0.3978873686292079
3160,0.39788736439147954
3175,0.39788736042649475
3220,0.3978873587771101
3235,0.39788735777206163
3565,0.39788735775656114
3745,0.3978873577327864
4105,0.3978873577300366
4345,0.39788735772978256
4795,0.397887357729779
4855,0.39788735772975414
4885,0.3978873577297417
5065,0.39788735772973993
6756,0.39788735772973816
