Evaluations,Fitness
1,499.950128
3,134.451054
8,18.742730
111,17.545258
123,15.566245
142,8.584273
231,8.570095
244,8.486187
302,8.391926
313,8.141565
366,7.935851
603,7.874486
1368,7.874485
1384,7.874483
1401,7.874483
1402,7.874483
1430,7.874483
1437,7.874483
1446,7.874483
1458,7.874481
1474,7.874481
1514,7.874481
1518,7.874481
1524,7.874480
1540,7.874480
1565,7.874480
1580,7.874480
1656,7.874480
1700,7.874480
1788,7.874480
1829,7.874480
1998,7.874480
2012,7.874480
2030,7.874480
2113,7.874480
2124,7.874480
2143,7.874480
2156,7.874480
2162,7.874480
2178,7.874480
2192,7.874480
2268,7.874480
2306,7.874480
2328,7.874480
2880,7.874457
3064,7.874457
3210,7.874457
3283,7.874457
3333,7.874457
3403,7.874457
3555,7.874137
