Evaluations,Fitness
1,1398.431393089616
5,1285.2200075184219
6,1217.7803493586468
30,1136.491568663765
36,1028.5338389337328
42,1016.7318948192151
59,1006.6023489070114
95,981.0204462000975
134,964.3024533432183
271,869.28268133249
1161,788.8519291661661
2961,704.4459123571509
5760,703.853796700985
10574,688.3720495441036
13853,659.6979047182075
