Evaluations,Fitness
1,2836.1318694768165
8,2435.6326360379344
16,2379.2082128113375
40,1943.866728532479
66,1700.7654207617175
294,1603.2809421425416
426,1462.1630698510291
546,1437.8398810065537
726,1331.759056768277
3486,1331.7590567682769
