Evaluations,Fitness
1,5102307.077349419
14,4831952.507493993
25,4358413.914920231
31,4251196.796659404
34,4245605.175332996
47,4235749.866805276
60,3946252.445300764
188,3288375.7581136194
191,3078537.742452543
341,2728678.065911066
599,2648285.8922346
701,2541100.775964378
791,2439589.55232432
821,2388973.270219141
881,2323834.08097308
971,2289304.7452905593
