Evaluations,Fitness
1,285977.74561422615
2,283186.2604274263
28,283115.06104935607
29,230514.96783371188
33,215730.67199046386
72,196450.23834683807
82,188128.4499449871
112,177373.44051761692
147,168194.08506311203
237,157057.2391819457
2034,154941.38872147596
2067,151715.84485155166
2927,136726.25106838057
3167,131031.14542495472
