Evaluations,Fitness
1,-0.502045
2,-2.039870
4,-2.462561
23,-3.775661
81,-3.860155
107,-3.862389
150,-3.862416
154,-3.862458
159,-3.862556
184,-3.862585
197,-3.862623
221,-3.862672
225,-3.862717
251,-3.862733
272,-3.862746
274,-3.862763
290,-3.862771
309,-3.862777
361,-3.862777
385,-3.862778
391,-3.862778
430,-3.862778
451,-3.862778
459,-3.862778
481,-3.862778
564,-3.862778
572,-3.862778
586,-3.862778
648,-3.862778
654,-3.862778
662,-3.862778
678,-3.862778
902,-3.862778
907,-3.862778
935,-3.862778
962,-3.862778
997,-3.862778
1029,-3.862778
1115,-3.862778
1117,-3.862778
1136,-3.862778
1145,-3.862778
1152,-3.862778
1158,-3.862778
1164,-3.862778
1175,-3.862778
1200,-3.862778
1218,-3.862778
1239,-3.862778
1302,-3.862778
1320,-3.862778
