Evaluations,Fitness
1,1509398.888780
4,807409.041291
20,800827.965829
37,716937.167547
60,593580.102023
67,518989.809718
92,509042.591280
94,491372.220399
110,436717.842765
121,414481.215221
124,381074.028941
153,335775.733696
217,330009.411085
229,322802.743225
252,320922.396869
285,316165.122034
289,312849.930403
344,312648.968409
367,312350.858968
393,311723.695171
406,310856.016668
423,309895.658700
427,309532.222652
453,309406.368879
492,309350.589572
513,309044.176565
607,309033.556956
636,309030.168208
644,309015.241753
667,309014.633590
670,309005.611056
694,309002.051584
702,309000.554301
726,308998.416219
741,308998.408986
756,308993.686955
759,308988.953952
786,308985.296374
806,308982.719797
859,308981.129879
924,308980.946827
949,308980.668742
984,308980.524810
1009,308980.482750
1106,308980.475231
1108,308980.465805
1159,308980.462713
1196,308980.460262
1221,308980.453119
1236,308980.451391
1256,308980.448712
1295,308980.448701
1318,308980.448584
1325,308980.448302
1381,308980.448277
1383,308980.448220
1392,308980.448082
1415,308980.447850
1513,308980.447850
1532,308980.447842
1536,308980.447815
1579,308980.447812
1595,308980.447809
1633,308980.447806
1649,308980.447806
1663,308980.447805
1697,308980.447804
1725,308980.447803
1757,308980.447803
1763,308980.447803
1783,308980.447803
1785,308980.447802
1837,308980.447802
1871,308980.447802
1872,308980.447802
1904,308980.447801
1942,308980.447801
1974,308980.447801
2005,308980.447801
2022,308980.447801
2026,308980.447801
2050,308980.447801
2064,308980.447801
2125,308980.447801
2142,308980.447801
2176,308980.447801
2185,308980.447801
2222,308980.447801
2249,308980.447801
2267,308980.447801
2290,308980.447801
2314,308980.447801
2357,308980.447801
2515,308980.447801
2536,308980.447801
