Evaluations,Fitness
1,3335743.245599727
2,1467043.0668643543
6,1439029.4250350653
15,962950.4203474086
