Evaluations,Fitness
1,972879859.9690772
2,933429208.5746465
5,912409476.0937654
6,823086294.1245255
10,708111830.5728505
20,658645436.4006631
31,637455001.1717393
33,628063228.5233495
40,527473283.0845038
43,511171999.3126898
103,453558912.371433
147,379634691.9696367
491,373277997.36016566
731,370939735.0540018
