Evaluations,Fitness
1,490.386687061319
3,473.1349932134379
32,162.04690483613092
34,88.12984736397078
57,78.86847606012064
91,41.887583848317156
130,37.31282107419143
185,34.1060584046634
210,6.011881798986384
293,5.946853760049047
556,5.928847674273383
2363,5.928845346977299
4054,2.657589792386378
4121,2.013033968059017
4476,1.9920418265317386
4836,1.9920311562949025
6379,1.9920309855390543
11556,1.9920309045817577
14882,1.992030900501765
