Evaluations,Fitness
1,21.385600
2,21.301679
5,21.245368
7,21.162653
36,21.144338
37,21.133647
49,21.019706
