Evaluations,Fitness
1,1184.1339198399487
2,1031.3471114422482
17,1007.0611636693543
32,948.0905075211696
47,872.3825934467443
158,870.8719406679568
184,859.574926749936
197,829.1147436248411
347,797.5426898146937
703,760.2742472677169
1093,754.5418869491023
