Evaluations,Fitness
1,1144.491497139181
2,929.2645601171371
41,849.4256575050131
344,846.9185064101088
371,723.8289522510847
461,709.5480977692977
581,690.8882763967557
