Evaluations,Fitness
1,1037792647.0213141
3,656158215.5741136
34,650343985.0516331
35,609701484.3040048
37,608191939.5584472
40,597299339.9697684
41,525268335.06240976
43,489930275.8085589
47,489887855.74959433
61,475431765.77879244
64,409581714.40684295
65,366637750.57961786
71,338090230.45875704
73,296806876.8270025
91,290096298.95118296
94,254775773.7646731
95,217590818.00325108
101,217443396.38789785
103,207890650.35882056
113,207343028.81285766
114,203354447.53189072
120,195107216.87736768
121,161804619.8934348
124,142791784.27904078
125,114172601.6109411
142,109053075.72825989
144,105785873.84349011
151,88196075.5954321
154,79665965.5503549
155,62545125.74979854
156,55784439.71653808
181,51407246.41803969
182,45656581.38519887
184,39927509.63323582
185,38054053.06065133
186,36558420.04037323
195,36180497.70667859
196,34377082.38424287
202,26551495.106944155
212,21972878.771462075
218,20591860.08607626
220,18905821.130659867
225,16669466.903635707
242,14090654.094121955
244,13694390.963848682
250,9465206.665685382
273,9458519.370775482
279,7738214.973277319
290,6634735.878191297
319,4953920.260607218
348,4371226.160456865
364,4202056.984248239
455,3618492.4135972587
478,3413332.897155466
555,3011584.0594544206
602,2950370.143669537
615,2924490.996368024
633,2786535.2162767607
658,2752066.421877955
661,2002328.956329153
765,1589841.056748545
998,1551178.1152391562
999,1334304.4272252987
1039,1169366.050152462
1066,1018040.1036908024
1092,893451.163778998
1120,821299.0721624701
1213,807035.3378689088
1236,732533.2805910895
1254,608213.5202685819
1360,488233.43515479757
1402,451800.0737169483
1736,428080.1444344358
1754,321101.2690004597
1870,276418.3435622325
1892,243079.95414783614
2141,198543.26481034033
4922,196473.37199145532
5105,184113.37844350035
5617,141884.1098498849
10906,127714.80156646755
