Evaluations,Fitness
1,9.145252776244437
3,2.714836672160983
23,1.0638031673316828
52,0.5933840904372172
150,0.45459573572685663
803,0.41376681733872545
1155,0.40999260712889907
1193,0.4002902003363147
1321,0.3980192636460078
1936,0.3979223868649857
2656,0.39790881829619806
3184,0.3979065848129135
3190,0.3978964929989921
3460,0.3978894820768577
3848,0.397887493099228
4178,0.39788741335052435
4756,0.39788740707908765
4977,0.3978873800235565
5146,0.3978873735846733
5217,0.39788736447388295
5326,0.39788736038792827
5386,0.3978873586940548
5501,0.3978873582282425
5811,0.39788735792083507
5861,0.39788735778139106
6081,0.39788735775947437
6111,0.39788735774827977
6161,0.39788735773282546
6281,0.3978873577315092
6371,0.3978873577313973
6431,0.39788735773131556
6491,0.3978873577312694
6521,0.39788735773118944
6581,0.3978873577311379
6701,0.39788735773111306
7086,0.3978873577305535
7178,0.39788735772990513
7271,0.39788735772979855
7317,0.3978873577297648
7437,0.3978873577297559
7557,0.3978873577297488
7617,0.3978873577297435
7797,0.3978873577297417
7996,0.39788735772973993
8037,0.39788735772973816
