Evaluations,Fitness
1,32.41405159955342
3,16.277125878104265
6,0.5980759400905917
97,0.5667592567862254
126,0.4417805557583758
156,0.3986796421128691
846,0.3984650174387383
852,0.3984508208880211
1452,0.3979102011706974
1902,0.39790027346541024
2382,0.39789176123861303
3192,0.39789133298219603
3432,0.3978907393402462
3822,0.39789071400291576
4079,0.3978895278373962
4092,0.39788925821705234
4139,0.3978892217274801
4182,0.3978876130848885
4512,0.3978874902437486
4626,0.39788738174012295
5036,0.397887358184807
5780,0.3978873579357849
5810,0.39788735792013874
5870,0.3978873578968578
6020,0.39788735788726726
6140,0.39788735788400054
6170,0.39788735788354046
6239,0.39788735782165396
6260,0.39788735776504325
6290,0.3978873577341737
6320,0.39788735773107753
6470,0.3978873577308555
6500,0.39788735773004547
6590,0.3978873577297737
6680,0.3978873577297719
6740,0.3978873577297648
7152,0.39788735772975414
7220,0.39788735772973816
