Evaluations,Fitness
1,2862.453216335341
3,2399.681346400064
24,2399.1185556406654
29,2095.877105856653
