Evaluations,Fitness
1,1014112584.099553
5,1010794141.506423
7,744360335.419958
9,739808736.117682
10,662297486.447621
31,372170925.640434
38,226383743.833957
61,171363392.772784
63,155893912.752861
74,149418170.127906
76,129287355.654802
78,104161580.747976
93,93225563.841529
95,83780660.354423
97,81581910.226709
101,80078473.194499
106,74741506.258788
112,65896716.675356
121,55966246.305049
125,55001128.055455
136,53270457.848430
151,48617913.641338
153,48199560.133787
161,48179776.678712
178,43520171.600496
189,40850537.905512
211,40729365.380268
227,39774322.657572
276,39446613.349104
294,39287583.193442
304,38992359.511225
341,38953980.963718
346,38758980.429246
367,38631490.148122
408,38610066.994275
536,38607670.900922
550,38605120.193360
567,38602892.900756
577,38589451.634284
616,38588756.991722
628,38583796.214226
676,38583181.474348
718,38582770.919840
727,38582606.808553
783,38582560.508683
788,38582415.088388
804,38582368.264423
824,38582346.316951
848,38582331.086821
853,38582246.810921
884,38582222.819533
913,38582183.894450
925,38582162.107473
943,38582139.274180
961,38582112.534687
983,38582088.105561
1039,38582087.933092
1051,38582083.716345
1093,38582082.525652
1120,38582079.842338
1133,38582079.239393
1146,38582077.619314
1225,38582077.204619
1264,38582077.168648
1303,38582077.042881
1371,38582077.013601
1400,38582077.004714
1411,38582076.987097
1445,38582076.980199
1449,38582076.969396
1475,38582076.964187
1488,38582076.963825
1495,38582076.963004
1509,38582076.958089
1548,38582076.949193
1625,38582076.948891
1650,38582076.948774
1655,38582076.947908
1722,38582076.947906
1728,38582076.947701
1740,38582076.947594
1741,38582076.947549
1758,38582076.947409
1771,38582076.947404
1782,38582076.947279
1821,38582076.947255
1831,38582076.947255
1840,38582076.947229
1867,38582076.947226
1869,38582076.947196
1897,38582076.947192
1928,38582076.947182
1979,38582076.947175
2019,38582076.947171
2042,38582076.947168
2099,38582076.947168
2104,38582076.947168
2107,38582076.947168
2178,38582076.947167
2194,38582076.947167
2228,38582076.947167
2234,38582076.947167
2265,38582076.947167
2288,38582076.947167
2322,38582076.947167
2341,38582076.947167
2357,38582076.947167
2465,38582076.947167
