Evaluations,Fitness
1,979151020.304020
4,860516268.866775
7,573919998.145105
98,531164756.924436
