Evaluations,Fitness
1,14.150519
4,9.212669
5,7.127194
17,3.977192
34,0.453578
49,0.417293
407,0.414013
679,0.403256
703,0.402198
857,0.401511
887,0.398947
1067,0.398561
1102,0.398434
1127,0.398069
1157,0.397903
1337,0.397894
1367,0.397892
1457,0.397891
1517,0.397889
1727,0.397889
2027,0.397889
2314,0.397888
2567,0.397887
2897,0.397887
3201,0.397887
3301,0.397887
3681,0.397887
3771,0.397887
3951,0.397887
4116,0.397887
4251,0.397887
4371,0.397887
4551,0.397887
4641,0.397887
4671,0.397887
4701,0.397887
4731,0.397887
4761,0.397887
4791,0.397887
4821,0.397887
4851,0.397887
4881,0.397887
4896,0.397887
4941,0.397887
4971,0.397887
5001,0.397887
5031,0.397887
5046,0.397887
5061,0.397887
5076,0.397887
5226,0.397887
5256,0.397887
5316,0.397887
5346,0.397887
5421,0.397887
5436,0.397887
5481,0.397887
5541,0.397887
5991,0.397887
6021,0.397887
6171,0.397887
6336,0.397887
6426,0.397887
7026,0.397887
