Evaluations,Fitness
1,1499.0576322620852
5,1318.1949284565053
7,1274.334666239154
13,1267.4439057553636
