Evaluations,Fitness
30,-3.174107
60,-3.745124
90,-3.842528
150,-3.845981
210,-3.846446
240,-3.847836
270,-3.854878
300,-3.855020
330,-3.855317
360,-3.855550
390,-3.855611
420,-3.855658
450,-3.855680
510,-3.855687
540,-3.855730
570,-3.855740
630,-3.855742
660,-3.855744
690,-3.855744
720,-3.855746
780,-3.855747
840,-3.855747
900,-3.855747
930,-3.855747
960,-3.855747
990,-3.855747
1020,-3.855747
1050,-3.855747
1140,-3.855747
1170,-3.855747
1200,-3.855747
1230,-3.855747
1260,-3.855747
1290,-3.855747
1320,-3.855747
1380,-3.855747
1500,-3.855747
1560,-3.855747
1590,-3.855747
1620,-3.855747
1680,-3.855747
6060,-3.855747
