Evaluations,Fitness
1,21.166944
2,21.158540
6,20.977799
11,20.784413
31,20.774491
59,20.754151
274,20.722323
286,20.709129
302,20.677704
342,20.672930
343,20.525621
377,20.493750
378,20.391938
391,20.362387
431,20.361793
435,20.333314
462,20.097799
562,20.064520
618,20.022842
711,20.014834
852,19.965838
1018,19.965797
1127,19.965218
1318,19.965069
1319,19.964943
3809,19.964943
3989,19.964606
5999,19.963077
