Evaluations,Fitness
1,(1090.4730242939215,)
4,(1048.761097022113,)
6,(991.5227912785103,)
16,(977.3374204551735,)
20,(974.00347106916,)
31,(769.1803022932534,)
46,(735.579206527894,)
51,(721.4697293513696,)
856,(707.9284920475784,)
3365,(693.7601804711023,)
4583,(682.2555053462474,)
