Evaluations,Fitness
1,46694032.580737
2,3275419.320206
3,1106189.070249
4,903578.453802
13,783623.762925
58,489668.570450
