Evaluations,Fitness
1,204936.518276
2,198496.862397
3,164148.267146
18,154300.304394
30,152657.675373
56,145697.752922
