Evaluations,Fitness
1,-0.000000
2,-1.200844
34,-1.592308
45,-2.902894
62,-3.414272
152,-3.526402
332,-3.799407
614,-3.850511
1064,-3.854215
1184,-3.859166
1533,-3.860856
1712,-3.861833
1741,-3.862267
2084,-3.862442
2281,-3.862647
2311,-3.862657
2401,-3.862677
2491,-3.862692
2611,-3.862697
2641,-3.862711
2671,-3.862717
2672,-3.862733
2911,-3.862752
2941,-3.862760
2971,-3.862761
3031,-3.862767
3061,-3.862769
3091,-3.862770
3121,-3.862771
3151,-3.862771
3181,-3.862771
3211,-3.862771
3331,-3.862771
3361,-3.862771
3451,-3.862771
3481,-3.862771
3482,-3.862776
3782,-3.862778
3872,-3.862779
4022,-3.862779
4246,-3.862779
4306,-3.862780
4321,-3.862781
4351,-3.862782
5371,-3.862782
5491,-3.862782
5552,-3.862782
5611,-3.862782
5793,-3.862782
6016,-3.862782
6033,-3.862782
6272,-3.862782
6453,-3.862782
6513,-3.862782
6573,-3.862782
6586,-3.862782
7606,-3.862782
8013,-3.862782
8103,-3.862782
8133,-3.862782
8313,-3.862782
8342,-3.862782
8402,-3.862782
8583,-3.862782
8613,-3.862782
8643,-3.862782
8703,-3.862782
8733,-3.862782
8853,-3.862782
8882,-3.862782
8913,-3.862782
9033,-3.862782
9332,-3.862782
9422,-3.862782
9482,-3.862782
9526,-3.862782
9572,-3.862782
9602,-3.862782
9632,-3.862782
9662,-3.862782
9692,-3.862782
9722,-3.862782
9752,-3.862782
9812,-3.862782
9916,-3.862782
9962,-3.862782
10022,-3.862782
10262,-3.862782
10352,-3.862782
10442,-3.862782
10541,-3.862782
10622,-3.862782
10652,-3.862782
10742,-3.862782
10832,-3.862782
10892,-3.862782
10922,-3.862782
11012,-3.862782
11042,-3.862782
11132,-3.862782
11162,-3.862782
11192,-3.862782
11222,-3.862782
11252,-3.862782
11313,-3.862782
11372,-3.862782
11373,-3.862782
11433,-3.862782
11642,-3.862782
11762,-3.862782
11822,-3.862782
11882,-3.862782
12483,-3.862782
13653,-3.862782
