Evaluations,Fitness
1,-2.6900445962459307
4,-2.847605286605319
13,-3.3273853154992254
17,-3.4510963223378304
77,-3.6085475701245295
3157,-3.788066145280979
