Evaluations,Fitness
1,(1560.3057775946957,)
3,(409.1864048808912,)
8,(236.8676531283162,)
19,(171.25305325563863,)
21,(94.86560325238841,)
25,(35.41382402167873,)
49,(3.2920722304115233,)
5841,(3.0798675283214325,)
9100,(3.0294075041755586,)
