Evaluations,Fitness
1,10905352.364128
5,8505472.325315
6,8312505.644437
8,7663242.240097
15,7147781.202931
31,5620411.478964
103,5610899.720506
