"Evaluations","Fitness"
1,8108.82729112204
2,179.304894093032
18,69.9854920994013
91,58.5129769589044
93,5.52032810901918
207,4.25987700474978
499,3.19618827433733
