"Evaluations","Fitness"
1,1004.14894941961
6,533.762534763716
8,88.8582847116739
64,65.9217868034457
99,32.4638262506463
127,31.5287865188023
128,15.0570326005554
172,3.69756025629155
