Evaluations,Fitness
1,-0.075029
2,-1.778289
19,-2.451178
25,-2.510406
33,-2.529056
35,-3.109110
41,-3.513686
65,-3.821895
133,-3.839769
175,-3.846431
185,-3.849491
213,-3.850424
235,-3.851681
354,-3.851712
371,-3.851718
379,-3.852129
413,-3.852173
519,-3.852173
546,-3.852173
563,-3.852174
649,-3.852174
666,-3.852174
699,-3.852174
769,-3.852174
2869,-3.852174
