Evaluations,Fitness
1,21.13032177744369
3,20.95803545238598
15,20.931734364190238
20,20.828743448696084
35,20.777063980267656
40,20.745938680092337
57,20.72337981437686
65,20.69781229902326
125,20.68804851566511
164,20.68212344887178
644,20.641477906246113
769,20.59893500280771
1159,20.588869528762807
1438,20.550762951434365
1678,20.51530198930567
1768,20.439651846429392
2008,20.435426251726124
