Evaluations,Fitness
1,202059.125205
2,177498.678955
9,168447.833210
10,157981.614250
37,155094.233438
103,154077.050155
