Evaluations,Fitness
1,3102.477372
2,3029.588010
3,2664.935524
4,2633.142343
5,2505.117138
12,2401.390684
15,2299.222756
22,2207.895054
31,2185.162767
32,1988.012054
33,1931.074609
41,1825.198642
42,1641.343490
63,1525.416828
75,1463.262073
81,1430.762249
84,1370.954104
96,1302.768364
101,1292.799285
105,1274.937674
109,1124.532403
135,1122.017345
140,1107.944174
156,1103.530339
157,1068.993396
186,1055.955539
225,1055.546985
234,1050.421446
246,1047.569688
255,1046.676292
260,1042.464137
284,1039.644143
328,1036.007806
407,1035.828286
420,1035.713617
428,1035.500743
444,1035.321967
465,1035.284137
478,1035.281285
488,1035.281012
495,1034.436404
531,1034.350773
555,1034.346855
556,1034.268008
585,1034.251173
616,1034.245527
630,1034.241534
633,1034.239102
671,1034.232327
705,1034.218199
725,1034.216979
727,1034.214775
731,1034.212126
765,1034.210041
801,1034.209396
812,1034.208772
827,1034.207118
828,1034.207053
842,1034.206801
881,1034.206498
947,1034.205271
1008,1034.205232
1037,1034.205146
1059,1034.205120
1097,1034.205101
1163,1034.205094
1174,1034.205090
1187,1034.205090
1206,1034.205090
1226,1034.205063
1235,1034.205056
1244,1034.205054
1255,1034.205052
1265,1034.205050
1274,1034.205048
1295,1034.205047
1345,1034.205047
1347,1034.205047
1354,1034.205046
1382,1034.205046
1416,1034.205046
1442,1034.205046
1495,1034.205046
1559,1034.205046
1586,1034.205046
1588,1034.205046
1591,1034.205046
1592,1034.205046
1612,1034.205046
1646,1034.205046
1672,1034.205046
1700,1034.205046
1704,1034.205046
1712,1034.205046
1745,1034.205046
1787,1034.205046
1802,1034.205046
1854,1034.205046
1871,1034.205046
1914,1034.205046
1922,1034.205046
1958,1034.205046
1960,1034.205046
1988,1034.205046
2007,1034.205046
2018,1034.205046
2042,1034.205046
2047,1034.205046
2057,1034.205046
2058,1034.205046
2071,1034.205046
2072,1034.205046
2077,1034.205046
2093,1034.205046
2135,1034.205046
2136,1034.205046
2168,1034.205046
2207,1034.205046
2221,1034.205046
2226,1034.205046
2274,1034.205046
2280,1034.205046
2360,1034.205046
2377,1034.205046
