Evaluations,Fitness
1,1660.694890
2,1473.546692
3,1420.187844
5,1407.744894
7,1371.809775
9,1342.838655
20,1187.812494
