Evaluations,Fitness
1,1124.5055778246087
4,978.3813429105702
9,976.7593626194805
31,929.450717720382
34,873.5530575192215
334,868.2931012269601
344,858.3577838274321
418,854.4457923186603
778,853.7867431209651
1602,791.9596713716037
12266,787.782183447567
12656,781.6424913709375
