Evaluations,Fitness
1,917320.698377
7,846637.378909
8,770942.660997
32,625268.359478
39,328682.909181
