Evaluations,Fitness
1,23440623.316453
2,3201442.697381
3,1925613.351785
11,1751314.266641
13,1134268.689467
23,1082692.866776
35,944450.225041
48,759659.652130
50,756039.440926
59,569592.923955
63,449854.222145
