Evaluations,Fitness
1,1160.535120
2,1138.230187
4,992.370523
32,944.232459
