Evaluations,Fitness
1,9338102.197912
3,6102961.077951
4,1143053.802219
7,589954.830886
111,503712.921800
