Evaluations,Fitness
1,[663.20212141]
3,[0.79570176]
25,[0.45268185]
33,[-0.36438721]
47,[-0.97331577]
257,[-1.00000024]
318,[-1.00280324]
355,[-1.02677237]
424,[-1.02696124]
715,[-1.03142066]
1377,[-1.03160016]
1437,[-1.03161597]
1822,[-1.03162072]
2086,[-1.03162708]
2140,[-1.03162823]
2607,[-1.03162826]
2895,[-1.03162836]
2909,[-1.03162845]
3029,[-1.03162845]
3465,[-1.03162845]
3689,[-1.03162845]
3719,[-1.03162845]
3749,[-1.03162845]
3779,[-1.03162845]
3795,[-1.03162845]
3855,[-1.03162845]
3899,[-1.03162845]
3929,[-1.03162845]
3959,[-1.03162845]
3989,[-1.03162845]
4005,[-1.03162845]
4336,[-1.03162845]
4349,[-1.03162845]
4725,[-1.03162845]
4785,[-1.03162845]
4815,[-1.03162845]
4995,[-1.03162845]
5445,[-1.03162845]
5535,[-1.03162845]
5715,[-1.03162845]
6105,[-1.03162845]
7395,[-1.03162845]
9771,[-1.03162845]
