Evaluations,Fitness
1,497.986348
3,489.041948
11,469.326826
31,464.016836
34,436.797887
43,13.618908
78,12.793727
84,11.718794
157,11.718734
216,11.718702
229,11.718700
238,10.657280
250,6.925450
285,6.923596
310,6.917200
328,6.912898
349,6.904575
370,6.903420
465,6.903413
469,6.903391
490,6.903389
533,6.903340
821,6.903340
842,6.903340
845,6.903340
940,6.903340
965,6.903340
984,6.903339
1030,6.903339
1066,6.903339
1118,6.903339
1145,6.903339
1151,6.903339
1178,6.903339
1220,6.903338
1245,6.903338
1276,6.903338
1280,6.903338
1306,6.903338
1316,6.903338
1343,6.903338
1350,6.903337
1361,6.903337
1364,6.903337
1419,6.903337
1442,6.903337
1454,6.903337
1470,6.903337
1576,6.903337
1620,6.903337
3096,6.903337
3124,6.903337
3205,6.903337
3239,6.903337
3278,6.903337
3295,6.903337
3296,6.903337
3323,6.903337
3340,6.903337
3363,6.903336
3394,6.903336
3527,6.903336
3544,6.903336
3603,6.903336
3677,6.903336
3759,6.903336
3797,6.903336
3808,6.903336
