Evaluations,Fitness
30,6.207882
60,2.225756
90,0.792584
120,0.437461
150,0.424924
180,0.411376
210,0.400405
240,0.398734
270,0.398687
300,0.398235
360,0.397987
420,0.397986
450,0.397986
480,0.397984
510,0.397983
540,0.397983
690,0.397983
720,0.397983
780,0.397983
810,0.397983
1080,0.397948
1110,0.397947
1140,0.397947
1290,0.397947
1560,0.397947
1680,0.397947
