Evaluations,Fitness
30,-3.681170
90,-3.768119
120,-3.779982
150,-3.788074
180,-3.790653
240,-3.790861
270,-3.790912
300,-3.790934
330,-3.790937
360,-3.790950
390,-3.790950
420,-3.790951
450,-3.790952
480,-3.790952
540,-3.790952
570,-3.790952
630,-3.790953
690,-3.790953
780,-3.790953
840,-3.790953
870,-3.790953
930,-3.790953
960,-3.790953
1080,-3.790953
1110,-3.790953
1290,-3.790953
1350,-3.790953
1380,-3.790953
1500,-3.790953
1530,-3.790953
1710,-3.790953
2250,-3.790953
