Evaluations,Fitness
1,845938.478305966
2,747380.384433716
15,613406.0405813
24,556822.5460188854
34,509322.5318048961
54,314700.08825959265
334,308665.97017935343
604,288049.2254441839
2358,274023.1042137301
2415,260067.22966114472
2450,228170.65166674976
2780,225131.7859963447
2870,198820.24833273145
5750,198820.24833273143
9464,197492.58710027844
9884,195291.18686246537
12554,195291.18686246534
12614,195291.1868624653
12764,195291.18686246529
