Evaluations,Fitness
1,(706283.8391554923,)
2,(3010.515672028564,)
5,(867.1427028624452,)
11,(241.91445677753612,)
17,(132.19290648434628,)
61,(8.730012150497016,)
147,(5.417881643844919,)
202,(5.313621909279992,)
388,(4.120215371879292,)
495,(3.897369045299473,)
735,(3.8584044515545055,)
1362,(3.6823698942954755,)
1730,(3.3435195745866784,)
7924,(3.1869936595661064,)
