Evaluations,Fitness
1,21.343603721135526
19,21.27747487786114
29,21.20879719432634
54,21.160006001925172
100,21.140715753499784
112,21.04235235739508
177,21.014355419296727
289,20.991804198696748
469,20.9646992712191
529,20.780995308175758
1493,20.748797835652933
1579,20.627560058516355
1999,20.626099645681357
2089,20.625793154351857
13206,20.50390366682805
13249,20.32863388610603
13429,20.267548370699174
13609,20.265778909974077
