Evaluations,Fitness
1,(np.float64(13.52191599589025),)
6,(np.float64(1.0194158198823136),)
136,(np.float64(0.5524916932956501),)
243,(np.float64(0.4248710983483104),)
1280,(np.float64(0.41628388533246863),)
1556,(np.float64(0.3982493657195363),)
13010,(np.float64(0.39813882432259007),)
