Evaluations,Fitness
1,30191.205249
40,5579.181480
47,2114.447595
50,600.000000
51,151.331411
171,149.422910
174,93.148960
234,93.003765
354,92.034866
1312,92.033955
1551,92.033922
1671,92.033894
2331,92.033894
2391,92.033894
2511,92.033894
2770,92.033894
3952,92.033894
4072,92.033894
4132,92.033894
5032,92.033894
5770,92.033894
7749,92.033894
