Evaluations,Fitness
1,21.433045072028847
4,21.39487535081678
6,21.38973483919866
8,21.37078897300557
16,21.337164657576935
20,21.3163908852038
22,21.28337021841824
33,21.211738731707488
38,21.172786504779882
64,21.17126001962859
67,21.09495549501108
74,20.8042589421587
558,20.80155390227704
584,20.682663356301997
764,20.668425036227653
