Evaluations,Fitness
1,490.461465
2,453.658794
31,378.251245
37,255.180276
45,201.886508
50,16.087846
159,13.692296
283,12.032377
298,11.719192
366,3.868396
785,0.998236
2160,0.998140
2250,0.998015
2286,0.998005
2436,0.998005
2526,0.998005
2586,0.998004
2610,0.998004
2616,0.998004
2646,0.998004
2706,0.998004
2736,0.998004
2766,0.998004
2856,0.998004
2886,0.998004
2916,0.998004
2946,0.998004
2976,0.998004
3006,0.998004
3036,0.998004
3066,0.998004
3096,0.998004
3126,0.998004
3156,0.998004
3186,0.998004
3216,0.998004
3246,0.998004
3276,0.998004
3306,0.998004
3330,0.998004
3360,0.998004
3396,0.998004
3426,0.998004
3456,0.998004
3486,0.998004
3516,0.998004
3576,0.998004
3606,0.998004
3636,0.998004
3696,0.998004
3726,0.998004
3756,0.998004
3786,0.998004
3810,0.998004
3816,0.998004
3870,0.998004
3876,0.998004
3930,0.998004
3996,0.998004
4116,0.998004
4236,0.998004
4386,0.998004
4446,0.998004
4530,0.998004
4560,0.998004
4566,0.998004
4590,0.998004
5525,0.998004
5580,0.998004
5640,0.998004
5880,0.998004
6270,0.998004
6390,0.998004
6600,0.998004
8615,0.998004
10655,0.998004
