Evaluations,Fitness
1,17431829.462072
2,2723151.466633
3,2160527.994470
6,2030263.153220
7,1276145.159868
9,1093101.328266
24,721594.549631
28,685061.647766
33,510682.504170
62,430436.286026
68,389399.870698
69,352525.197130
71,276023.228924
92,243265.391866
93,230235.059403
96,214282.918223
109,204939.178018
111,148230.517548
137,146795.403131
138,138973.477976
160,98571.052789
211,90698.479935
217,84004.264112
274,81328.010517
286,76205.146370
307,75407.561295
309,73176.391634
336,72645.556172
337,70547.389027
350,70518.705838
368,67450.152510
392,67322.426185
420,66928.971885
428,66515.230329
440,66112.663649
457,65979.075380
486,65775.050553
495,65748.327546
496,65740.245108
512,65707.302499
520,65605.139181
541,65546.136333
547,65491.946821
564,65458.925850
573,65455.226905
577,65317.588354
602,65204.107447
652,65188.563173
658,65184.070567
662,65163.897463
666,65122.589678
692,65084.442242
713,65083.918864
729,65075.603894
773,65071.785527
812,65069.061391
845,65064.426304
890,65063.686225
905,65063.392921
924,65063.213182
929,65063.208709
935,65063.207097
939,65062.675628
946,65062.041907
995,65061.964429
1021,65061.912750
1043,65061.850690
1064,65061.677372
1112,65061.677248
1150,65061.667451
1163,65061.628471
1211,65061.627890
1231,65061.621094
1240,65061.615700
1301,65061.613772
1311,65061.613675
1329,65061.612494
1365,65061.611142
1401,65061.611135
1420,65061.610439
1484,65061.610427
1499,65061.610376
1503,65061.610155
1540,65061.610116
1583,65061.610085
1616,65061.610076
1630,65061.610075
1661,65061.610063
1682,65061.610061
1726,65061.610060
1751,65061.610059
1772,65061.610059
1786,65061.610059
1796,65061.610055
1828,65061.610054
1849,65061.610054
1870,65061.610054
1871,65061.610054
1888,65061.610054
1909,65061.610054
1988,65061.610054
1993,65061.610054
2018,65061.610054
2031,65061.610054
2042,65061.610054
2048,65061.610054
2068,65061.610054
2097,65061.610054
2120,65061.610054
2138,65061.610054
2153,65061.610054
2228,65061.610054
2291,65061.610054
2347,65061.610054
2376,65061.610054
2427,65061.610054
2460,65061.610054
2493,65061.610054
5656,65061.610054
