Evaluations,Fitness
1,2823.171737
3,2356.219543
4,1796.729440
32,1771.398923
33,1439.401172
46,1384.468341
62,1248.925856
63,1153.149424
91,1095.583497
92,1064.550076
99,1062.618626
115,979.151006
123,976.067396
151,975.205485
155,963.269010
183,959.004601
205,951.885032
209,942.367392
231,934.379778
267,931.410249
291,929.141500
314,927.287567
340,926.764978
377,925.250363
441,925.163700
463,924.994637
470,924.815222
473,924.504634
479,924.113786
507,924.036736
515,924.030824
521,923.776076
550,923.558236
560,923.491192
580,923.478196
599,923.386504
610,923.383740
617,923.314399
620,923.136022
681,923.124454
705,923.119945
727,923.063165
749,923.027035
789,923.020669
818,923.019046
822,923.016289
909,923.015920
913,923.013830
1032,923.013815
1085,923.013807
1184,923.013805
1221,923.013804
1229,923.013802
1285,923.013802
1295,923.013802
1345,923.013802
1355,923.013801
1398,923.013801
1412,923.013801
1414,923.013801
1436,923.013801
1450,923.013801
1496,923.013801
1570,923.013801
1576,923.013801
1600,923.013801
1637,923.013801
1663,923.013801
1696,923.013801
1738,923.013801
1745,923.013801
1761,923.013801
1773,923.013801
1786,923.013801
1843,923.013801
1848,923.013801
1888,923.013801
1953,923.013801
1957,923.013801
1969,923.013801
1996,923.013801
2017,923.013801
2030,923.013801
2035,923.013801
2058,923.013801
2077,923.013801
2084,923.013801
2118,923.013801
2124,923.013801
2161,923.013801
2190,923.013801
2191,923.013801
2257,923.013801
2284,923.013801
2286,923.013801
2295,923.013801
2296,923.013801
2315,923.013801
2365,923.013801
2490,923.013801
2494,923.013801
2550,923.013801
