Evaluations,Fitness
1,8528275.452512
13,8244268.164456
14,6577884.771952
30,5962170.065454
103,5146680.608058
186,5052485.022212
