Evaluations,Fitness
1,15.934551
7,10.692217
9,8.467900
30,5.257924
39,4.264304
40,0.415122
102,0.399123
160,0.397954
235,0.397933
248,0.397892
314,0.397888
334,0.397888
366,0.397888
372,0.397887
390,0.397887
396,0.397887
410,0.397887
458,0.397887
487,0.397887
514,0.397887
516,0.397887
521,0.397887
548,0.397887
567,0.397887
577,0.397887
710,0.397887
757,0.397887
788,0.397887
797,0.397887
816,0.397887
839,0.397887
857,0.397887
871,0.397887
902,0.397887
903,0.397887
904,0.397887
906,0.397887
934,0.397887
940,0.397887
943,0.397887
966,0.397887
1054,0.397887
1146,0.397887
