Evaluations,Fitness
1,787417153.503253
6,691679641.300419
26,683207229.535948
31,239187919.724550
62,180091664.723796
64,170388198.161905
68,147630247.722360
69,140426656.834651
84,139724659.509103
88,136589267.855497
92,108944711.557629
98,92147539.545655
124,89667762.136795
127,84984596.759028
131,77045562.311491
153,73406346.336016
163,67346786.384032
174,65276769.632036
183,57109698.486225
229,56592458.445188
272,56096805.582599
315,56031369.803895
332,55950141.069883
335,55939686.494654
337,55878164.761097
362,55865805.929451
365,55682421.562180
411,55665108.099801
438,55664295.244258
439,55637314.569256
455,55603095.326098
481,55575208.929946
531,55563494.223798
585,55561732.700927
610,55560281.279268
635,55559973.835230
645,55559547.502939
665,55557928.203790
697,55557841.084906
706,55557369.073520
738,55556929.105960
815,55556927.958018
819,55556892.851554
844,55556786.287966
895,55556779.241704
905,55556727.228154
1024,55556724.488915
1061,55556722.931864
1084,55556720.796100
1199,55556720.745399
1235,55556720.679637
1288,55556720.656690
1294,55556720.632311
1297,55556720.614538
1353,55556720.612594
1387,55556720.608466
1397,55556720.606821
1443,55556720.605629
1444,55556720.601538
1477,55556720.601061
1504,55556720.600706
1517,55556720.600627
1533,55556720.600085
1534,55556720.599209
1607,55556720.599118
1648,55556720.599086
1664,55556720.599047
1667,55556720.599044
1694,55556720.599037
1712,55556720.599013
1744,55556720.599007
1777,55556720.598988
1811,55556720.598985
1824,55556720.598982
1834,55556720.598976
1884,55556720.598971
1891,55556720.598970
1895,55556720.598970
1909,55556720.598970
1921,55556720.598967
1955,55556720.598967
1982,55556720.598967
1990,55556720.598966
2006,55556720.598964
2099,55556720.598963
2104,55556720.598963
2110,55556720.598963
2121,55556720.598963
2146,55556720.598962
2164,55556720.598962
2171,55556720.598962
2186,55556720.598962
2188,55556720.598962
2191,55556720.598962
2210,55556720.598962
2237,55556720.598962
2281,55556720.598962
2284,55556720.598962
2336,55556720.598962
2361,55556720.598962
2375,55556720.598962
2421,55556720.598962
2474,55556720.598962
