Evaluations,Fitness
1,21.42795125802565
2,21.21151213562892
4,21.117600181151005
5,21.0726643390201
11,21.06802322895898
17,20.95352312683145
30,20.877297686913707
31,20.612156446967933
91,20.605204972990695
114,20.5852233189533
165,20.547844415099373
204,20.52378541944876
444,20.480720208168886
1626,20.46767114502743
1674,20.11067761026836
2064,20.097487498545043
