Evaluations,Fitness
1,2492.324320
4,2410.288791
14,2289.690616
33,2066.878974
37,1778.637302
53,1735.841974
101,1402.509497
