Evaluations,Fitness
1,[125.57972849]
28,[37.7088178]
39,[33.80725018]
40,[4.09613112]
89,[4.08408089]
234,[3.08945756]
353,[3.02152818]
388,[3.00426278]
965,[3.00255868]
1008,[3.00080376]
1068,[3.00075367]
1070,[3.000734]
1152,[3.00064576]
1278,[3.00042721]
1308,[3.00015238]
1398,[3.00004073]
1548,[3.00003479]
1608,[3.0000319]
1788,[3.00002884]
1848,[3.00002821]
1866,[3.00000817]
2134,[3.00000134]
2328,[3.00000126]
2510,[3.00000114]
2534,[3.00000043]
2864,[3.]
3410,[3.]
3466,[3.]
3650,[3.]
3920,[3.]
4190,[3.]
4340,[3.]
4370,[3.]
4400,[3.]
4490,[3.]
4520,[3.]
4580,[3.]
4640,[3.]
4760,[3.]
4790,[3.]
4820,[3.]
4850,[3.]
4880,[3.]
5000,[3.]
5090,[3.]
5686,[3.]
5758,[3.]
5780,[3.]
5836,[3.]
5896,[3.]
5930,[3.]
6050,[3.]
6110,[3.]
6560,[3.]
6646,[3.]
6860,[3.]
7430,[3.]
11378,[3.]
12728,[3.]
