Evaluations,Fitness
1,492.847683
3,487.335316
4,370.108761
19,358.261179
26,210.620364
39,176.472138
46,8.159194
101,7.874231
254,7.874188
275,7.874159
286,7.874151
295,7.874096
308,7.874078
321,7.831529
426,7.557044
519,7.507176
1254,7.507176
1359,7.507176
1521,7.507176
1581,7.507176
1596,7.507176
