Evaluations,Fitness
30,1001.111544
60,800.379918
90,740.167031
120,666.552242
150,656.343951
180,608.054687
240,594.521591
270,577.185774
300,551.689146
330,550.961634
390,542.132007
420,540.167219
450,534.507729
510,534.000611
540,533.515127
570,533.314082
600,532.909862
630,532.822209
690,532.782608
720,532.687483
750,532.662415
780,532.625555
870,532.512402
900,532.149655
930,532.086309
960,531.339996
990,531.165392
1050,530.995453
1080,530.903966
1110,530.898030
1140,530.890117
1170,530.885091
1200,530.879761
1230,530.871160
1260,530.867613
1290,530.864757
1320,530.863475
1350,530.861532
1380,530.861019
1410,530.860424
1440,530.860060
1470,530.859959
1500,530.859820
1530,530.859706
1560,530.859674
1590,530.859592
1620,530.859553
1650,530.859527
1680,530.859506
1710,530.859506
1740,530.859505
1770,530.859499
1800,530.859491
1830,530.859488
1860,530.859487
1890,530.859485
1920,530.859483
1950,530.859479
1980,530.859478
2010,530.859478
2040,530.859478
2070,530.859477
2100,530.859477
2130,530.859477
2160,530.859477
2220,530.859477
2250,530.859477
2340,530.859477
2400,530.859477
2460,530.859477
2490,530.859477
2520,530.859477
2640,530.859477
2670,530.859477
2700,530.859477
2730,530.859477
2760,530.859477
2820,530.859477
2850,530.859477
2940,530.859477
3030,530.859477
3810,530.859477
