Evaluations,Fitness
1,1009877.000927
8,671541.816730
15,654575.445315
29,494989.105476
37,437460.224020
