Evaluations,Fitness
1,1386.9525330446427
2,1337.5398974372263
10,1281.4135103960416
12,1271.2179767448215
