Evaluations,Fitness
1,1417.594530
4,1385.202182
6,1250.637422
22,1224.925052
66,1177.128455
144,1069.771355
