Evaluations,Fitness
1,2818791.267422
8,2428742.906630
9,490099.126493
21,473909.139422
162,467927.503721
186,287089.358086
