Evaluations,Fitness
1,101867859177.861893
2,6299149798.481756
3,6776216.161083
9,4053827.176994
12,3604088.369659
17,289937.335139
31,123771.986563
33,103826.647250
34,63321.362053
35,1024.083750
36,600.000000
39,405.041161
44,113.339841
47,90.401489
