Evaluations,Fitness
1,426186.615610
305,394199.029374
331,312373.570875
571,280333.408068
