Evaluations,Fitness
1,1405.116952
2,1293.199865
9,1239.010969
31,1201.798955
32,1133.227319
45,1126.172644
51,1122.108127
53,1080.698396
65,1074.171119
67,1053.056907
78,997.473918
103,946.269102
126,936.453439
130,907.112702
135,871.447285
157,837.134095
204,802.029838
221,797.079767
243,784.547894
267,779.517819
273,766.967485
280,760.943604
301,752.583145
304,747.981224
331,745.967749
340,742.957930
363,742.437880
384,741.662164
386,739.697899
393,739.065375
430,739.054843
447,738.945578
453,738.549841
465,737.533894
483,737.399214
504,737.239788
513,736.965314
555,736.547132
630,736.510442
645,736.501705
720,736.498175
743,736.497608
747,736.497518
763,736.495781
780,736.494604
792,736.494568
801,736.494495
813,736.492549
837,736.491993
858,736.488828
872,736.488356
873,736.488113
890,736.485579
906,736.483516
915,736.482826
963,736.482628
982,736.482479
985,736.482310
993,736.482146
1041,736.482040
1043,736.481749
1053,736.481637
1057,736.481446
1070,736.481325
1095,736.481254
1122,736.481234
1126,736.481140
1152,736.481139
1163,736.481096
1173,736.481045
1176,736.481021
1203,736.480998
1236,736.480986
1289,736.480983
1301,736.480983
1305,736.480977
1315,736.480971
1326,736.480970
1369,736.480969
1375,736.480969
1379,736.480968
1386,736.480964
1455,736.480964
1464,736.480964
1483,736.480964
1506,736.480964
1511,736.480964
1514,736.480963
1533,736.480963
1535,736.480962
1536,736.480962
1587,736.480962
1595,736.480962
1626,736.480962
1647,736.480962
1686,736.480962
1701,736.480962
1713,736.480962
1739,736.480962
1761,736.480962
1829,736.480962
1838,736.480962
1870,736.480962
1878,736.480962
1905,736.480962
1907,736.480962
1909,736.480962
1923,736.480962
1924,736.480962
1928,736.480962
1935,736.480962
1957,736.480962
1958,736.480962
1970,736.480962
2008,736.480962
2018,736.480962
2029,736.480962
2054,736.480962
2056,736.480962
2096,736.480962
2103,736.480962
2114,736.480962
2119,736.480962
2147,736.480962
2213,736.480962
2237,736.480962
2239,736.480962
2264,736.480962
2267,736.480962
2282,736.480962
2309,736.480962
2329,736.480962
2357,736.480962
2358,736.480962
2387,736.480962
2407,736.480962
2443,736.480962
2511,736.480962
2591,736.480962
2624,736.480962
2688,736.480962
2707,736.480962
2748,736.480962
