Evaluations,Fitness
1,1521.511982
11,1424.355452
17,1359.101122
31,1077.892753
32,966.129160
36,895.670990
40,894.567269
41,738.998700
61,683.654111
62,587.454509
74,513.847729
79,508.921163
91,477.978009
98,447.306648
100,408.403808
123,396.933400
134,371.980846
158,357.851397
176,338.452904
188,338.363255
200,335.364817
214,334.560700
218,331.454900
241,331.254063
244,329.786084
253,327.890889
274,326.888302
303,326.865229
305,326.851676
306,326.031177
326,325.876527
331,325.741372
363,325.403263
373,324.311426
375,323.065684
444,322.902753
456,322.846776
513,322.839585
515,322.768648
604,322.761496
636,322.758969
641,322.753604
673,322.746075
706,322.743352
755,322.743158
762,322.742926
768,322.741298
833,322.741274
845,322.741159
856,322.741042
875,322.740978
909,322.740974
934,322.740894
947,322.740829
950,322.740803
1037,322.740801
1061,322.740797
1062,322.740790
1091,322.740786
1126,322.740783
1142,322.740783
1146,322.740781
1172,322.740780
1206,322.740780
1210,322.740779
1250,322.740778
1266,322.740778
1279,322.740777
1281,322.740777
1318,322.740777
1325,322.740777
1330,322.740776
1343,322.740776
1400,322.740776
1401,322.740776
1430,322.740776
1461,322.740776
1472,322.740776
1518,322.740776
1521,322.740776
1569,322.740776
1607,322.740776
1609,322.740776
1610,322.740776
1671,322.740776
1686,322.740776
1717,322.740776
1719,322.740776
1720,322.740776
1761,322.740776
1774,322.740776
1781,322.740776
1790,322.740776
1805,322.740776
1806,322.740776
1865,322.740776
1870,322.740776
1901,322.740776
1913,322.740776
1942,322.740776
1947,322.740776
1961,322.740776
1972,322.740776
2015,322.740776
2093,322.740776
2105,322.740776
2152,322.740776
2174,322.740776
2195,322.740776
2308,322.740776
2316,322.740776
2318,322.740776
2441,322.740776
2481,322.740776
3065,322.740776
