Evaluations,Fitness
1,1838.135710
2,1552.368599
3,1489.313984
5,1427.936544
6,1390.087496
33,1205.628351
57,1192.456225
