Evaluations,Fitness
1,1250.849741
2,1246.450294
3,1076.012470
4,1071.490685
6,1067.914277
11,1034.777944
12,960.727244
41,950.633102
