Evaluations,Fitness
1,958604.592553
10,637028.225749
33,540815.384661
40,527587.947471
50,516972.204393
55,443262.759204
