Evaluations,Fitness
1,86.864251
4,29.866589
65,26.945139
66,9.807313
125,9.804689
152,9.804041
156,9.803902
177,9.803899
182,9.803899
186,9.803898
212,9.803898
219,9.803898
292,9.803898
309,9.803898
352,9.803898
399,9.803898
423,9.803898
436,9.803898
453,9.803898
526,9.803898
599,9.803898
698,9.803898
799,9.803898
923,9.803898
1141,2.988555
3953,2.988555
