"Evaluations","Fitness"
1,0.00200000051759817
8,0.00200000009358964
13,0.00200000001400635
23,0.0020000000015139
1308,0.0020000000006778
1639,0.00200000000066117
2415,0.0020000000006349
2943,0.00200000000059231
6222,0.00200000000056701
11071,0.00200000000012792
22511,0.00200000000007407
35607,0.00200000000001927
