"Evaluations","Fitness"
1,7332.71437269904
3,346.029380098293
6,44.8654836924087
242,42.8915898530444
486,39.0844587692388
963,21.6813034600712
1283,7.96770428160493
1759,7.23018533920984
2637,6.91086705381363
2920,6.02305620456145
2944,4.31597111711526
3322,3.89781783724789
3774,3.11118337123578
4774,3.05646811765796
6608,3.03112616773901
7486,3.01657253075321
17982,3.00659200710431
18741,3.00243253294619
24274,3.00111367570459
25411,3.00037360329707
37765,3.00021192118869
