"Evaluations","Fitness"
1,21.5529582690121
3,21.0559256217165
128,21.0256118322936
765,20.9743563974708
3536,20.953783160132
4536,20.9473465443861
5036,20.855452283102
5795,20.8274058303291
8310,20.8241627507848
9072,20.8237575375013
9465,20.782728655397
10465,20.7786808436799
10843,20.7496452221506
11224,20.7199181572316
12986,20.6931055414587
15641,20.6702301450109
16022,20.6470812624318
16781,20.5942805589288
17540,20.550017810658
17918,20.5436446496516
19677,20.5230237298932
20677,20.5185398468339
21177,20.4888820906099
21555,20.4835659919425
22320,20.4813168665579
30591,20.4435948302729
30972,20.4397932431817
31761,20.42571312659
33401,20.4032077237852
35645,20.350996078654
37452,20.328410219239
37830,20.3260515302546
38589,20.312403267935
39089,20.2598056434705
41107,20.2468740055717
43131,20.2445571937085
43509,20.2415503271521
44774,20.2257301816529
46036,20.2207312985544
46798,20.2152620360592
47298,20.2136675678511
