"Evaluations","Fitness"
1,21.3825601520902
3,21.2724783051605
4,21.1821268325718
20,21.1523035075074
34,21.1521190972348
70,21.0216525451409
454,20.9847340209943
954,20.9646209103468
1454,20.9422016796601
1954,20.9328561822804
2832,20.9229891197404
3710,20.8988555340999
4588,20.860144700691
7103,20.8568459817181
7487,20.8405487139151
7865,20.7838668064354
10505,20.7617853454958
12264,20.74882867566
13520,20.7349435039642
16038,20.7335395162277
16916,20.6851425510818
17675,20.6656059884659
18431,20.6636551292088
19431,20.6460978969061
19746,20.6212644674969
20312,20.6145006619547
21508,20.609269792008
22008,20.6017137069294
23008,20.5961479237757
24008,20.5742814491529
27026,20.5353743815863
30803,20.5213011437651
31681,20.4986878174122
33440,20.4118906451723
36333,20.3781161406742
36714,20.3763825838555
38351,20.3726548471816
38851,20.3616714148489
39607,20.2773280979458
42366,20.2723036999923
44625,20.2550117689519
45625,20.2499530531872
46509,20.225131135032
48024,20.154175275149
48402,20.1084343490047
48786,20.0804565738573
