"Evaluations","Fitness"
1,0.00200000976488677
2,0.00200000075598383
7,0.00200000009335341
9,0.00200000001148563
48,0.00200000000600093
411,0.00200000000228437
488,0.00200000000202406
1260,0.00200000000118006
1819,0.00200000000057088
8057,0.00200000000056834
8977,0.00200000000056662
11562,0.00200000000013558
26577,0.00200000000006082
49260,0.00200000000002642
