"Evaluations","Fitness"
1,3.28448293097225
11,2.0730017182002
30,0.62563945585692
185,0.616008759617301
3882,0.449927756780953
4401,0.422933069410147
5578,0.417741712859888
6044,0.407401895231576
6369,0.399887920401317
13173,0.399809567536005
14929,0.399491536990727
15810,0.399460782457021
16191,0.399188265467396
19968,0.399167799431508
20329,0.398171270401752
33917,0.397961259158539
35295,0.397889428036898
49784,0.397888633281937
