"Evaluations","Fitness"
1,119.53137552065
2,24.2453115505289
10,20.0752964369416
22,9.01341950351818
24,3.65855939474119
27,2.4019494998498
86,1.0960048395394
1395,0.746762457013707
3283,0.450781189766023
4482,0.412581930286061
9453,0.399682103136778
17953,0.39905049335621
27070,0.398861198283013
27138,0.398508506492577
30589,0.397934840744297
34568,0.397895571846847
44673,0.397890131159983
47825,0.397887875530158
