"Evaluations","Fitness"
1,1916.54500193748
2,353.995561205717
8,203.930462812906
13,179.911966431144
24,30.2886332626952
26,22.2335851478983
197,5.51588164914562
2523,4.11521229784487
2628,3.02786165171057
14578,3.01508293552687
14851,3.00782638380368
16866,3.00088972391299
28747,3.00067892294976
31466,3.00008131258428
39401,3.00008099557809
42297,3.00001463991779
48848,3.00000461576894
