"Evaluations","Fitness"
1,364.173897762893
17,56.4749422307941
49,12.3734195358107
107,4.56569239773872
905,4.1979102884298
2744,4.03766829279918
3924,3.72579843949351
4009,3.09669495556189
9251,3.03256207535684
10173,3.01530330726695
21091,3.00984427776776
21847,3.00460722561416
22562,3.0035491162939
23638,3.00238150262599
24894,3.00133886120009
25737,3.00031946661957
38164,3.0002020815997
39996,3.0000859074625
43392,3.00002283147752
