"Evaluations","Fitness"
1,0.0140815654610941
2,0.00283433791180183
3,0.00200114828717178
4,0.00200000468997291
10,0.00200000267177348
11,0.00200000225294093
27,0.00200000201634127
35,0.00200000186884827
52,0.0020000000027972
205,0.00200000000160868
531,0.00200000000118084
