"Evaluations","Fitness"
1,305062.387221987
2,293275.638618613
11,282399.603958868
15,249222.074275997
239,248677.422789907
339,232786.22261889
523,232578.530649858
623,230626.256125995
627,222242.875644104
1401,216527.38039809
1664,214952.088638487
2252,210953.194453543
2310,200501.544980797
2443,194321.659193567
2464,191948.023688864
2639,166442.68587344
3067,163264.915033561
3177,160326.550679677
3608,139915.161986557
5711,116342.885767347
6153,109439.120362421
6689,101707.414044501
7694,100782.979105222
8031,88575.4937105783
10000,86690.0319091688
10082,81952.2389708076
10100,81841.6820126608
10701,79116.3371325924
10801,74680.6921464958
11416,73442.6292152444
12052,70106.6291908461
12486,66430.1869776858
12951,60622.4151616236
14342,58597.1331438589
14794,55601.2066193466
15382,52053.5409495257
15687,49242.2854605655
16133,48373.5554503857
16411,47200.8008999275
17500,45855.8616907791
17606,40409.0982755594
18698,34820.5286318704
19598,34481.9318645898
21376,32623.1820662729
21987,27097.2459378626
22271,25600.7506678993
23626,20134.5853958914
25423,18979.8177238213
27051,15833.9952170942
28888,15025.1083960791
30659,13381.0874079532
33066,13247.7494102316
33233,12914.4510612379
33974,11155.1414185146
36066,10059.7483181358
36665,9642.21855487322
37424,9481.33685154216
37895,9149.52596545779
39065,7850.32530926791
39165,7700.45110302376
41047,7391.89201032049
42380,7325.59470299685
42807,6706.65091031411
42982,6607.76019454512
43109,6435.77099076278
43428,5565.87990820241
43859,4515.72312052335
