"Evaluations","Fitness"
1,37214500.6112423
2,7785212.4571816
4,6342998.07346121
5,3745321.86349327
9,3214861.11568292
12,2925897.05693408
14,2059201.2937404
16,1385348.29835888
22,755355.159940597
43,680144.364935706
335,641935.463983344
788,539829.00011973
3326,514866.925707655
3675,383619.949761737
9758,374578.871491839
12680,355609.790906115
20275,337267.49782744
29272,306397.97095929
37654,280647.529223017
38482,265991.578345734
38500,254497.99117684
