"Evaluations","Fitness"
1,0.00200002040052805
2,0.00200000399084449
15,0.00200000256846389
16,0.00200000122552132
52,0.00200000003797877
56,0.00200000002480416
57,0.00200000000524464
215,0.00200000000448675
351,0.00200000000318012
840,0.00200000000194637
