"Evaluations","Fitness"
1,10412701.7696684
2,7279768.9582583
7,7157380.76332972
14,7079280.59826527
461,6983819.45699214
618,5993872.65947712
652,5750774.48210591
755,5709567.81069481
1392,5653639.86967573
1580,4906312.4967599
2711,4855542.86505598
3097,4621931.84490935
3501,4619980.33666355
4268,4251688.5294403
4519,4112020.73710254
5034,3432216.02447932
5633,3173376.90556684
6218,2990162.6528855
6767,2894978.47405426
8200,2705828.24667047
8468,2151299.84468337
10231,2113673.14695234
10412,2045082.30881689
10714,1570293.11676586
13652,1568416.94063713
13739,1444621.26715061
14610,1356892.89315098
15230,1204333.50307101
15546,1138894.95910086
16501,1094855.38525789
16570,834751.805011148
17620,772261.260775354
19544,761178.188446234
21326,747323.216588257
22431,706452.54869441
22561,689072.654169303
23625,595821.598204208
23794,564404.70850837
26487,550558.301596803
26627,438537.499455431
26908,433410.699213638
27527,411900.30203115
28593,395131.615273608
28693,392035.20421079
28737,383388.095227241
29462,337719.032711096
29636,291820.792622929
32475,283101.944134244
32941,278903.94574402
34149,269993.421237243
34565,268092.329001223
36230,254377.974618826
38463,242698.203488539
38636,240420.030310347
38798,236865.922409937
39672,236610.240657764
39685,235051.749197133
39689,217705.447319976
39789,213632.762338759
39825,184270.205028307
40731,150430.713348626
42839,142707.215292787
44466,140075.902188518
44472,128140.021568272
