"Evaluations","Fitness"
1,3.33408371369353
19,0.952299257346638
21,0.500036137006173
26,0.40412233435003
971,0.403057133517125
1276,0.399495988159254
2794,0.399184619431525
3662,0.398367566593132
3694,0.398178466311574
3841,0.397995912808737
5049,0.397937648312926
5157,0.397897868986123
5320,0.397893283718721
5781,0.397888971694387
7281,0.397888442491107
7419,0.397888069012627
7438,0.397887792859336
7721,0.397887502461323
8456,0.397887401380713
9054,0.39788737826701
9096,0.397887376656142
9546,0.397887367887311
10284,0.397887359143505
11166,0.39788735773687
13874,0.397887357736682
14030,0.397887357733135
14182,0.397887357729786
16554,0.397887357729783
17012,0.397887357729761
17031,0.397887357729759
18075,0.397887357729747
18206,0.397887357729745
18388,0.397887357729738
