"Evaluations","Fitness"
1,3884117.50644525
2,2059700.54265498
5,1974379.37029934
7,766345.542965832
302,631317.204302948
988,529978.218376752
3381,492287.35947261
3481,460210.30550644
6171,438880.902163501
7131,350289.707648366
7231,348317.261032593
8778,300031.851421767
11734,281762.05693387
19271,277169.081225393
25679,269483.007106018
28382,200224.366108295
