"Evaluations","Fitness"
1,2.76575929087541
7,2.13913999207556
8,0.896270102017962
58,0.494405991994263
239,0.413060461452757
980,0.408683738099594
1139,0.400048110575716
2776,0.399647577603062
2795,0.398823825095841
2928,0.398140995036542
3521,0.397898798355687
5050,0.397889894486767
5350,0.397889561833312
6847,0.397887733428494
7412,0.397887513663845
8004,0.397887408141113
8458,0.397887365077629
9666,0.397887358654433
10266,0.397887358354629
11946,0.397887358132381
12215,0.39788735790936
12687,0.397887357906804
12808,0.397887357823009
12971,0.397887357742343
14045,0.397887357739142
14320,0.397887357737442
14487,0.397887357731509
14785,0.397887357731408
15354,0.397887357730463
15818,0.397887357729912
16135,0.397887357729903
16289,0.397887357729775
16852,0.397887357729743
17452,0.39788735772974
18837,0.397887357729738
