"Evaluations","Fitness"
1,316527.834267159
2,243845.450352227
29,238085.847638737
328,210747.379554479
396,196066.740544517
952,190651.517416993
1448,183385.87400178
2646,181761.337541601
2746,172522.657684464
3529,154465.696020371
3678,144977.413678301
4052,143894.266753056
4696,127653.75110287
5462,115640.720301965
6167,100555.075522912
7129,99232.5985662542
7560,84184.5454843595
8572,75120.8857164461
8945,74463.7475043193
9095,68016.6039511155
11482,58813.4565234458
13294,52131.6716544694
14950,43573.4654372854
16579,36676.8234009468
17029,34632.6382007041
21100,33922.3054398678
21389,30379.6619634597
22834,29202.560553489
22869,27166.8986432354
24068,27140.0007338101
24092,25121.617214221
24519,24315.4683237796
24619,23812.4600360151
25130,19974.3437549536
26169,18114.2764648818
28898,14077.713498048
35022,12135.3650220902
35451,11648.522665999
35475,10355.2873625556
36077,10320.1144537045
36501,9703.35537787387
36834,9423.15802858787
37101,9075.59785140263
39677,8115.12471738128
40404,7470.77810042242
42235,7189.61015129303
42656,6982.55402562512
42835,5761.88204117983
43432,5754.81972493178
44934,5478.40219773221
