"Evaluations","Fitness"
1,21.6575615600278
2,21.625982860166
3,21.2539757384321
9,21.1322967111291
510,21.0976524345958
658,21.0129868452317
758,20.8274906707458
5189,20.5902498464662
5289,20.4918707913591
10571,20.3955219176284
12308,20.3805692557204
12382,20.3448631804865
12529,19.9956181269099
14308,19.8933989771436
15336,19.8609385956418
15374,19.8162173586789
15541,19.7362779928885
15641,19.6696816985296
16972,19.6426847215213
17603,19.4533151901296
18074,19.4195940919876
18174,19.223301160603
20045,19.2146453408512
21832,19.0371617347556
22100,18.9163067984593
22555,18.825068464344
22874,18.7520791647837
23014,18.6794611267052
23114,18.6387606539754
23332,18.5706446251594
25298,18.5290540960241
25436,18.0398942774286
25595,17.867967903193
25886,17.5953122871951
27069,17.4145353337273
28424,17.3758058621099
30615,17.1767376566089
30838,16.9106343016654
31436,16.8402879148737
31536,16.6381670382765
33668,16.5807621166907
33980,16.4465825897581
34566,16.1481504912289
36666,15.5722293286939
36983,15.2575786794158
38183,14.8503613883671
41938,14.5724373442368
42391,14.4190285833187
42692,14.1037229949507
