"Evaluations","Fitness"
1,6329889.19235758
2,3713682.82920787
3,2550894.8000788
7,2207925.05139019
9,529075.655721133
611,406624.452899721
1391,364475.050441539
3080,364250.70996943
6464,333851.658792969
7113,275540.899591361
7213,227726.054425742
23133,191579.970061883
