"Evaluations","Fitness"
1,36.4779451689381
2,14.9136255795601
4,1.17608200337002
14,0.401291550274438
1864,0.398771848728749
2911,0.398511075351054
3657,0.398133304562501
4438,0.397950113042491
5161,0.397893028075119
6055,0.397888890634004
6682,0.397888781908811
8627,0.397888481073979
8945,0.397887374413976
11168,0.397887373957818
11178,0.397887361360073
11635,0.397887360441857
11789,0.397887360089387
11933,0.397887359143956
12075,0.397887357863699
12084,0.397887357777453
13560,0.397887357767528
14158,0.39788735775776
14481,0.397887357747193
14925,0.397887357742144
14940,0.397887357734986
15093,0.397887357733422
15233,0.397887357731296
15539,0.397887357731008
15833,0.397887357729974
17499,0.397887357729969
17632,0.397887357729788
18223,0.397887357729756
18523,0.397887357729747
18663,0.397887357729738
