"Evaluations","Fitness"
1,-2.99067759202564
18,-3.21374894895215
28,-3.28107903276275
33,-3.5392148551787
593,-3.58400598964548
792,-3.60443653482701
813,-3.76122257981606
1051,-3.7867930632509
1246,-3.82422865507958
1805,-3.83218570205485
2184,-3.83898180123216
2646,-3.84036690169531
2991,-3.84490294169214
3369,-3.84719088703498
4190,-3.84760880940852
4242,-3.85489037658163
4583,-3.85581928196149
9693,-3.86116647413376
15213,-3.86227318882205
15616,-3.86271180649677
17675,-3.8627123385123
