"Evaluations","Fitness"
1,-0.697205551169196
2,-0.904399746791297
3,-2.9831817357909
8,-3.01531675386648
45,-3.27999812607891
49,-3.68508318945045
427,-3.847887272072
1633,-3.84950311402244
1973,-3.85987217783991
2269,-3.86062856207202
2842,-3.86115572590505
3214,-3.8612201360757
8764,-3.8613742255145
11172,-3.86143761587592
11852,-3.86144453141281
15213,-3.86177787491493
18707,-3.86177819733144
24411,-3.86177872762993
26036,-3.8619102109273
26279,-3.86191079380722
29387,-3.86197282038395
