"Evaluations","Fitness"
1,139299.435620343
2,73160.9903148076
3,1003.47672851648
4,654.107439766023
5,473.245481870252
17,260.417363298386
45,33.6301339978363
54,31.5780998520566
480,4.35661058150056
6626,4.29040995013299
8066,3.89165936430298
10231,3.2391562424245
12708,3.19551518723083
18193,3.1622219221911
25095,3.09632270221471
