"Evaluations","Fitness"
1,7723.16513075659
3,461.958201627515
9,93.7751202381246
40,87.2765877432146
235,67.0623233944891
1019,61.5845296673824
1035,29.6176395167639
1472,13.5374802508902
1817,12.9329557043334
1877,12.314349610003
3205,11.0803032304734
4546,9.2444304622535
5326,5.03560808416888
6714,4.90623683607623
7894,4.49602131766392
8573,3.87708922118449
9617,3.08413886779957
25621,3.00297359680195
