"Evaluations","Fitness"
1,7341.65728409283
3,153.270958377288
13,153.085221901807
27,5.54561533663701
3964,3.90028662791461
4790,3.74874878924468
7348,3.51232955185814
8682,3.49702822365116
11377,3.14468705259785
12353,3.0049493980372
27554,3.00405467759029
