"Evaluations","Fitness"
1,-0.278712516259794
2,-0.607038348159815
4,-1.14542700598616
7,-1.92518114424107
14,-2.41305404216229
21,-2.65470436175729
29,-2.8917422961225
58,-3.18409877836599
79,-3.54982572065324
485,-3.60900448984849
678,-3.65582557052483
1027,-3.70884245178723
1235,-3.73313847045492
1446,-3.80269612338295
1996,-3.85130552836953
3476,-3.8513075043927
9374,-3.86146546866997
18178,-3.86147335975282
21336,-3.86148086534719
23069,-3.86171864011018
