"Evaluations","Fitness"
1,1632.41236667551
7,330.551386068089
9,21.3308036250924
44,9.84388181406564
3419,5.4923022362873
6977,5.31706419007681
9570,4.49492832163775
15730,4.47841231420616
17755,4.40512068280681
22596,4.40364215071484
22653,3.54290728184027
24514,3.52713747947942
25818,3.50169961439731
