"Evaluations","Fitness"
1,36.8324439799694
2,8.89676587259192
5,1.01368498645743
11,0.988934035997096
16,0.914265387264724
41,0.552450610553626
88,0.481201005524552
471,0.4221588995798
1866,0.419034575897067
2975,0.412139145558353
4404,0.400108842890942
9473,0.399920515073166
13695,0.398177278894803
15615,0.397989218287758
20198,0.397891059550629
