"Evaluations","Fitness"
1,-0.587837302184951
2,-3.76582249199553
1226,-3.78494007445939
1786,-3.83626975732595
1966,-3.85101897334541
2055,-3.85157460593202
2163,-3.85510395041492
2178,-3.85600701850491
2251,-3.85613264590417
2393,-3.85870882533802
2430,-3.86078784179524
2948,-3.86191293381331
3160,-3.86202103834473
3183,-3.86205161273739
3216,-3.86234918232186
11926,-3.8623588126018
19540,-3.86272894329926
