"Evaluations","Fitness"
1,-0.646602408157578
2,-1.24730061289286
3,-1.41776460679547
19,-3.50475227688006
59,-3.54200908859023
77,-3.57224157179735
254,-3.7033825013356
616,-3.71982836662976
1063,-3.83478098282535
1467,-3.83886240497994
2180,-3.85204706473797
2424,-3.85531570573116
2810,-3.85551575400443
3471,-3.85813592648037
3947,-3.85834999858707
6102,-3.86242178192831
15017,-3.86276463690064
