"Evaluations","Fitness"
1,169921.982044428
2,9912.05636468105
6,6965.72093156356
7,1372.74748444138
9,1064.25787470294
12,367.855321423721
13,57.2833566140535
31,15.8658749605428
36,3.86582955594344
4709,3.01544339754227
