"Evaluations","Fitness"
1,0.00200026494282901
2,0.00200005987747903
4,0.00200002596750204
9,0.00200000104749484
18,0.00200000102703431
34,0.0020000005905437
