"Evaluations","Fitness"
1,21.4268099262617
2,21.2816727016109
10,21.279412568961
20,21.1955275900789
35,21.1303839678396
37,21.0776552661318
50,21.036462783257
55,20.9182801727682
62,20.8829769040757
94,20.7627722811302
101,20.716062770876
128,20.5657025509424
131,20.5263024490265
143,20.0456849117087
173,19.851500821436
193,19.7557797934542
194,19.6729325514177
221,19.394364799352
251,19.3688219743319
258,19.3436308565979
268,19.3184130171164
317,19.2063139293946
328,18.9121186736651
333,18.8571382847756
393,18.8066119917195
405,18.5651723410226
439,18.5245839456807
449,18.508279998798
468,18.4743533424225
506,18.2432222020639
519,17.7972447924512
568,17.5571457596045
598,17.541313936842
623,17.4302789591421
624,17.3884691619317
626,17.1727897409504
630,15.4078749721137
1154,15.3425882698649
1584,15.2068324442352
1727,15.1758602056823
1792,15.127378645768
2008,14.7703221405013
2203,14.6517602103236
2245,14.440948784208
2319,14.1320025724358
2882,13.6478979035573
4352,13.6401201805025
4437,13.6322860434965
4722,13.5676583833954
4826,13.4194457997934
5024,13.3205522694071
5444,13.252206782842
5594,13.2152309689137
5661,13.1859183430874
6530,13.1648402669967
6585,12.9623035010098
6784,12.9364293648276
6812,12.6146509035142
6961,12.5239493875334
7281,12.501086357671
7346,12.4975668744497
7678,12.4813178092775
8013,12.4103992270384
8143,12.392101471771
8301,11.7957869799389
10342,11.794365579907
10422,11.7228034861524
11215,11.6992882288069
11270,11.6274730910283
11438,11.6252630680144
11579,11.5748107867118
11773,11.5697585968057
11804,11.5521020810089
12055,11.5412201432142
12088,11.4886120618256
12152,11.4149460643307
12867,11.3934113857833
13070,11.3903129281779
13198,11.3559268032504
13704,11.3080150317091
13904,11.2843756827319
13914,11.231830491887
14029,11.2262712415399
14098,11.2040332784289
14622,11.1793346881388
14659,11.1198006539115
14736,11.1008692984625
14751,11.0837463963443
14760,11.0377186423981
14767,11.0330242437991
14794,10.9910391785649
14802,10.9747610898568
14808,10.9735242442781
14821,10.9302221620623
14862,10.9260342512863
14869,10.9228006452914
14891,10.9039032517566
14904,10.8943654101176
14911,10.871067429552
14918,10.8512463173442
14927,10.8494354953311
14942,10.8474962210109
14943,10.8396822074893
14946,10.8369530760014
14947,10.8357246417316
14969,10.8318293235362
14975,10.8229944057109
14985,10.815162174072
14999,10.8140014930692
