"Evaluations","Fitness"
1,40.5994692952403
3,27.0940820286928
5,22.8246414832261
6,21.4769603611208
7,1.44163806500735
40,0.52163320077349
448,0.463506710275269
712,0.428206579669824
829,0.398391931374338
9565,0.398225261934101
11745,0.3980349583991
13321,0.397925671320344
14392,0.397914067406028
14764,0.397887478628759
15002,0.397887418789571
