"Evaluations","Fitness"
1,12.6765799077725
4,7.68834796782987
9,3.81746524184358
15,1.21761596820779
42,1.16922415239032
74,0.868247460657491
139,0.399377438432722
4281,0.398063135496466
9393,0.397921423621403
14646,0.39788903585862
15001,0.39788749895976
15004,0.397887486179094
