"Evaluations","Fitness"
1,0.00200864068877591
2,0.00200000637148416
6,0.00200000324349739
13,0.00200000221868472
20,0.00200000214948126
30,0.00200000190654226
32,0.0020000005905437
41,0.0020000005905437
