"Evaluations","Fitness"
1,21.594463368936
2,21.460859852341
6,21.2518916769004
25,21.2259196703577
33,21.1328839616521
38,21.0426239030952
48,20.9302342996742
65,20.7993769934251
98,20.5392713850628
109,20.496184300724
131,20.2323183536957
147,20.194384001068
177,20.0215880743863
224,19.8667020562556
226,19.5728091731988
240,19.4763308499068
260,19.4252555722262
286,19.2879217032114
289,19.1919730755523
317,18.9946372931908
344,18.7495877362018
368,18.7387560048408
396,18.6270586771812
411,18.3774692906722
424,18.0944776755153
462,17.2858568448738
579,17.2033949951953
634,17.0459569467104
674,16.8731768920483
692,16.814863796976
741,16.7642695671531
782,16.7388481547461
821,16.6044771789648
871,16.4874687782957
903,16.4353243157493
938,15.8793297745944
1083,15.7590232399639
1095,15.6843908213452
1275,15.6767720601371
1385,15.6401158455899
1415,15.2430579837649
1719,15.029052708494
1971,14.8522280450676
2172,14.7945557473065
2360,14.7326286527494
2741,14.5780073698734
3564,14.1854358879985
4954,13.9547934788233
5719,13.7624478230509
6834,13.7135915983434
7520,13.695513005911
7619,13.6597594140689
7724,13.4889766337332
7847,13.4400806777578
8231,13.4351588076433
8718,13.3676233190174
8973,13.2912518474374
9099,13.2809150967873
9398,13.1372950608596
10075,13.1366417400547
10183,13.0398143226177
10261,13.0103051623032
10351,13.0074121904524
10426,12.9380568512441
10926,12.9243624085537
10970,12.8029420930393
12255,12.7536685313864
12273,12.7526275027747
12378,12.7023506323709
12897,12.601326343099
13086,12.5376955737176
13921,12.5082539444915
14051,12.4818262735922
14092,12.4724842615682
14272,12.4106779534066
14372,12.3648834843791
14427,12.3347411888992
14499,12.2956870755625
14548,12.2886556312975
14552,12.2675112108359
14721,12.2018643004986
14756,12.1900622227943
14782,12.1749302866099
14795,12.1361911999121
14815,12.1089436815183
14826,12.0986169283447
14827,12.0827764283836
14845,12.052807073402
14857,12.0337478991291
14866,12.0251405574794
14915,12.0179870424764
14926,12.0169203576938
14930,11.9889801041152
14940,11.9693012845371
14952,11.9676268829985
14961,11.9610431001627
14964,11.9577292996039
14970,11.9493524786351
14976,11.9489732433816
14979,11.9458271889083
14986,11.9434633571405
14989,11.936922273427
14995,11.9350002385679
14997,11.9317474730835
