"Evaluations","Fitness"
1,555.849830240786
2,65.94211268983
12,9.45957276853074
37,4.23445290377059
106,3.53856518664973
120,3.23217476555638
227,3.02926178933468
365,3.01281602349739
404,3.00192786271788
1005,3.00070216934895
2518,3.00055340251874
3136,3.00019136965513
6946,3.00013666632289
8272,3.00010695998582
9221,3.00006526325518
12715,3.00005571643477
12958,3.00005097273948
14960,3.00004937992549
