"Evaluations","Fitness"
1,0.00208739663943818
2,0.00200781805465087
3,0.00200000613067198
20,0.00200000452975038
24,0.00200000260236436
35,0.00200000205119765
44,0.00200000100978233
63,0.0020000005905437
