"Evaluations","Fitness"
1,-0.718803632843185
8,-2.34094191865852
28,-3.49692164217193
73,-3.76768912717248
83,-3.78994320181617
258,-3.84203167138973
1119,-3.85619883545487
1158,-3.86222822827212
9405,-3.86266816875262
14276,-3.86267181012501
14519,-3.86275239308056
14812,-3.86275728378199
14821,-3.86276724313024
14983,-3.86277085314958
