"Evaluations","Fitness"
1,82.7530894442125
3,0.153082192981105
31,-0.555593434298242
124,-0.831689786764897
132,-1.02655278744841
275,-1.02863250472966
308,-1.03105131627886
453,-1.03149243428096
540,-1.03157877470404
2845,-1.03159473723122
6230,-1.03162399999062
9794,-1.03162516423204
13552,-1.03162741287306
13831,-1.03162806403495
14751,-1.03162812095776
14797,-1.03162836138088
14887,-1.03162843054978
14989,-1.03162844235343
15001,-1.03162845343897
15009,-1.0316284534391
