"Evaluations","Fitness"
1,19.15144543644
2,11.7926036466774
3,10.7473233498831
6,4.13936969058349
8,0.741263989746674
104,0.695918765804528
130,0.69279334816278
137,0.51571499528047
263,0.429894129876564
308,0.423730189536538
383,0.412519592057521
570,0.405619604370742
789,0.398177848783233
848,0.398131433518708
1166,0.39788869302533
2973,0.397887735939833
3213,0.39788741019086
4908,0.397887394081554
4909,0.397887384038668
5071,0.397887367759871
5913,0.397887365469126
5970,0.397887363922427
6030,0.397887361924319
6032,0.397887360101407
6033,0.397887358130237
6332,0.397887358012303
6333,0.397887357921293
6848,0.397887357801038
7150,0.397887357788473
7271,0.397887357747642
7631,0.397887357738139
7690,0.39788735773501
8269,0.397887357733719
8328,0.397887357733479
8431,0.397887357731609
8550,0.397887357731006
8710,0.397887357730335
9130,0.397887357729939
9708,0.397887357729742
10789,0.39788735772974
11448,0.397887357729738
