"Evaluations","Fitness"
1,0.0020002518438789
2,0.00200000667788483
7,0.00200000146163815
11,0.00200000113987366
1552,0.00200000113155826
1576,0.00200000107487797
1612,0.00200000104179199
1636,0.00200000099992727
1672,0.00200000096719605
1696,0.00200000093405268
1732,0.0020000008974395
1756,0.00200000084571201
1760,0.0020000008366706
1792,0.00200000079896165
1816,0.00200000075675998
1820,0.00200000073824408
1852,0.00200000070111997
1876,0.00200000068844085
1880,0.0020000006423744
1912,0.00200000060712171
1936,0.00200000059519995
1940,0.0020000005905437
