"Evaluations","Fitness"
1,0.00200000267221853
8,0.00200000266345035
9,0.00200000143766564
1594,0.00200000142819896
1622,0.00200000137969907
1654,0.00200000132916601
1682,0.00200000128180612
1714,0.00200000125898583
1742,0.0020000012060682
1774,0.00200000116378542
1802,0.00200000111148479
1834,0.00200000106930108
1862,0.00200000101728896
1894,0.00200000097380369
1922,0.00200000092076188
1954,0.00200000090354466
1982,0.00200000084464474
2008,0.00200000083128279
2014,0.00200000082288159
2042,0.00200000077238481
2068,0.00200000073291181
2074,0.00200000072461543
2102,0.00200000067524387
2127,0.00200000063611445
2134,0.002000000629373
2162,0.00200000059477228
2169,0.0020000005905437
