"Evaluations","Fitness"
1,0.0020000259164698
2,0.0020000010680691
25,0.00200000078831307
1847,0.00200000078114317
1901,0.00200000073974096
1907,0.00200000068374393
1961,0.00200000064380659
1967,0.0020000005949707
2021,0.0020000005905437
