"Evaluations","Fitness"
1,4502.15564687106
5,973.014336932493
6,167.37736151039
9,63.1515948194638
24,54.2639997970084
77,8.84370228435831
198,5.84996882478582
468,5.46880867079078
521,4.41185490984571
667,4.23166750230959
693,3.02777583908103
1361,3.02452311882494
1417,3.01078917242383
1935,3.00905225666873
1994,3.00783472938187
2523,3.00323195691583
2654,3.0020256012519
2940,3.00025677015109
3233,3.00006266113191
3522,3.0000244103494
4318,3.00000412670859
4535,3.00000048844025
5355,3.00000013299583
6015,3.00000008956826
6074,3.00000003218649
6555,3.00000000790112
7155,3.00000000558732
7395,3.00000000524251
7438,3.00000000024871
7695,3.00000000003309
8595,3.00000000003285
8654,3.00000000000565
9825,3.00000000000304
9884,3.00000000000217
10198,3.000000000001
10844,3.00000000000064
11385,3.00000000000015
11564,3.00000000000009
11699,3.00000000000007
11805,3.00000000000006
11879,2.99999999999995
12598,2.99999999999995
12838,2.99999999999994
13438,2.99999999999994
13558,2.99999999999994
13979,2.99999999999993
17574,2.99999999999992
19563,2.99999999999992
