"Evaluations","Fitness"
1,0.592792909669072
21,0.544289413980755
77,0.521382512663262
166,0.44974874840875
398,0.420366181439027
487,0.408085067987127
752,0.404287211651528
762,0.403216320290754
872,0.403205506730309
1300,0.402064703120001
1363,0.398501561247906
1610,0.398044090897358
2322,0.397900196495293
2348,0.397889573105761
3043,0.397888070238785
3358,0.397887614463921
3643,0.397887462109058
3702,0.397887421200517
3763,0.397887411018141
4123,0.39788740811667
4439,0.397887368142563
4498,0.397887366387863
4559,0.39788736585292
4618,0.3978873623876
4679,0.397887361067058
4739,0.397887357911014
4798,0.397887357765256
5039,0.397887357762674
5098,0.39788735774126
5159,0.397887357734822
8446,0.397887357733014
9287,0.397887357732209
9788,0.397887357731779
10259,0.39788735773045
11279,0.397887357730434
11807,0.397887357729761
12179,0.397887357729758
12359,0.39788735772974
13139,0.397887357729738
